{
  "info": {
    "name": "APIMATIC API Transformer Transform API Descriptions from/to various formats",
    "_postman_id": "c2be137c-d19d-4def-8734-6f2c54e33525",
    "description": "Transform API Descriptions from/to various formats e.g., Swagger, API Blueprint, RAML, WADL, Google Discovery, I/O Docs.\n\n### INPUTS\n* API Blueprint\n* Swagger 1.0 - 1.2\n* Swagger 2.0 JSON\n* Swagger 2.0 YAML\n* WADL - W3C 2009\n* Google Discovery\n* RAML 0.8\n* I/O Docs - Mashery\n* HAR 1.2\n* Postman Collection 1.0 - 2.0\n* APIMATIC Format\n* Mashape\n\n### OUTPUTS\n* API Blueprint\n* Swagger 1.2\n* Swagger 2.0 JSON\n* Swagger 2.0 YAML\n* WADL - W3C 2009\n* RAML 0.8 - 1.0\n* APIMATIC Format",
    "schema": "https://schema.getpostman.com/json/collection/v2.0.0/"
  },
  "item": [
    {
      "name": "API Definition",
      "item": [
        {
          "id": "013eaa6a-c96f-473f-b825-4b5f60e42965",
          "name": "ConvertAPI",
          "request": {
            "url": "http://apimatic.io/api/transform/transform?format=%7B%7D",
            "method": "POST",
            "body": {
              "mode": "urlencoded",
              "urlencoded": [
                {
                  "key": "url",
                  "value": "{}",
                  "disabled": false,
                  "description": ""
                }
              ]
            },
            "description": "Transform API Descriptions from/to various formats e.g., Swagger, API Blueprint, RAML, WADL, Google Discovery, I/O Docs.\n\n### INPUTS\n* API Blueprint\n* Swagger 1.0 - 1.2\n* Swagger 2.0 JSON\n* Swagger 2.0 YAML\n* WADL - W3C 2009\n* Google Discovery\n* RAML 0.8\n* I/O Docs - Mashery\n* HAR 1.2\n* Postman Collection 1.0 - 2.0\n* APIMATIC Format\n* Mashape\n\n### OUTPUTS\n* API Blueprint\n* Swagger 1.2\n* Swagger 2.0 JSON\n* Swagger 2.0 YAML\n* WADL - W3C 2009\n* RAML 0.8 - 1.0\n* APIMATIC Format"
          },
          "response": [
            {
              "status": "OK",
              "code": 200,
              "name": "Response_200",
              "id": "9a2156df-9189-4c68-810a-fd8636403a2d"
            }
          ]
        }
      ]
    }
  ]
}