{
  "info": {
    "name": "BC Route Planner Get the path, distance and travel time between a series of geographic points",
    "_postman_id": "3dbdc2b9-09f3-4599-899d-726392a1ae13",
    "description": "Represents the geometry, distance, and time of the shortest or fastest path between given start and end points.",
    "schema": "https://schema.getpostman.com/json/collection/v2.0.0/"
  },
  "item": [
    {
      "name": "Directions",
      "item": [
        {
          "id": "b69fc76d-d0c4-40d5-8de6-7ed9cee9d8c3",
          "name": "represents-the-turnbyturn-directions-geometry-distance-and-time-of-the-shortest-path-or-fastest-path",
          "request": {
            "url": {
              "protocol": "http",
              "host": "router.api.gov.bc.ca",
              "path": [
                "directions.:outputFormat"
              ],
              "query": [
                {
                  "key": "criteria",
                  "value": "%7B%7D",
                  "disabled": false
                },
                {
                  "key": "distanceUnit",
                  "value": "%7B%7D",
                  "disabled": false
                },
                {
                  "key": "outputSRS",
                  "value": "%7B%7D",
                  "disabled": false
                },
                {
                  "key": "points",
                  "value": "%7B%7D",
                  "disabled": false
                },
                {
                  "key": "routeDescription",
                  "value": "%7B%7D",
                  "disabled": false
                }
              ],
              "variable": [
                {
                  "id": "outputFormat",
                  "value": "{}",
                  "type": "string"
                }
              ]
            },
            "method": "GET",
            "body": {
              "mode": "raw"
            },
            "description": "Represents the turn-by-turn directions, geometry, distance, and time of the shortest path or fastest path between given start and end points"
          },
          "response": [
            {
              "status": "OK",
              "code": 200,
              "name": "Response_200",
              "id": "4f8a8062-f971-4d01-9489-d5d97be3a0db"
            }
          ]
        }
      ]
    },
    {
      "name": "Distance",
      "item": [
        {
          "id": "001e039b-e35a-4593-b4f7-4bd0e1039819",
          "name": "represents-the-distance-and-time-of-the-shortest-or-fastest-path-between-given-start-and-end-points-",
          "request": {
            "url": {
              "protocol": "http",
              "host": "router.api.gov.bc.ca",
              "path": [
                "distance.:outputFormat"
              ],
              "query": [
                {
                  "key": "criteria",
                  "value": "%7B%7D",
                  "disabled": false
                },
                {
                  "key": "distanceUnit",
                  "value": "%7B%7D",
                  "disabled": false
                },
                {
                  "key": "outputSRS",
                  "value": "%7B%7D",
                  "disabled": false
                },
                {
                  "key": "points",
                  "value": "%7B%7D",
                  "disabled": false
                },
                {
                  "key": "routeDescription",
                  "value": "%7B%7D",
                  "disabled": false
                }
              ],
              "variable": [
                {
                  "id": "outputFormat",
                  "value": "{}",
                  "type": "string"
                }
              ]
            },
            "method": "GET",
            "body": {
              "mode": "raw"
            },
            "description": "Represents the distance and time of the shortest or fastest path between given start and end points."
          },
          "response": [
            {
              "status": "OK",
              "code": 200,
              "name": "Response_200",
              "id": "439168a3-6e37-4d2e-bffe-81240a73e569"
            }
          ]
        },
        {
          "id": "3c1ddffb-3de4-4121-95e6-05e3dfd46985",
          "name": "represents-the-distance-and-time-of-the-shortest-or-fastest-paths-between-all-pairs-of-frompoints-an",
          "request": {
            "url": {
              "protocol": "http",
              "host": "router.api.gov.bc.ca",
              "path": [
                "distance/betweenPairs.:outputFormat"
              ],
              "query": [
                {
                  "key": "criteria",
                  "value": "%7B%7D",
                  "disabled": false
                },
                {
                  "key": "distanceUnit",
                  "value": "%7B%7D",
                  "disabled": false
                },
                {
                  "key": "fromPoints",
                  "value": "%7B%7D",
                  "disabled": false
                },
                {
                  "key": "outputSRS",
                  "value": "%7B%7D",
                  "disabled": false
                },
                {
                  "key": "routeDescription",
                  "value": "%7B%7D",
                  "disabled": false
                },
                {
                  "key": "toPoints",
                  "value": "%7B%7D",
                  "disabled": false
                }
              ],
              "variable": [
                {
                  "id": "outputFormat",
                  "value": "{}",
                  "type": "string"
                }
              ]
            },
            "method": "GET",
            "body": {
              "mode": "raw"
            },
            "description": "Represents the distance and time of the shortest or fastest paths between all pairs of fromPoints and toPoints. The number of fromPoints times the number of toPoints should not exceed 100 or the request will time out."
          },
          "response": [
            {
              "status": "OK",
              "code": 200,
              "name": "Response_200",
              "id": "f6bc4fe6-8e55-4367-b98a-c0d1aa928d9d"
            }
          ]
        }
      ]
    },
    {
      "name": "Route",
      "item": [
        {
          "id": "a48e41d4-d84b-4939-a144-f044e7e31938",
          "name": "represents-the-geometry-distance-and-time-of-the-shortest-or-fastest-path-between-given-start-and-en",
          "request": {
            "url": {
              "protocol": "http",
              "host": "router.api.gov.bc.ca",
              "path": [
                "route.:outputFormat"
              ],
              "query": [
                {
                  "key": "criteria",
                  "value": "%7B%7D",
                  "disabled": false
                },
                {
                  "key": "distanceUnit",
                  "value": "%7B%7D",
                  "disabled": false
                },
                {
                  "key": "outputSRS",
                  "value": "%7B%7D",
                  "disabled": false
                },
                {
                  "key": "points",
                  "value": "%7B%7D",
                  "disabled": false
                },
                {
                  "key": "routeDescription",
                  "value": "%7B%7D",
                  "disabled": false
                }
              ],
              "variable": [
                {
                  "id": "outputFormat",
                  "value": "{}",
                  "type": "string"
                }
              ]
            },
            "method": "GET",
            "body": {
              "mode": "raw"
            },
            "description": "Represents the geometry, distance, and time of the shortest or fastest path between given start and end points."
          },
          "response": [
            {
              "status": "OK",
              "code": 200,
              "name": "Response_200",
              "id": "ea237556-3fb6-4fe3-80ce-e13512807452"
            }
          ]
        }
      ]
    }
  ]
}