{
  "info": {
    "name": "New York Times Times Tag",
    "_postman_id": "ec71b9f1-718a-4981-a9df-442cad32c96f",
    "description": "With the TimesTags API, you can mine the riches of the New York Times tag set. The TimesTags service matches your query to the controlled vocabularies that fuel NYTimes.com metadata. You supply a string of characters, and the service returns a ranked list of suggested terms.",
    "schema": "https://schema.getpostman.com/json/collection/v2.0.0/"
  },
  "item": [
    {
      "name": "tags",
      "item": [
        {
          "id": "d25bbf53-a19a-4a48-9ec8-03a13e6a69a3",
          "name": "getTimesTag",
          "request": {
            "url": "http://api.nytimes.com/svc/timestags?filter=%7B%7D&max=%7B%7D&query=%7B%7D",
            "method": "GET",
            "body": {
              "mode": "raw"
            },
            "description": "With the TimesTags API, you can mine the riches of the New York Times tag set"
          },
          "response": [
            {
              "status": "OK",
              "code": 200,
              "name": "Response_200",
              "id": "093e270a-e7e1-4ba0-b093-c8758addcea2"
            }
          ]
        }
      ]
    }
  ]
}