{
  "info": {
    "name": "Clearbit By Name",
    "_postman_id": "b8348534-a313-4912-8b32-4103d5cffebb",
    "description": "TODO: Add Description",
    "schema": "https://schema.getpostman.com/json/collection/v2.0.0/"
  },
  "item": [
    {
      "name": "Business",
      "item": [
        {
          "id": "16ccbec3-c2e4-4f90-9e97-fe55f3517dc6",
          "name": "SearchGet3",
          "request": {
            "url": "http://discovery.clearbit.com/v1/companies/search?domain=%7B%7D&email=%7B%7D&title=%7B%7D",
            "method": "GET",
            "body": {
              "mode": "raw"
            },
            "description": "TODO: Add Description"
          },
          "response": [
            {
              "status": "OK",
              "code": 200,
              "name": "Response_200",
              "id": "f123e561-ef38-4134-a909-06fe894c1eda"
            }
          ]
        },
        {
          "id": "955045ac-05c5-4a12-9917-e67c7cc0a102",
          "name": "FindGet2",
          "request": {
            "url": "http://discovery.clearbit.com/v1/companies/find?ip=%7B%7D",
            "method": "GET",
            "body": {
              "mode": "raw"
            },
            "description": "TODO: Add Description"
          },
          "response": [
            {
              "status": "OK",
              "code": 200,
              "name": "Response_200",
              "id": "2bf3acd1-b167-4fbd-960d-0c2883d388c6"
            }
          ]
        },
        {
          "id": "0d4253f4-1b2a-46ea-8b29-28c98c1546bd",
          "name": "EntitiesGet",
          "request": {
            "url": "http://discovery.clearbit.com/v1/companies/entities?name=%7B%7D",
            "method": "GET",
            "body": {
              "mode": "raw"
            },
            "description": "TODO: Add Description"
          },
          "response": [
            {
              "status": "OK",
              "code": 200,
              "name": "Response_200",
              "id": "08e95e5f-651c-42bc-aa7d-dbeaadc24d0c"
            }
          ]
        }
      ]
    }
  ]
}