{
  "info": {
    "name": "Capital One DevExchange Delete a specific existing withdrawal",
    "_postman_id": "169a972c-153b-4e1f-a27e-57b5e15bac33",
    "description": "Deletes the specific withdrawal",
    "schema": "https://schema.getpostman.com/json/collection/v2.0.0/"
  },
  "item": [
    {
      "name": "banks",
      "item": [
        {
          "id": "7e5b23b8-74f9-47f8-a8be-de626a9940e5",
          "name": "deletes-the-specific-withdrawal",
          "request": {
            "url": {
              "protocol": "http",
              "host": "api.reimaginebanking.com",
              "path": [
                "withdrawals/:id"
              ],
              "variable": [
                {
                  "id": "id",
                  "value": "{}",
                  "type": "string"
                }
              ]
            },
            "method": "DELETE",
            "body": {
              "mode": "raw"
            },
            "description": "Deletes the specific withdrawal"
          },
          "response": [
            {
              "status": "OK",
              "code": 200,
              "name": "Response_200",
              "id": "07f2ba25-b9b3-4124-b639-355367b8ae0f"
            }
          ]
        }
      ]
    }
  ]
}