{
  "info": {
    "name": "HERE Weather API Multi-Language Support",
    "_postman_id": "d2871622-2726-4b83-bc83-3d68fe86e4b6",
    "description": "*Request current weather conditions in a foreign language*\n\nThe language of the weather report is altered by adding the `language` parameter to the request URL.\n\n\n\n* **product**  `enum`\n \\- The type of information to request\n\n Valid values are : `observation`, `forecast_7days`, `forecast_7days_simple`, `forecast_hourly`, `forecast_astronomy`, `alerts`, `nws_alerts`\n\n* **latitude**  `number`\n \\- Latitude of the weather forecast.    e.g. `52.5159`\n\n* **longitude**  `number`\n \\- Longitude of the weather forecast.    e.g. `13.3777`\n\n* **oneobservation**  `enum`\n \\- A flag to indicate only one observation is required.\n\n Valid values are : `true`, `false`\n\n* **language**  `enum`\n \\- The language for the observations within the forecast.\n\n Valid values are : `af-ZA` - Afrikaans, `sq` - Albanian, `am-ET` - Amharic, `ar` - Arabic, `as-IN` - Assamese, `az-AZ` - Azerbaijani, `eu` - Basque, `be` - Belarusian, `bn-BD` - Bengali-bd, `bn` - Bengali, `bs-BA` - Bosnian, `bg-BG` - Bulgarian, `ca` - Catalan, `zh-CN` - Chinese (PRC), `zh-HK` - Chinese (HK), `zh-TW` - Chinese (TW), `hr-HR` - Croatian, `cs-CZ` - Czech, `da-DK` - Danish, `nl-NL` - Dutch, `en` - English, `en-US` - English (US), `et-EE` - Estonian, `fa` - Farsi, `fa-AF` - Farsi-af, `fi-FI` - Finnish, `fr-CA` - French (CA), `fr` - French, `gl` - Galician, `ka-GE` - Georgian, `de` - German, `el-GR` - Greek, `gu-IN` - Gujarati, `ha` - Hausa, `he-IL` - Hebrew, `hi-IN` - Hindi, `hu-HU` - Hungarian, `is-IS` - Icelandic, `ig-NG` - Igbo, `id-ID` - Indonesian, `it` - Italian, `ja-JP` - Japanese, `kn-IN` - Kannada, `ks-IN` - Kashmiri, `kk-KZ` - Kazakh, `km-KH` - Khmer, `ky-KG` - Kirghiz, `ko-KR` - Korean, `lo-LA` - Lao, `lv-LV` - Latvian, `ln` - Lingala, `lt-LT` - Lithuanian, `mk-MK` - Macedonian, `mg-MG` - Malagasy, `ms-MY` - Malay, `ml-IN` - Malayalam, `mr-IN` - Marathi, `mn-MN` - Mongolian, `no-NO` - Norwegian, `or-IN` - Oriya, `pl-PL` - Polish, `pt-BR` - Portuguese (BR), `pt-PT` - Portuguese (PT), `pa` - Punjabi, `ps` - Pushto, `ro-RO` - Romanian, `ru-RU` - Russian, `sr-YU` - Serbian, `st` - Sesotho, `si-LK` - Sinhala, `sk-SK` - Slovak, `sl-SL` - Slovene, `es-ES` - Spanish, `es-US` - Spanish (US), `sw` - Swahili, `sv` - Swedish, `tl-PH` - Tagalog, `ta` - Tamil, `te-IN` - Telugu, `th-TH` - Thai, `tg-TJ` - Tajik, `tr-TR` - Turkish, `tk` - Turkmen, `uk-UA` - Ukrainian, `ur` - Urdu, `uz-UZ` - Uzbek, `vi-VN` - Vietnamese, `xh` - Xhosa, `yo` - Yoruba, `zu` - Zulu\n\n* **app_id**  `text`\n \\- A 20 byte Base64 URL-safe encoded string used for the authentication of the client application.    You must include an `app_id` with every request.\n\n* **app_code**  `text`\n \\- A 20 byte Base64 URL-safe encoded string used for the authentication of the client application.    You must include an `app_code` with every request.",
    "schema": "https://schema.getpostman.com/json/collection/v2.0.0/"
  },
  "item": [
    {
      "name": "Multi-Language",
      "item": [
        {
          "id": "2e6a6db3-40cf-4ee2-8bce-d76a57b39187",
          "name": "ReportJsonGet10",
          "request": {
            "url": "http://weather.cit.api.here.com/weather/1.0/report.json?app_code=%7B%7D&app_id=%7B%7D&language=%7B%7D&latitude=%7B%7D&longitude=%7B%7D&oneobservation=%7B%7D&product=%7B%7D",
            "method": "GET",
            "header": [
              {
                "key": "Accept",
                "value": "*/*",
                "disabled": false
              }
            ],
            "body": {
              "mode": "raw"
            },
            "description": "*Request current weather conditions in a foreign language*\n\nThe language of the weather report is altered by adding the `language` parameter to the request URL.\n\n\n\n* **product**  `enum`\n \\- The type of information to request\n\n Valid values are : `observation`, `forecast_7days`, `forecast_7days_simple`, `forecast_hourly`, `forecast_astronomy`, `alerts`, `nws_alerts`\n\n* **latitude**  `number`\n \\- Latitude of the weather forecast.    e.g. `52.5159`\n\n* **longitude**  `number`\n \\- Longitude of the weather forecast.    e.g. `13.3777`\n\n* **oneobservation**  `enum`\n \\- A flag to indicate only one observation is required.\n\n Valid values are : `true`, `false`\n\n* **language**  `enum`\n \\- The language for the observations within the forecast.\n\n Valid values are : `af-ZA` - Afrikaans, `sq` - Albanian, `am-ET` - Amharic, `ar` - Arabic, `as-IN` - Assamese, `az-AZ` - Azerbaijani, `eu` - Basque, `be` - Belarusian, `bn-BD` - Bengali-bd, `bn` - Bengali, `bs-BA` - Bosnian, `bg-BG` - Bulgarian, `ca` - Catalan, `zh-CN` - Chinese (PRC), `zh-HK` - Chinese (HK), `zh-TW` - Chinese (TW), `hr-HR` - Croatian, `cs-CZ` - Czech, `da-DK` - Danish, `nl-NL` - Dutch, `en` - English, `en-US` - English (US), `et-EE` - Estonian, `fa` - Farsi, `fa-AF` - Farsi-af, `fi-FI` - Finnish, `fr-CA` - French (CA), `fr` - French, `gl` - Galician, `ka-GE` - Georgian, `de` - German, `el-GR` - Greek, `gu-IN` - Gujarati, `ha` - Hausa, `he-IL` - Hebrew, `hi-IN` - Hindi, `hu-HU` - Hungarian, `is-IS` - Icelandic, `ig-NG` - Igbo, `id-ID` - Indonesian, `it` - Italian, `ja-JP` - Japanese, `kn-IN` - Kannada, `ks-IN` - Kashmiri, `kk-KZ` - Kazakh, `km-KH` - Khmer, `ky-KG` - Kirghiz, `ko-KR` - Korean, `lo-LA` - Lao, `lv-LV` - Latvian, `ln` - Lingala, `lt-LT` - Lithuanian, `mk-MK` - Macedonian, `mg-MG` - Malagasy, `ms-MY` - Malay, `ml-IN` - Malayalam, `mr-IN` - Marathi, `mn-MN` - Mongolian, `no-NO` - Norwegian, `or-IN` - Oriya, `pl-PL` - Polish, `pt-BR` - Portuguese (BR), `pt-PT` - Portuguese (PT), `pa` - Punjabi, `ps` - Pushto, `ro-RO` - Romanian, `ru-RU` - Russian, `sr-YU` - Serbian, `st` - Sesotho, `si-LK` - Sinhala, `sk-SK` - Slovak, `sl-SL` - Slovene, `es-ES` - Spanish, `es-US` - Spanish (US), `sw` - Swahili, `sv` - Swedish, `tl-PH` - Tagalog, `ta` - Tamil, `te-IN` - Telugu, `th-TH` - Thai, `tg-TJ` - Tajik, `tr-TR` - Turkish, `tk` - Turkmen, `uk-UA` - Ukrainian, `ur` - Urdu, `uz-UZ` - Uzbek, `vi-VN` - Vietnamese, `xh` - Xhosa, `yo` - Yoruba, `zu` - Zulu\n\n* **app_id**  `text`\n \\- A 20 byte Base64 URL-safe encoded string used for the authentication of the client application.    You must include an `app_id` with every request.\n\n* **app_code**  `text`\n \\- A 20 byte Base64 URL-safe encoded string used for the authentication of the client application.    You must include an `app_code` with every request."
          },
          "response": [
            {
              "status": "OK",
              "code": 200,
              "name": "Response_200",
              "id": "63bd6368-4fde-45de-9e17-e8bfe89590d8"
            }
          ]
        }
      ]
    }
  ]
}