{
  "info": {
    "name": "Medium User's publications",
    "_postman_id": "13f82955-081b-4beb-a8c1-153fb0e7d07c",
    "description": "Returns a full list of publications that the user is related to in some way. This includes all publications the user is subscribed to, writes to, or edits.",
    "schema": "https://schema.getpostman.com/json/collection/v2.0.0/"
  },
  "item": [
    {
      "name": "users",
      "item": [
        {
          "id": "62a7c3dc-6550-49a1-8579-aac1fcf4408c",
          "name": "users.userId.publications.get",
          "request": {
            "url": {
              "protocol": "http",
              "host": "api.medium.com",
              "path": [
                "v1",
                "users/:userId/publications"
              ],
              "variable": [
                {
                  "id": "userId",
                  "value": "{}",
                  "type": "string"
                }
              ]
            },
            "method": "GET",
            "body": {
              "mode": "raw"
            },
            "description": "Returns a full list of publications that the user is related to in some way"
          },
          "response": [
            {
              "status": "OK",
              "code": 200,
              "name": "Response_200",
              "id": "e2d68924-ca22-473b-abfd-9f3bedd9e888"
            }
          ]
        }
      ]
    }
  ]
}