{
  "info": {
    "name": "Royal Bank of Scotland Get Commercial Credit Cards",
    "_postman_id": "7af67b87-61c0-45eb-839a-08d458f0731b",
    "description": "This endpoint can contain multiple brands owned by a particular banking group. Each brand can own multiple SME Commercial Credit Card products.",
    "schema": "https://schema.getpostman.com/json/collection/v2.0.0/"
  },
  "item": [
    {
      "id": "963f4d78-68ed-4345-aa10-08dc19e90c88",
      "name": "getATMS",
      "request": {
        "url": "http://openapi.rbs.co.uk/open-banking/v2.1/atms/",
        "method": "GET",
        "body": {
          "mode": "raw"
        },
        "description": "This endpoint can contain multiple brands owned by a particular banking group. Each brand can provide multiple ATMs."
      },
      "response": [
        {
          "status": "OK",
          "code": 200,
          "name": "Response_200",
          "id": "a672a6bf-c5f1-4ea9-a55d-c2a7776d2f51"
        }
      ]
    },
    {
      "id": "29861c1e-f22e-4f4b-9d82-aab21a3a4658",
      "name": "getBranches",
      "request": {
        "url": "http://openapi.rbs.co.uk/open-banking/v2.1/branches/",
        "method": "GET",
        "body": {
          "mode": "raw"
        },
        "description": "This endpoint can contain multiple brands owned by a particular banking group. Each brand can own multiple branches."
      },
      "response": [
        {
          "status": "OK",
          "code": 200,
          "name": "Response_200",
          "id": "4814c6df-2001-42bf-8a0f-399b8afcba8f"
        }
      ]
    },
    {
      "id": "6cc34f2b-90a1-43a2-9ba1-c034b3026c52",
      "name": "getCurrentPersonalAccounts",
      "request": {
        "url": "http://openapi.rbs.co.uk/open-banking/v2.1/personal-current-accounts/",
        "method": "GET",
        "body": {
          "mode": "raw"
        },
        "description": "This endpoint can contain multiple brands owned by a particular banking group. Each brand can own multiple PCA products."
      },
      "response": [
        {
          "status": "OK",
          "code": 200,
          "name": "Response_200",
          "id": "41caefed-8bc6-4467-8fb5-e0717c9a27fd"
        }
      ]
    },
    {
      "id": "c536da16-70e4-4fcb-9049-99d5260cbb4a",
      "name": "getCurentBusinessAccounts",
      "request": {
        "url": "http://openapi.rbs.co.uk/open-banking/v2.1/business-current-accounts/",
        "method": "GET",
        "body": {
          "mode": "raw"
        },
        "description": "This endpoint can contain multiple brands owned by a particular banking group. Each brand can own multiple BCA products."
      },
      "response": [
        {
          "status": "OK",
          "code": 200,
          "name": "Response_200",
          "id": "0dc7b98f-8432-436d-a95c-42da279e53c3"
        }
      ]
    },
    {
      "id": "3b5acd1f-79fe-4019-ae68-33be94655c10",
      "name": "pathOperation",
      "request": {
        "url": "http://openapi.rbs.co.uk/open-banking/v2.1/unsecured-sme-loans/",
        "method": "GET",
        "body": {
          "mode": "raw"
        },
        "description": "This endpoint can contain multiple brands owned by a particular banking group. Each brand can own multiple SME Unsecured Loan products."
      },
      "response": [
        {
          "status": "OK",
          "code": 200,
          "name": "Response_200",
          "id": "4ad66343-221c-4c5b-875f-3c330d461487"
        }
      ]
    },
    {
      "id": "036c794d-619a-4022-bc78-38cf914789c4",
      "name": "getCommercialCreditCards",
      "request": {
        "url": "http://openapi.rbs.co.uk/open-banking/v2.1/commercial-credit-cards/",
        "method": "GET",
        "body": {
          "mode": "raw"
        },
        "description": "This endpoint can contain multiple brands owned by a particular banking group. Each brand can own multiple SME Commercial Credit Card products."
      },
      "response": [
        {
          "status": "OK",
          "code": 200,
          "name": "Response_200",
          "id": "b47ac451-248e-45cc-8c3f-e3ae7e427307"
        }
      ]
    }
  ]
}