{
  "info": {
    "name": "PredictHQ Retrieve All Dimensions",
    "_postman_id": "8b95c70a-ac64-4ba8-a8da-c52a8ce5e482",
    "description": "This action returns a summary for each dimension of your Signal.",
    "schema": "https://schema.getpostman.com/json/collection/v2.0.0/"
  },
  "item": [
    {
      "name": "Signals",
      "item": [
        {
          "id": "b6b89a40-5ad1-49ad-8bc3-6116e1d48896",
          "name": "V1SignalsDimensionsBySignalIdGet",
          "request": {
            "url": {
              "protocol": "http",
              "host": "api.predicthq.com",
              "path": [
                "v1/signals/:signal_id/dimensions/"
              ],
              "variable": [
                {
                  "id": "signal_id",
                  "value": "{}",
                  "type": "string"
                }
              ]
            },
            "method": "GET",
            "body": {
              "mode": "raw"
            },
            "description": "This action returns a summary for each dimension of your Signal."
          },
          "response": [
            {
              "status": "OK",
              "code": 200,
              "name": "Response_200",
              "id": "b3debb1e-2580-408c-885e-3d71beb3b025"
            }
          ]
        }
      ]
    }
  ]
}