{
  "info": {
    "name": "Global Change Information System API Get a representation of a web page.",
    "_postman_id": "310c77f5-21c9-4085-bc3d-f0db7e736da6",
    "description": "Get JSON which represents the structure of a web page.",
    "schema": "https://schema.getpostman.com/json/collection/v2.0.0/"
  },
  "item": [
    {
      "name": "Activities",
      "item": [
        {
          "id": "b4487a68-711e-4d9f-af63-b8af4c83390d",
          "name": "list-the-activities-20-per-page",
          "request": {
            "url": "http://data.globalchange.gov/activity?all=%7B%7D&page=%7B%7D",
            "method": "GET",
            "body": {
              "mode": "raw"
            },
            "description": "List the activities, 20 per page."
          },
          "response": [
            {
              "status": "OK",
              "code": 200,
              "name": "Response_200",
              "id": "cad85a7c-1989-4a1f-b55c-774f7ca72ef8"
            }
          ]
        }
      ]
    },
    {
      "name": "Representation",
      "item": [
        {
          "id": "45d11806-6d63-48ae-b723-e337b1cfc32b",
          "name": "get-json-which-represents-the-structure-of-an-activity",
          "request": {
            "url": {
              "protocol": "http",
              "host": "data.globalchange.gov",
              "path": [
                "activity/:activity_identifier"
              ],
              "variable": [
                {
                  "id": "activity_identifier",
                  "value": "{}",
                  "type": "string"
                }
              ]
            },
            "method": "GET",
            "body": {
              "mode": "raw"
            },
            "description": "Get JSON which represents the structure of an activity."
          },
          "response": [
            {
              "status": "OK",
              "code": 200,
              "name": "Response_200",
              "id": "aee3e4b5-2b21-44bd-97f8-38a2a07e2868"
            }
          ]
        },
        {
          "id": "6c48235b-c256-4392-88bb-5bea391c740e",
          "name": "get-json-which-represents-the-structure-of-an-array",
          "request": {
            "url": {
              "protocol": "http",
              "host": "data.globalchange.gov",
              "path": [
                "array/:array_identifier"
              ],
              "query": [
                {
                  "key": "with_gcmd",
                  "value": "%7B%7D",
                  "disabled": false
                },
                {
                  "key": "with_regions",
                  "value": "%7B%7D",
                  "disabled": false
                }
              ],
              "variable": [
                {
                  "id": "array_identifier",
                  "value": "{}",
                  "type": "string"
                }
              ]
            },
            "method": "GET",
            "body": {
              "mode": "raw"
            },
            "description": "Get JSON which represents the structure of an array."
          },
          "response": [
            {
              "status": "OK",
              "code": 200,
              "name": "Response_200",
              "id": "0aee1d88-01c8-4585-b361-ce94767ca50d"
            }
          ]
        },
        {
          "id": "ff7e298f-9570-4c18-a4ff-d05a96d7f1fb",
          "name": "get-json-which-represents-the-structure-of-an-article",
          "request": {
            "url": {
              "protocol": "http",
              "host": "data.globalchange.gov",
              "path": [
                "article/:article_identifier"
              ],
              "query": [
                {
                  "key": "with_gcmd",
                  "value": "%7B%7D",
                  "disabled": false
                },
                {
                  "key": "with_regions",
                  "value": "%7B%7D",
                  "disabled": false
                }
              ],
              "variable": [
                {
                  "id": "article_identifier",
                  "value": "{}",
                  "type": "string"
                }
              ]
            },
            "method": "GET",
            "body": {
              "mode": "raw"
            },
            "description": "Get JSON which represents the structure of an article."
          },
          "response": [
            {
              "status": "OK",
              "code": 200,
              "name": "Response_200",
              "id": "bcb6aca7-d838-4103-b99e-5851c2cde6ea"
            }
          ]
        },
        {
          "id": "c53c6d63-7f1e-4c94-b6ce-555aea913333",
          "name": "get-json-which-represents-the-structure-of-a-book",
          "request": {
            "url": {
              "protocol": "http",
              "host": "data.globalchange.gov",
              "path": [
                "book/:book_identifier"
              ],
              "query": [
                {
                  "key": "with_gcmd",
                  "value": "%7B%7D",
                  "disabled": false
                },
                {
                  "key": "with_regions",
                  "value": "%7B%7D",
                  "disabled": false
                }
              ],
              "variable": [
                {
                  "id": "book_identifier",
                  "value": "{}",
                  "type": "string"
                }
              ]
            },
            "method": "GET",
            "body": {
              "mode": "raw"
            },
            "description": "Get JSON which represents the structure of a book."
          },
          "response": [
            {
              "status": "OK",
              "code": 200,
              "name": "Response_200",
              "id": "21f76fe9-5c21-4b34-bf12-f706ab2cf3ee"
            }
          ]
        },
        {
          "id": "a01b4a82-0e39-47b7-90c9-b5fb97440004",
          "name": "get-json-which-represents-the-structure-of-a-dataset",
          "request": {
            "url": {
              "protocol": "http",
              "host": "data.globalchange.gov",
              "path": [
                "dataset/:dataset_identifier"
              ],
              "variable": [
                {
                  "id": "dataset_identifier",
                  "value": "{}",
                  "type": "string"
                }
              ]
            },
            "method": "GET",
            "body": {
              "mode": "raw"
            },
            "description": "Get JSON which represents the structure of a dataset."
          },
          "response": [
            {
              "status": "OK",
              "code": 200,
              "name": "Response_200",
              "id": "70020f1e-6d33-4554-9ba4-c97ef096a83b"
            }
          ]
        },
        {
          "id": "a86f408d-02a5-4207-abed-d67b3d7a22b5",
          "name": "get-json-which-represents-the-structure-of-a-file",
          "request": {
            "url": {
              "protocol": "http",
              "host": "data.globalchange.gov",
              "path": [
                "file/:file_identifier"
              ],
              "variable": [
                {
                  "id": "file_identifier",
                  "value": "{}",
                  "type": "string"
                }
              ]
            },
            "method": "GET",
            "body": {
              "mode": "raw"
            },
            "description": "Get JSON which represents the structure of a file."
          },
          "response": [
            {
              "status": "OK",
              "code": 200,
              "name": "Response_200",
              "id": "252455b4-7fc4-41e6-af2f-487ca4625329"
            }
          ]
        },
        {
          "id": "6f90e06f-27a2-4548-a9b3-595db3f187ab",
          "name": "get-json-which-represents-the-structure-of-a-gcmd-keyword",
          "request": {
            "url": {
              "protocol": "http",
              "host": "data.globalchange.gov",
              "path": [
                "gcmd_keyword/:gcmd_keyword_identifier"
              ],
              "variable": [
                {
                  "id": "gcmd_keyword_identifier",
                  "value": "{}",
                  "type": "string"
                }
              ]
            },
            "method": "GET",
            "body": {
              "mode": "raw"
            },
            "description": "Get JSON which represents the structure of a GCMD keyword."
          },
          "response": [
            {
              "status": "OK",
              "code": 200,
              "name": "Response_200",
              "id": "1bd1f591-ed5e-4fda-bbb2-db732b1689c3"
            }
          ]
        },
        {
          "id": "d2b6512f-9643-411e-a06e-1d107ccc578c",
          "name": "get-json-which-represents-the-structure-of-a-generic-publication",
          "request": {
            "url": {
              "protocol": "http",
              "host": "data.globalchange.gov",
              "path": [
                "generic/:generic_identifier"
              ],
              "variable": [
                {
                  "id": "generic_identifier",
                  "value": "{}",
                  "type": "string"
                }
              ]
            },
            "method": "GET",
            "body": {
              "mode": "raw"
            },
            "description": "Get JSON which represents the structure of a generic publication."
          },
          "response": [
            {
              "status": "OK",
              "code": 200,
              "name": "Response_200",
              "id": "71753450-0e30-43ff-b88c-ef417520be79"
            }
          ]
        },
        {
          "id": "63e7cc07-5cc6-462e-9fae-0263506dd279",
          "name": "get-json-which-represents-the-structure-of-an-image",
          "request": {
            "url": {
              "protocol": "http",
              "host": "data.globalchange.gov",
              "path": [
                "image/:image_identifier"
              ],
              "query": [
                {
                  "key": "with_gcmd",
                  "value": "%7B%7D",
                  "disabled": false
                },
                {
                  "key": "with_regions",
                  "value": "%7B%7D",
                  "disabled": false
                }
              ],
              "variable": [
                {
                  "id": "image_identifier",
                  "value": "{}",
                  "type": "string"
                }
              ]
            },
            "method": "GET",
            "body": {
              "mode": "raw"
            },
            "description": "Get JSON which represents the structure of an image."
          },
          "response": [
            {
              "status": "OK",
              "code": 200,
              "name": "Response_200",
              "id": "9e879e09-89d2-4889-bf37-4fdbbdd6c79f"
            }
          ]
        },
        {
          "id": "82f49aff-4577-40ab-9a70-e8bd377e89f6",
          "name": "get-json-which-represents-the-structure-of-an-instrument",
          "request": {
            "url": {
              "protocol": "http",
              "host": "data.globalchange.gov",
              "path": [
                "instrument/:instrument_identifier"
              ],
              "variable": [
                {
                  "id": "instrument_identifier",
                  "value": "{}",
                  "type": "string"
                }
              ]
            },
            "method": "GET",
            "body": {
              "mode": "raw"
            },
            "description": "Get JSON which represents the structure of an instrument."
          },
          "response": [
            {
              "status": "OK",
              "code": 200,
              "name": "Response_200",
              "id": "ae808aa7-5f82-4f2f-8baf-25729424c5e7"
            }
          ]
        },
        {
          "id": "46fda4c7-96a7-40a5-a678-e2339260e3fa",
          "name": "get-json-which-represents-the-structure-of-a-journal",
          "request": {
            "url": {
              "protocol": "http",
              "host": "data.globalchange.gov",
              "path": [
                "journal/:journal_identifier"
              ],
              "variable": [
                {
                  "id": "journal_identifier",
                  "value": "{}",
                  "type": "string"
                }
              ]
            },
            "method": "GET",
            "body": {
              "mode": "raw"
            },
            "description": "Get JSON which represents the structure of a journal."
          },
          "response": [
            {
              "status": "OK",
              "code": 200,
              "name": "Response_200",
              "id": "bda66998-c93b-423e-8019-017e36bb751c"
            }
          ]
        },
        {
          "id": "a9eeab69-20b7-434b-a79e-7c981f270597",
          "name": "get-json-which-represents-the-structure-of-a-lexicon",
          "request": {
            "url": {
              "protocol": "http",
              "host": "data.globalchange.gov",
              "path": [
                "lexicon/:lexicon_identifier"
              ],
              "variable": [
                {
                  "id": "lexicon_identifier",
                  "value": "{}",
                  "type": "string"
                }
              ]
            },
            "method": "GET",
            "body": {
              "mode": "raw"
            },
            "description": "Get JSON which represents the structure of a lexicon."
          },
          "response": [
            {
              "status": "OK",
              "code": 200,
              "name": "Response_200",
              "id": "49891e9f-e463-4cdf-9281-75f4e9e272a5"
            }
          ]
        },
        {
          "id": "987f3968-7713-4547-99ad-6c9af987d322",
          "name": "get-json-which-represents-the-structure-of-a-model",
          "request": {
            "url": {
              "protocol": "http",
              "host": "data.globalchange.gov",
              "path": [
                "model/:model_identifier"
              ],
              "variable": [
                {
                  "id": "model_identifier",
                  "value": "{}",
                  "type": "string"
                }
              ]
            },
            "method": "GET",
            "body": {
              "mode": "raw"
            },
            "description": "Get JSON which represents the structure of a model."
          },
          "response": [
            {
              "status": "OK",
              "code": 200,
              "name": "Response_200",
              "id": "7f8b0df3-0e60-43b9-af35-8faaedebb79e"
            }
          ]
        },
        {
          "id": "950888d0-1643-4742-8d41-1556c5982afd",
          "name": "get-json-which-represents-the-structure-of-a-model-run",
          "request": {
            "url": {
              "protocol": "http",
              "host": "data.globalchange.gov",
              "path": [
                "model_run/:model_identifier/:scenario_identifier/:range_start/:range_end/:spatial_resolution/:time_resolution/:sequence"
              ],
              "variable": [
                {
                  "id": "model_identifier",
                  "value": "{}",
                  "type": "string"
                },
                {
                  "id": "range_end",
                  "value": "{}",
                  "type": "string"
                },
                {
                  "id": "range_start",
                  "value": "{}",
                  "type": "string"
                },
                {
                  "id": "scenario_identifier",
                  "value": "{}",
                  "type": "string"
                },
                {
                  "id": "sequence",
                  "value": "{}",
                  "type": "string"
                },
                {
                  "id": "spatial_resolution",
                  "value": "{}",
                  "type": "string"
                },
                {
                  "id": "time_resolution",
                  "value": "{}",
                  "type": "string"
                }
              ]
            },
            "method": "GET",
            "body": {
              "mode": "raw"
            },
            "description": "Get JSON which represents the structure of a model run."
          },
          "response": [
            {
              "status": "OK",
              "code": 200,
              "name": "Response_200",
              "id": "d6ae35ef-aa9d-4526-98ea-15e15cacc4df"
            }
          ]
        },
        {
          "id": "75ac6bfa-06fc-455b-af32-7f9a7f95b95e",
          "name": "get-json-which-represents-the-structure-of-a-model-run",
          "request": {
            "url": {
              "protocol": "http",
              "host": "data.globalchange.gov",
              "path": [
                "model_run/:model_run_identifier"
              ],
              "variable": [
                {
                  "id": "model_run_identifier",
                  "value": "{}",
                  "type": "string"
                }
              ]
            },
            "method": "GET",
            "body": {
              "mode": "raw"
            },
            "description": "Get JSON which represents the structure of a model run."
          },
          "response": [
            {
              "status": "OK",
              "code": 200,
              "name": "Response_200",
              "id": "7762e7e9-6312-4021-a1b7-9eb275695848"
            }
          ]
        },
        {
          "id": "7e20ce79-f0b9-4c43-9588-891ccc65eb59",
          "name": "get-json-which-represents-the-structure-of-an-organization",
          "request": {
            "url": {
              "protocol": "http",
              "host": "data.globalchange.gov",
              "path": [
                "organization/:organization_identifier"
              ],
              "variable": [
                {
                  "id": "organization_identifier",
                  "value": "{}",
                  "type": "string"
                }
              ]
            },
            "method": "GET",
            "body": {
              "mode": "raw"
            },
            "description": "Get JSON which represents the structure of an organization."
          },
          "response": [
            {
              "status": "OK",
              "code": 200,
              "name": "Response_200",
              "id": "3da6b9ea-2d4d-4727-9f2c-b0e7357b6b9e"
            }
          ]
        },
        {
          "id": "6baaf966-65e9-4749-8c7a-7e98b6bd8f96",
          "name": "get-json-which-represents-the-structure-of-a-person",
          "request": {
            "url": {
              "protocol": "http",
              "host": "data.globalchange.gov",
              "path": [
                "person/:person_identifier"
              ],
              "variable": [
                {
                  "id": "person_identifier",
                  "value": "{}",
                  "type": "string"
                }
              ]
            },
            "method": "GET",
            "body": {
              "mode": "raw"
            },
            "description": "Get JSON which represents the structure of a person."
          },
          "response": [
            {
              "status": "OK",
              "code": 200,
              "name": "Response_200",
              "id": "7aef0091-470a-49ee-a226-60d024c3bfcd"
            }
          ]
        },
        {
          "id": "ec71e0af-9f09-4ab6-8a2d-fd1204412d48",
          "name": "get-json-which-represents-the-structure-of-a-platform",
          "request": {
            "url": {
              "protocol": "http",
              "host": "data.globalchange.gov",
              "path": [
                "platform/:platform_identifier"
              ],
              "variable": [
                {
                  "id": "platform_identifier",
                  "value": "{}",
                  "type": "string"
                }
              ]
            },
            "method": "GET",
            "body": {
              "mode": "raw"
            },
            "description": "Get JSON which represents the structure of a platform."
          },
          "response": [
            {
              "status": "OK",
              "code": 200,
              "name": "Response_200",
              "id": "897cf0ca-86be-4e63-8c6e-c1924e7f1963"
            }
          ]
        },
        {
          "id": "911d86ef-49f4-4231-8367-ba3fd627232b",
          "name": "get-json-which-represents-the-structure-of-an-instrument-on-a-platform",
          "request": {
            "url": {
              "protocol": "http",
              "host": "data.globalchange.gov",
              "path": [
                "platform/:platform_identifier/instrument/:instrument_identifier"
              ],
              "variable": [
                {
                  "id": "instrument_identifier",
                  "value": "{}",
                  "type": "string"
                },
                {
                  "id": "platform_identifier",
                  "value": "{}",
                  "type": "string"
                }
              ]
            },
            "method": "GET",
            "body": {
              "mode": "raw"
            },
            "description": "Get JSON which represents the structure of an instrument on a platform."
          },
          "response": [
            {
              "status": "OK",
              "code": 200,
              "name": "Response_200",
              "id": "758efeab-a78c-4c87-aad1-73b8d141fdc2"
            }
          ]
        },
        {
          "id": "9b1c648d-f880-4b77-81f7-df4ba47d95b5",
          "name": "get-json-which-represents-the-structure-of-a-project",
          "request": {
            "url": {
              "protocol": "http",
              "host": "data.globalchange.gov",
              "path": [
                "project/:project_identifier"
              ],
              "variable": [
                {
                  "id": "project_identifier",
                  "value": "{}",
                  "type": "string"
                }
              ]
            },
            "method": "GET",
            "body": {
              "mode": "raw"
            },
            "description": "Get JSON which represents the structure of a project."
          },
          "response": [
            {
              "status": "OK",
              "code": 200,
              "name": "Response_200",
              "id": "0bc88542-c494-48c2-b6fb-5c689de4e4a9"
            }
          ]
        },
        {
          "id": "5430d6f6-fc53-4606-841a-6f9215ddb3c1",
          "name": "get-json-which-represents-the-structure-of-a-reference",
          "request": {
            "url": {
              "protocol": "http",
              "host": "data.globalchange.gov",
              "path": [
                "reference/:reference_identifier"
              ],
              "variable": [
                {
                  "id": "reference_identifier",
                  "value": "{}",
                  "type": "string"
                }
              ]
            },
            "method": "GET",
            "body": {
              "mode": "raw"
            },
            "description": "Get JSON which represents the structure of a reference."
          },
          "response": [
            {
              "status": "OK",
              "code": 200,
              "name": "Response_200",
              "id": "cbcbb385-386d-448e-a640-a34c35acd783"
            }
          ]
        },
        {
          "id": "6640ce26-6315-44be-971a-38aa7ca8fafe",
          "name": "get-json-which-represents-the-structure-of-a-region",
          "request": {
            "url": {
              "protocol": "http",
              "host": "data.globalchange.gov",
              "path": [
                "region/:region_identifier"
              ],
              "variable": [
                {
                  "id": "region_identifier",
                  "value": "{}",
                  "type": "string"
                }
              ]
            },
            "method": "GET",
            "body": {
              "mode": "raw"
            },
            "description": "Get JSON which represents the structure of a region."
          },
          "response": [
            {
              "status": "OK",
              "code": 200,
              "name": "Response_200",
              "id": "33c8e5fc-160b-4d68-ae17-4ce1b2f8a173"
            }
          ]
        },
        {
          "id": "2c790378-f16b-43f6-8551-ac3df758372b",
          "name": "get-json-which-represents-the-structure-of-a-report",
          "request": {
            "url": {
              "protocol": "http",
              "host": "data.globalchange.gov",
              "path": [
                "report/:report_identifier"
              ],
              "query": [
                {
                  "key": "with_gcmd",
                  "value": "%7B%7D",
                  "disabled": false
                },
                {
                  "key": "with_regions",
                  "value": "%7B%7D",
                  "disabled": false
                }
              ],
              "variable": [
                {
                  "id": "report_identifier",
                  "value": "{}",
                  "type": "string"
                }
              ]
            },
            "method": "GET",
            "body": {
              "mode": "raw"
            },
            "description": "Get JSON which represents the structure of a report."
          },
          "response": [
            {
              "status": "OK",
              "code": 200,
              "name": "Response_200",
              "id": "6595d8ae-a7ec-4062-8013-b48202b32012"
            }
          ]
        },
        {
          "id": "adfe5538-877b-476f-893f-845d26f3c1bc",
          "name": "get-json-which-represents-the-structure-of-a-chapter",
          "request": {
            "url": {
              "protocol": "http",
              "host": "data.globalchange.gov",
              "path": [
                "report/:report_identifier/chapter/:chapter_identifier"
              ],
              "query": [
                {
                  "key": "ids",
                  "value": "%7B%7D",
                  "disabled": false
                },
                {
                  "key": "with_gcmd",
                  "value": "%7B%7D",
                  "disabled": false
                },
                {
                  "key": "with_regions",
                  "value": "%7B%7D",
                  "disabled": false
                }
              ],
              "variable": [
                {
                  "id": "chapter_identifier",
                  "value": "{}",
                  "type": "string"
                },
                {
                  "id": "report_identifier",
                  "value": "{}",
                  "type": "string"
                }
              ]
            },
            "method": "GET",
            "body": {
              "mode": "raw"
            },
            "description": "Get JSON which represents the structure of a chapter."
          },
          "response": [
            {
              "status": "OK",
              "code": 200,
              "name": "Response_200",
              "id": "aa9e06a9-d020-4c15-86de-7853331a68c7"
            }
          ]
        },
        {
          "id": "ba0b936e-bdfa-4bd5-a5b3-a9029dda02b5",
          "name": "get-json-which-represents-the-structure-of-a-figure-in-a-chapter",
          "request": {
            "url": {
              "protocol": "http",
              "host": "data.globalchange.gov",
              "path": [
                "report/:report_identifier/chapter/:chapter_identifier/figure/:figure_identifier"
              ],
              "query": [
                {
                  "key": "ids",
                  "value": "%7B%7D",
                  "disabled": false
                },
                {
                  "key": "with_gcmd",
                  "value": "%7B%7D",
                  "disabled": false
                },
                {
                  "key": "with_regions",
                  "value": "%7B%7D",
                  "disabled": false
                }
              ],
              "variable": [
                {
                  "id": "chapter_identifier",
                  "value": "{}",
                  "type": "string"
                },
                {
                  "id": "figure_identifier",
                  "value": "{}",
                  "type": "string"
                },
                {
                  "id": "report_identifier",
                  "value": "{}",
                  "type": "string"
                }
              ]
            },
            "method": "GET",
            "body": {
              "mode": "raw"
            },
            "description": "Get JSON which represents the structure of a figure in a chapter."
          },
          "response": [
            {
              "status": "OK",
              "code": 200,
              "name": "Response_200",
              "id": "bfb17d94-4305-46f6-9232-06914ce120ee"
            }
          ]
        },
        {
          "id": "7ac62416-87ca-47b2-9ca1-e87edced3260",
          "name": "get-json-which-represents-the-structure-of-a-finding-in-a-chapter",
          "request": {
            "url": {
              "protocol": "http",
              "host": "data.globalchange.gov",
              "path": [
                "report/:report_identifier/chapter/:chapter_identifier/finding/:finding_identifier"
              ],
              "query": [
                {
                  "key": "with_gcmd",
                  "value": "%7B%7D",
                  "disabled": false
                },
                {
                  "key": "with_regions",
                  "value": "%7B%7D",
                  "disabled": false
                }
              ],
              "variable": [
                {
                  "id": "chapter_identifier",
                  "value": "{}",
                  "type": "string"
                },
                {
                  "id": "finding_identifier",
                  "value": "{}",
                  "type": "string"
                },
                {
                  "id": "report_identifier",
                  "value": "{}",
                  "type": "string"
                }
              ]
            },
            "method": "GET",
            "body": {
              "mode": "raw"
            },
            "description": "Get JSON which represents the structure of a finding in a chapter."
          },
          "response": [
            {
              "status": "OK",
              "code": 200,
              "name": "Response_200",
              "id": "5e8bebbd-2a22-4c79-ad84-e881b63b4505"
            }
          ]
        },
        {
          "id": "9738e156-8f13-44bb-be56-a59d5bb4ff2d",
          "name": "get-json-which-represents-the-structure-of-a-table-in-a-chapter",
          "request": {
            "url": {
              "protocol": "http",
              "host": "data.globalchange.gov",
              "path": [
                "report/:report_identifier/chapter/:chapter_identifier/table/:table_identifier"
              ],
              "query": [
                {
                  "key": "with_gcmd",
                  "value": "%7B%7D",
                  "disabled": false
                },
                {
                  "key": "with_regions",
                  "value": "%7B%7D",
                  "disabled": false
                }
              ],
              "variable": [
                {
                  "id": "chapter_identifier",
                  "value": "{}",
                  "type": "string"
                },
                {
                  "id": "report_identifier",
                  "value": "{}",
                  "type": "string"
                },
                {
                  "id": "table_identifier",
                  "value": "{}",
                  "type": "string"
                }
              ]
            },
            "method": "GET",
            "body": {
              "mode": "raw"
            },
            "description": "Get JSON which represents the structure of a table in a chapter."
          },
          "response": [
            {
              "status": "OK",
              "code": 200,
              "name": "Response_200",
              "id": "0134359a-03cd-42aa-a195-404b62018197"
            }
          ]
        },
        {
          "id": "8ae1fd7f-7072-4b51-b42b-34193194f0cc",
          "name": "get-json-which-represents-the-structure-of-a-figure",
          "request": {
            "url": {
              "protocol": "http",
              "host": "data.globalchange.gov",
              "path": [
                "report/:report_identifier/figure/:figure_identifier"
              ],
              "query": [
                {
                  "key": "with_gcmd",
                  "value": "%7B%7D",
                  "disabled": false
                },
                {
                  "key": "with_regions",
                  "value": "%7B%7D",
                  "disabled": false
                }
              ],
              "variable": [
                {
                  "id": "figure_identifier",
                  "value": "{}",
                  "type": "string"
                },
                {
                  "id": "report_identifier",
                  "value": "{}",
                  "type": "string"
                }
              ]
            },
            "method": "GET",
            "body": {
              "mode": "raw"
            },
            "description": "Get JSON which represents the structure of a figure."
          },
          "response": [
            {
              "status": "OK",
              "code": 200,
              "name": "Response_200",
              "id": "2621f15c-a827-428c-b1ad-fd397a99c11f"
            }
          ]
        },
        {
          "id": "1ffe3a73-c243-427d-80a7-23377a896d8c",
          "name": "get-json-which-represents-the-structure-of-a-finding",
          "request": {
            "url": {
              "protocol": "http",
              "host": "data.globalchange.gov",
              "path": [
                "report/:report_identifier/finding/:finding_identifier"
              ],
              "query": [
                {
                  "key": "with_gcmd",
                  "value": "%7B%7D",
                  "disabled": false
                },
                {
                  "key": "with_regions",
                  "value": "%7B%7D",
                  "disabled": false
                }
              ],
              "variable": [
                {
                  "id": "finding_identifier",
                  "value": "{}",
                  "type": "string"
                },
                {
                  "id": "report_identifier",
                  "value": "{}",
                  "type": "string"
                }
              ]
            },
            "method": "GET",
            "body": {
              "mode": "raw"
            },
            "description": "Get JSON which represents the structure of a finding."
          },
          "response": [
            {
              "status": "OK",
              "code": 200,
              "name": "Response_200",
              "id": "065c0879-c567-4e5d-8030-ea5f2a16ba13"
            }
          ]
        },
        {
          "id": "e27a7d57-fbca-4b10-ad0a-f77aec71ff63",
          "name": "get-json-which-represents-the-structure-of-a-table",
          "request": {
            "url": {
              "protocol": "http",
              "host": "data.globalchange.gov",
              "path": [
                "report/:report_identifier/table/:table_identifier"
              ],
              "query": [
                {
                  "key": "with_gcmd",
                  "value": "%7B%7D",
                  "disabled": false
                },
                {
                  "key": "with_regions",
                  "value": "%7B%7D",
                  "disabled": false
                }
              ],
              "variable": [
                {
                  "id": "report_identifier",
                  "value": "{}",
                  "type": "string"
                },
                {
                  "id": "table_identifier",
                  "value": "{}",
                  "type": "string"
                }
              ]
            },
            "method": "GET",
            "body": {
              "mode": "raw"
            },
            "description": "Get JSON which represents the structure of a table."
          },
          "response": [
            {
              "status": "OK",
              "code": 200,
              "name": "Response_200",
              "id": "4b17648a-0d8a-4f63-a874-c775583f5d68"
            }
          ]
        },
        {
          "id": "b0585b20-553e-4f3c-aa60-3b0984a1f40f",
          "name": "get-json-which-represents-the-structure-of-a-scenario",
          "request": {
            "url": {
              "protocol": "http",
              "host": "data.globalchange.gov",
              "path": [
                "scenario/:scenario_identifier"
              ],
              "variable": [
                {
                  "id": "scenario_identifier",
                  "value": "{}",
                  "type": "string"
                }
              ]
            },
            "method": "GET",
            "body": {
              "mode": "raw"
            },
            "description": "Get JSON which represents the structure of a scenario."
          },
          "response": [
            {
              "status": "OK",
              "code": 200,
              "name": "Response_200",
              "id": "3cd55e26-cbe9-4ea1-b318-6723abdf77ae"
            }
          ]
        },
        {
          "id": "f7a35882-bbae-41f6-83b6-743766181f66",
          "name": "get-json-which-represents-the-structure-of-a-web-page",
          "request": {
            "url": {
              "protocol": "http",
              "host": "data.globalchange.gov",
              "path": [
                "webpage/:webpage_identifier"
              ],
              "query": [
                {
                  "key": "with_gcmd",
                  "value": "%7B%7D",
                  "disabled": false
                },
                {
                  "key": "with_regions",
                  "value": "%7B%7D",
                  "disabled": false
                }
              ],
              "variable": [
                {
                  "id": "webpage_identifier",
                  "value": "{}",
                  "type": "string"
                }
              ]
            },
            "method": "GET",
            "body": {
              "mode": "raw"
            },
            "description": "Get JSON which represents the structure of a web page."
          },
          "response": [
            {
              "status": "OK",
              "code": 200,
              "name": "Response_200",
              "id": "fc6c1f9d-fe86-43be-8015-5bc798c6d490"
            }
          ]
        }
      ]
    },
    {
      "name": "Arrays",
      "item": [
        {
          "id": "3b9383b8-2e9e-4290-b4ee-9391ba0dea47",
          "name": "list-the-arrays-20-per-page",
          "request": {
            "url": "http://data.globalchange.gov/array?all=%7B%7D&page=%7B%7D",
            "method": "GET",
            "body": {
              "mode": "raw"
            },
            "description": "List the arrays, 20 per page."
          },
          "response": [
            {
              "status": "OK",
              "code": 200,
              "name": "Response_200",
              "id": "d192fb02-006f-4c67-909a-68a4a8ce25d5"
            }
          ]
        },
        {
          "id": "64ae3517-7551-4a8f-86e1-64f3b679b338",
          "name": "list-the-arrays-associated-with-a-report-20-per-page",
          "request": {
            "url": {
              "protocol": "http",
              "host": "data.globalchange.gov",
              "path": [
                "report/:report_identifier/array"
              ],
              "query": [
                {
                  "key": "all",
                  "value": "%7B%7D",
                  "disabled": false
                },
                {
                  "key": "page",
                  "value": "%7B%7D",
                  "disabled": false
                }
              ],
              "variable": [
                {
                  "id": "report_identifier",
                  "value": "{}",
                  "type": "string"
                }
              ]
            },
            "method": "GET",
            "body": {
              "mode": "raw"
            },
            "description": "List the arrays associated with a report, 20 per page."
          },
          "response": [
            {
              "status": "OK",
              "code": 200,
              "name": "Response_200",
              "id": "bd6f8432-835a-4490-b026-0190d1bba214"
            }
          ]
        }
      ]
    },
    {
      "name": "Articles",
      "item": [
        {
          "id": "44572943-d28f-4f72-8228-0332178091bd",
          "name": "list-the-articles-20-per-page",
          "request": {
            "url": "http://data.globalchange.gov/article?all=%7B%7D&page=%7B%7D",
            "method": "GET",
            "body": {
              "mode": "raw"
            },
            "description": "List the articles, 20 per page."
          },
          "response": [
            {
              "status": "OK",
              "code": 200,
              "name": "Response_200",
              "id": "64e4f8cd-12b9-46c0-a681-3d55f8f433a9"
            }
          ]
        }
      ]
    },
    {
      "name": "Books",
      "item": [
        {
          "id": "9fccbfb2-a6f8-456e-97d8-5478fe27beee",
          "name": "list-the-books-20-per-page",
          "request": {
            "url": "http://data.globalchange.gov/book?all=%7B%7D&page=%7B%7D",
            "method": "GET",
            "body": {
              "mode": "raw"
            },
            "description": "List the books, 20 per page."
          },
          "response": [
            {
              "status": "OK",
              "code": 200,
              "name": "Response_200",
              "id": "1e1eab3f-ee6f-4e1f-814a-95ea040ff2b9"
            }
          ]
        },
        {
          "id": "9768765e-4241-4650-b6d2-aa50ab73fca3",
          "name": "list-the-books-associated-with-a-report-20-per-page",
          "request": {
            "url": {
              "protocol": "http",
              "host": "data.globalchange.gov",
              "path": [
                "report/:report_identifier/book"
              ],
              "query": [
                {
                  "key": "all",
                  "value": "%7B%7D",
                  "disabled": false
                },
                {
                  "key": "page",
                  "value": "%7B%7D",
                  "disabled": false
                }
              ],
              "variable": [
                {
                  "id": "report_identifier",
                  "value": "{}",
                  "type": "string"
                }
              ]
            },
            "method": "GET",
            "body": {
              "mode": "raw"
            },
            "description": "List the books associated with a report, 20 per page."
          },
          "response": [
            {
              "status": "OK",
              "code": 200,
              "name": "Response_200",
              "id": "b8e955ce-1241-422e-89d6-735a794a9ef5"
            }
          ]
        }
      ]
    },
    {
      "name": "Redirect",
      "item": [
        {
          "id": "00648e0e-5359-4a32-8853-dea7290249ab",
          "name": "given-a-numeric-id-redirect-to-the-full-uri-of-a-contributor",
          "request": {
            "url": {
              "protocol": "http",
              "host": "data.globalchange.gov",
              "path": [
                "contributor/:contributor_identifier"
              ],
              "variable": [
                {
                  "id": "contributor_identifier",
                  "value": "{}",
                  "type": "string"
                }
              ]
            },
            "method": "GET",
            "body": {
              "mode": "raw"
            },
            "description": "Given a numeric ID, redirect to the full URI of a contributor."
          },
          "response": [
            {
              "status": "OK",
              "code": 200,
              "name": "Response_200",
              "id": "1c0252e9-2b6b-4dd7-922e-efccd32ea8aa"
            }
          ]
        },
        {
          "id": "b4d7eec6-afda-487e-9263-ac32bae2dbb6",
          "name": "given-a-name-case-sensitive-concatenated-by-dashes-redirect-if-there-is-a-single-match--the-first-an",
          "request": {
            "url": {
              "protocol": "http",
              "host": "data.globalchange.gov",
              "path": [
                "person/:name"
              ],
              "variable": [
                {
                  "id": "name",
                  "value": "{}",
                  "type": "string"
                }
              ]
            },
            "method": "GET",
            "body": {
              "mode": "raw"
            },
            "description": "Given a name (case sensitive, concatenated by dashes), redirect if there is a single match.  The first and last names can be in either order."
          },
          "response": [
            {
              "status": "OK",
              "code": 200,
              "name": "Response_200",
              "id": "02c0012f-088a-4e40-b6a5-4de769f98584"
            }
          ]
        },
        {
          "id": "1ef4df95-e75a-4bac-be4e-0151223eab23",
          "name": "given-an-orcid-if-there-is-a-match-redirect-to-the-persons-uri",
          "request": {
            "url": {
              "protocol": "http",
              "host": "data.globalchange.gov",
              "path": [
                "person/:orcid"
              ],
              "variable": [
                {
                  "id": "orcid",
                  "value": "{}",
                  "type": "string"
                }
              ]
            },
            "method": "GET",
            "body": {
              "mode": "raw"
            },
            "description": "Given an ORCID, if there is a match, redirect to the persons URI."
          },
          "response": [
            {
              "status": "OK",
              "code": 200,
              "name": "Response_200",
              "id": "4390606a-74eb-4b05-a291-301a37ecd162"
            }
          ]
        },
        {
          "id": "dd7f4903-459f-4a17-91f3-e27c1f1cbe67",
          "name": "given-a-numeric-id-redirect-to-the-full-uri-of-a-publication",
          "request": {
            "url": {
              "protocol": "http",
              "host": "data.globalchange.gov",
              "path": [
                "publication/:publication_identifier"
              ],
              "variable": [
                {
                  "id": "publication_identifier",
                  "value": "{}",
                  "type": "string"
                }
              ]
            },
            "method": "GET",
            "body": {
              "mode": "raw"
            },
            "description": "Given a numeric ID, redirect to the full URI of a publication."
          },
          "response": [
            {
              "status": "OK",
              "code": 200,
              "name": "Response_200",
              "id": "23c451aa-29ca-456b-a44f-6b6feea1d1cd"
            }
          ]
        }
      ]
    },
    {
      "name": "Datasets",
      "item": [
        {
          "id": "10c33d8a-40b5-4c38-8a62-cb34bfaed115",
          "name": "list-the-datasets-20-per-page",
          "request": {
            "url": "http://data.globalchange.gov/dataset?all=%7B%7D&page=%7B%7D",
            "method": "GET",
            "body": {
              "mode": "raw"
            },
            "description": "List the datasets, 20 per page."
          },
          "response": [
            {
              "status": "OK",
              "code": 200,
              "name": "Response_200",
              "id": "5b50d3b5-6187-406a-86c4-fb332590856a"
            }
          ]
        }
      ]
    },
    {
      "name": "Look",
      "item": [
        {
          "id": "3b199580-09f4-42b1-9818-367d2c3b7598",
          "name": "given-a-doi-return-a-redirect-to-the-gcis-dataset",
          "request": {
            "url": {
              "protocol": "http",
              "host": "data.globalchange.gov",
              "path": [
                "dataset/lookup/:doi"
              ],
              "variable": [
                {
                  "id": "doi",
                  "value": "{}",
                  "type": "string"
                }
              ]
            },
            "method": "GET",
            "body": {
              "mode": "raw"
            },
            "description": "Given a DOI, return a redirect to the GCIS dataset."
          },
          "response": [
            {
              "status": "OK",
              "code": 200,
              "name": "Response_200",
              "id": "67f462b9-13e5-41c8-a37b-ae7fd54fa980"
            }
          ]
        }
      ]
    },
    {
      "name": "Folder",
      "item": [
        {
          "id": "69d33768-b334-410f-b645-d433a499d6f6",
          "name": "list-all-the-figures-in-gcis",
          "request": {
            "url": "http://data.globalchange.gov/figure?all=%7B%7D&page=%7B%7D",
            "method": "GET",
            "body": {
              "mode": "raw"
            },
            "description": "List all the figures in GCIS."
          },
          "response": [
            {
              "status": "OK",
              "code": 200,
              "name": "Response_200",
              "id": "44f336c0-d3a0-4fea-838c-0b471468504a"
            }
          ]
        }
      ]
    },
    {
      "name": "GCMD",
      "item": [
        {
          "id": "63aae99d-f6d1-42e3-992f-0adf07db5656",
          "name": "list-the-gcmd-keywords-in-the-gcis-20-per-page",
          "request": {
            "url": "http://data.globalchange.gov/gcmd_keyword?page=%7B%7D",
            "method": "GET",
            "body": {
              "mode": "raw"
            },
            "description": "List the GCMD keywords in the GCIS, 20 per page."
          },
          "response": [
            {
              "status": "OK",
              "code": 200,
              "name": "Response_200",
              "id": "05ddaaec-2e7e-4654-beee-0c60a9d001cd"
            }
          ]
        }
      ]
    },
    {
      "name": "Generic",
      "item": [
        {
          "id": "a98a2980-8276-434c-a6ca-f96b8cbadb3e",
          "name": "list-the-generic-publications-20-per-page",
          "request": {
            "url": "http://data.globalchange.gov/generic?all=%7B%7D&page=%7B%7D",
            "method": "GET",
            "body": {
              "mode": "raw"
            },
            "description": "List the generic publications, 20 per page."
          },
          "response": [
            {
              "status": "OK",
              "code": 200,
              "name": "Response_200",
              "id": "52ee90c9-d9f7-45e6-9591-2abbb95337e1"
            }
          ]
        }
      ]
    },
    {
      "name": "Images",
      "item": [
        {
          "id": "97f4ab51-e244-4bd5-89cd-371bec33eb17",
          "name": "list-the-images-20-per-page",
          "request": {
            "url": "http://data.globalchange.gov/image?all=%7B%7D&page=%7B%7D",
            "method": "GET",
            "body": {
              "mode": "raw"
            },
            "description": "List the images, 20 per page."
          },
          "response": [
            {
              "status": "OK",
              "code": 200,
              "name": "Response_200",
              "id": "5595aec6-4dc0-445a-bcce-c5f1146e5c7e"
            }
          ]
        },
        {
          "id": "91aa6876-bf9e-4631-9aa2-97e3d24e44cd",
          "name": "list-the-images-associated-with-a-report-20-per-page",
          "request": {
            "url": {
              "protocol": "http",
              "host": "data.globalchange.gov",
              "path": [
                "report/:report_identifier/image"
              ],
              "query": [
                {
                  "key": "all",
                  "value": "%7B%7D",
                  "disabled": false
                },
                {
                  "key": "page",
                  "value": "%7B%7D",
                  "disabled": false
                }
              ],
              "variable": [
                {
                  "id": "report_identifier",
                  "value": "{}",
                  "type": "string"
                }
              ]
            },
            "method": "GET",
            "body": {
              "mode": "raw"
            },
            "description": "List the images associated with a report, 20 per page."
          },
          "response": [
            {
              "status": "OK",
              "code": 200,
              "name": "Response_200",
              "id": "10eaa318-6fac-40bb-a1d0-8d1c32fd0b9f"
            }
          ]
        }
      ]
    },
    {
      "name": "Instruments",
      "item": [
        {
          "id": "0f0176db-8f63-4627-87ef-2f81bb6463eb",
          "name": "list-the-instruments-20-per-page",
          "request": {
            "url": "http://data.globalchange.gov/instrument?all=%7B%7D&page=%7B%7D",
            "method": "GET",
            "body": {
              "mode": "raw"
            },
            "description": "List the instruments, 20 per page."
          },
          "response": [
            {
              "status": "OK",
              "code": 200,
              "name": "Response_200",
              "id": "549410e9-c363-4c13-80a5-3e39b89c1901"
            }
          ]
        },
        {
          "id": "2916614f-4e62-42f1-9d17-8cb7e6347eab",
          "name": "list-the-instruments-on-a-platform-20-per-page",
          "request": {
            "url": {
              "protocol": "http",
              "host": "data.globalchange.gov",
              "path": [
                "platform/:platform_identifier/instrument"
              ],
              "query": [
                {
                  "key": "all",
                  "value": "%7B%7D",
                  "disabled": false
                },
                {
                  "key": "page",
                  "value": "%7B%7D",
                  "disabled": false
                }
              ],
              "variable": [
                {
                  "id": "platform_identifier",
                  "value": "{}",
                  "type": "string"
                }
              ]
            },
            "method": "GET",
            "body": {
              "mode": "raw"
            },
            "description": "List the instruments on a platform, 20 per page."
          },
          "response": [
            {
              "status": "OK",
              "code": 200,
              "name": "Response_200",
              "id": "81e6aa01-68bf-4c93-94c9-3dee926c65f8"
            }
          ]
        }
      ]
    },
    {
      "name": "Journals",
      "item": [
        {
          "id": "46a3a6f2-0e81-45c8-bc56-c906963f553a",
          "name": "list-the-journals-20-per-page",
          "request": {
            "url": "http://data.globalchange.gov/journal?all=%7B%7D&page=%7B%7D",
            "method": "GET",
            "body": {
              "mode": "raw"
            },
            "description": "List the journals, 20 per page."
          },
          "response": [
            {
              "status": "OK",
              "code": 200,
              "name": "Response_200",
              "id": "b6680aac-1ca4-40ea-8fe4-d9155d011133"
            }
          ]
        }
      ]
    },
    {
      "name": "Lexicons",
      "item": [
        {
          "id": "8820a3fc-9b38-415d-8fd9-1a8a668d9e57",
          "name": "list-the-lexicons-20-per-page",
          "request": {
            "url": "http://data.globalchange.gov/lexicon?all=%7B%7D&page=%7B%7D",
            "method": "GET",
            "body": {
              "mode": "raw"
            },
            "description": "List the lexicons, 20 per page."
          },
          "response": [
            {
              "status": "OK",
              "code": 200,
              "name": "Response_200",
              "id": "8435e095-85a0-4d73-82f6-6fa6e87fc24a"
            }
          ]
        }
      ]
    },
    {
      "name": "Lookup",
      "item": [
        {
          "id": "025b73c0-6f1c-4a68-906b-de4cdc1008a8",
          "name": "given-a-lexicon-term-and-context-return-a-303-redirect-to-a-gcid",
          "request": {
            "url": {
              "protocol": "http",
              "host": "data.globalchange.gov",
              "path": [
                "lexicon/:lexicon_identifier/find/:context/:term"
              ],
              "variable": [
                {
                  "id": "context",
                  "value": "{}",
                  "type": "string"
                },
                {
                  "id": "lexicon_identifier",
                  "value": "{}",
                  "type": "string"
                },
                {
                  "id": "term",
                  "value": "{}",
                  "type": "string"
                }
              ]
            },
            "method": "GET",
            "body": {
              "mode": "raw"
            },
            "description": "Given a lexicon, term, and context, return a 303 redirect to a GCID"
          },
          "response": [
            {
              "status": "OK",
              "code": 200,
              "name": "Response_200",
              "id": "91a8eda5-9235-4aed-9402-e0ef789e8b44"
            }
          ]
        },
        {
          "id": "b2ac6150-63b7-4e37-8e20-5405bc042bfc",
          "name": "given-a-lexicon-term-and-context-return-a-303-redirect-to-a-gcid1",
          "request": {
            "url": {
              "protocol": "http",
              "host": "data.globalchange.gov",
              "path": [
                "lexicon/:lexicon_identifier/:context/:term"
              ],
              "variable": [
                {
                  "id": "context",
                  "value": "{}",
                  "type": "string"
                },
                {
                  "id": "lexicon_identifier",
                  "value": "{}",
                  "type": "string"
                },
                {
                  "id": "term",
                  "value": "{}",
                  "type": "string"
                }
              ]
            },
            "method": "GET",
            "body": {
              "mode": "raw"
            },
            "description": "Given a lexicon, term, and context, return a 303 redirect to a GCID"
          },
          "response": [
            {
              "status": "OK",
              "code": 200,
              "name": "Response_200",
              "id": "e84e4765-9657-4f66-baae-afe34a4dd3f5"
            }
          ]
        }
      ]
    },
    {
      "name": "Terms",
      "item": [
        {
          "id": "7bc658a5-d113-4aab-a829-08515fd3fb7f",
          "name": "list-the-terms-within-a-context-of-a-lexicon",
          "request": {
            "url": {
              "protocol": "http",
              "host": "data.globalchange.gov",
              "path": [
                "lexicon/:lexicon_identifier/list/:context"
              ],
              "variable": [
                {
                  "id": "context",
                  "value": "{}",
                  "type": "string"
                },
                {
                  "id": "lexicon_identifier",
                  "value": "{}",
                  "type": "string"
                }
              ]
            },
            "method": "GET",
            "body": {
              "mode": "raw"
            },
            "description": "List the terms within a context of a lexicon"
          },
          "response": [
            {
              "status": "OK",
              "code": 200,
              "name": "Response_200",
              "id": "2ae68f60-cbc1-4bcb-acb5-44124353c13c"
            }
          ]
        }
      ]
    },
    {
      "name": "Overall",
      "item": [
        {
          "id": "e9e11a4c-ae80-4207-80b6-69103da947ed",
          "name": "get-overall-metrics-about-gcis-data",
          "request": {
            "url": "http://data.globalchange.gov/metrics",
            "method": "GET",
            "body": {
              "mode": "raw"
            },
            "description": "Get overall metrics about GCIS data"
          },
          "response": [
            {
              "status": "OK",
              "code": 200,
              "name": "Response_200",
              "id": "c9ebdb12-8f68-484d-ace2-24ab127ddea1"
            }
          ]
        }
      ]
    },
    {
      "name": "Models",
      "item": [
        {
          "id": "a9524e86-494e-4204-8983-a482df4aabbc",
          "name": "list-the-models-20-per-page",
          "request": {
            "url": "http://data.globalchange.gov/model?all=%7B%7D&page=%7B%7D",
            "method": "GET",
            "body": {
              "mode": "raw"
            },
            "description": "List the models, 20 per page."
          },
          "response": [
            {
              "status": "OK",
              "code": 200,
              "name": "Response_200",
              "id": "8305c1bc-682b-44bf-a681-acaf5fbd5cb6"
            }
          ]
        }
      ]
    },
    {
      "name": "Model",
      "item": [
        {
          "