{
  "info": {
    "name": "Bank of Scotland Get Commercial Credit Cards",
    "_postman_id": "f0738de4-e733-4d5d-9763-e84960fdc048",
    "description": "This endpoint can contain multiple brands owned by a particular banking group. Each brand can own multiple SME Commercial Credit Card products.",
    "schema": "https://schema.getpostman.com/json/collection/v2.0.0/"
  },
  "item": [
    {
      "name": "commercial",
      "item": [
        {
          "id": "fae98074-018d-4e3d-a8d7-9d13016632b5",
          "name": "getCommercialCreditCards",
          "request": {
            "url": "http://api.bankofscotland.co.uk/open-banking/v2.1/commercial-credit-cards/",
            "method": "GET",
            "body": {
              "mode": "raw"
            },
            "description": "This endpoint can contain multiple brands owned by a particular banking group"
          },
          "response": [
            {
              "status": "OK",
              "code": 200,
              "name": "Response_200",
              "id": "e2c888d5-473e-42f1-95b4-5f06dc8557fd"
            }
          ]
        }
      ]
    }
  ]
}