{
  "info": {
    "name": "Refuge Restrooms Perform full-text search of restroom records.",
    "_postman_id": "c2e50936-53aa-4851-a4f2-c8a3d4bfd191",
    "description": "",
    "schema": "https://schema.getpostman.com/json/collection/v2.0.0/"
  },
  "item": [
    {
      "id": "279945db-c197-49ed-9034-10aef6cda4b9",
      "name": "v1.restrooms.json.get",
      "request": {
        "url": "http://www.refugerestrooms.org/api/v1/restrooms.json?ada=%7B%7D&offset=%7B%7D&page=%7B%7D&per_page=%7B%7D&unisex=%7B%7D",
        "method": "GET",
        "header": [
          {
            "key": "Accept",
            "value": "*/*",
            "disabled": false
          }
        ],
        "body": {
          "mode": "raw"
        },
        "description": "Get all restroom records ordered by date descending."
      },
      "response": [
        {
          "status": "OK",
          "code": 200,
          "name": "Response_200",
          "id": "dc8cb3e2-4c21-4e3b-9299-e17dd040ae73"
        }
      ]
    },
    {
      "id": "c93d767d-98b4-418c-9aab-b9ff5a1bf688",
      "name": "v1.restrooms.by_date.json.get",
      "request": {
        "url": "http://www.refugerestrooms.org/api/v1/restrooms/by_date.json?ada=%7B%7D&day=%7B%7D&month=%7B%7D&offset=%7B%7D&page=%7B%7D&per_page=%7B%7D&unisex=%7B%7D&updated=%7B%7D&year=%7B%7D",
        "method": "GET",
        "header": [
          {
            "key": "Accept",
            "value": "*/*",
            "disabled": false
          }
        ],
        "body": {
          "mode": "raw"
        },
        "description": "Search for restroom records updated or created on or after a given date"
      },
      "response": [
        {
          "status": "OK",
          "code": 200,
          "name": "Response_200",
          "id": "324b5716-5dbf-4e38-bb95-35955ad30ed7"
        }
      ]
    },
    {
      "id": "a440e3fe-ff0f-4d43-89e9-f1cad8e70992",
      "name": "v1.restrooms.by_location.json.get",
      "request": {
        "url": "http://www.refugerestrooms.org/api/v1/restrooms/by_location.json?ada=%7B%7D&lat=%7B%7D&lng=%7B%7D&offset=%7B%7D&page=%7B%7D&per_page=%7B%7D&unisex=%7B%7D",
        "method": "GET",
        "header": [
          {
            "key": "Accept",
            "value": "*/*",
            "disabled": false
          }
        ],
        "body": {
          "mode": "raw"
        },
        "description": "Search by location."
      },
      "response": [
        {
          "status": "OK",
          "code": 200,
          "name": "Response_200",
          "id": "9bfa0559-d221-4a04-8110-0e42c3330bdd"
        }
      ]
    },
    {
      "id": "20f30077-87a1-403a-8a35-b26dbe57aaa7",
      "name": "v1.restrooms.search.json.get",
      "request": {
        "url": "http://www.refugerestrooms.org/api/v1/restrooms/search.json?ada=%7B%7D&offset=%7B%7D&page=%7B%7D&per_page=%7B%7D&query=%7B%7D&unisex=%7B%7D",
        "method": "GET",
        "header": [
          {
            "key": "Accept",
            "value": "*/*",
            "disabled": false
          }
        ],
        "body": {
          "mode": "raw"
        },
        "description": "Perform full-text search of restroom records."
      },
      "response": [
        {
          "status": "OK",
          "code": 200,
          "name": "Response_200",
          "id": "33860fb0-9a0e-4175-99db-635daa7e21c4"
        }
      ]
    }
  ]
}