{
  "info": {
    "name": "FraudLabs Pro V1OrderFeedback_POST",
    "_postman_id": "264a6310-9adb-438a-b2e8-3e45529c51aa",
    "description": "Feedback the status of an order transaction.",
    "schema": "https://schema.getpostman.com/json/collection/v2.0.0/"
  },
  "item": [
    {
      "name": "Orders",
      "item": [
        {
          "id": "b1793c49-1545-41d2-a735-5ed886b1787d",
          "name": "V1OrderScreenPost",
          "request": {
            "url": "http://virtserver.swaggerhub.com/fraudlabspro/fraudlabspro/1.0/v1/order/screen?amount=%7B%7D&avs_result=%7B%7D&bill_addr=%7B%7D&bill_city=%7B%7D&bill_country=%7B%7D&bill_state=%7B%7D&bill_zip_code=%7B%7D&bin_no=%7B%7D&card_hash=%7B%7D&currency=%7B%7D&cvv_result=%7B%7D&department=%7B%7D&email=%7B%7D&email_domain=%7B%7D&email_hash=%7B%7D&first_name=%7B%7D&flp_checksum=%7B%7D&format=%7B%7D&ip=%7B%7D&key=%7B%7D&last_name=%7B%7D&password_hash=%7B%7D&payment_mode=%7B%7D&quantity=%7B%7D&ship_addr=%7B%7D&ship_city=%7B%7D&ship_country=%7B%7D&ship_state=%7B%7D&ship_zip_code=%7B%7D&username_hash=%7B%7D&user_order_id=%7B%7D&user_order_memo=%7B%7D&user_phone=%7B%7D",
            "method": "POST",
            "header": [
              {
                "key": "Accept",
                "value": "*/*",
                "disabled": false
              }
            ],
            "body": {
              "mode": "raw"
            },
            "description": "Screen order for payment fraud."
          },
          "response": [
            {
              "status": "OK",
              "code": 200,
              "name": "Response_200",
              "id": "75879b62-1f22-4ac0-861d-3e173e2be754"
            }
          ]
        },
        {
          "id": "6d845bb4-ff02-4a20-a5be-f5731246e517",
          "name": "V1OrderFeedbackPost",
          "request": {
            "url": "http://virtserver.swaggerhub.com/fraudlabspro/fraudlabspro/1.0/v1/order/feedback?action=%7B%7D&format=%7B%7D&id=%7B%7D&key=%7B%7D&notes=%7B%7D",
            "method": "POST",
            "header": [
              {
                "key": "Accept",
                "value": "*/*",
                "disabled": false
              }
            ],
            "body": {
              "mode": "raw"
            },
            "description": "Feedback the status of an order transaction."
          },
          "response": [
            {
              "status": "OK",
              "code": 200,
              "name": "Response_200",
              "id": "1c106aa2-3aec-492a-b6af-428db11b3aa8"
            }
          ]
        }
      ]
    }
  ]
}