{
  "info": {
    "name": "News Whip API Region",
    "_postman_id": "aaaddc75-8328-4b83-a99d-329f14702aa9",
    "description": "Search news by region",
    "schema": "https://schema.getpostman.com/json/collection/v2.0.0/"
  },
  "item": [
    {
      "name": "News",
      "item": [
        {
          "id": "ecfb9d74-8f7c-42ff-87ce-cd110e33c081",
          "name": "getLocal",
          "request": {
            "url": "http://api.newswhip.com/v1/local/?key=%7B%7D",
            "method": "GET",
            "body": {
              "mode": "raw"
            },
            "description": "Pull list of localities."
          },
          "response": [
            {
              "status": "OK",
              "code": 200,
              "name": "Response_200",
              "id": "d203cdb4-9828-4a7f-8c1d-556e82e8cccf"
            }
          ]
        },
        {
          "id": "6807128e-56ac-4622-b6af-d25dcea38efd",
          "name": "getLocalCityAllTimePeriod",
          "request": {
            "url": {
              "protocol": "http",
              "host": "api.newswhip.com",
              "path": [
                "v1",
                "local/:city/All/:time_period"
              ],
              "query": [
                {
                  "key": "key",
                  "value": "%7B%7D",
                  "disabled": false
                },
                {
                  "key": "sort_by",
                  "value": "%7B%7D",
                  "disabled": false
                },
                {
                  "key": "video_only",
                  "value": "%7B%7D",
                  "disabled": false
                }
              ],
              "variable": [
                {
                  "id": "city",
                  "value": "{}",
                  "type": "string"
                },
                {
                  "id": "time_period",
                  "value": "{}",
                  "type": "string"
                }
              ]
            },
            "method": "GET",
            "body": {
              "mode": "raw"
            },
            "description": "Search local news."
          },
          "response": [
            {
              "status": "OK",
              "code": 200,
              "name": "Response_200",
              "id": "2866e14a-a3d6-4367-b8e5-b022ee719d3b"
            }
          ]
        },
        {
          "id": "eabc6e87-48f8-485b-b572-cd03bba6a11f",
          "name": "getPublisher",
          "request": {
            "url": "http://api.newswhip.com/v1/publisher/?key=%7B%7D",
            "method": "GET",
            "body": {
              "mode": "raw"
            },
            "description": "Pull publishers."
          },
          "response": [
            {
              "status": "OK",
              "code": 200,
              "name": "Response_200",
              "id": "d53037f1-80b1-4a91-89d0-83766efcca3b"
            }
          ]
        },
        {
          "id": "d7538cf6-ed09-4b15-bdc4-84f975b6f2f8",
          "name": "getPublisherPublisherTimePeriod",
          "request": {
            "url": {
              "protocol": "http",
              "host": "api.newswhip.com",
              "path": [
                "v1",
                "publisher/:publisher/:time_period"
              ],
              "query": [
                {
                  "key": "key",
                  "value": "%7B%7D",
                  "disabled": false
                },
                {
                  "key": "sort_by",
                  "value": "%7B%7D",
                  "disabled": false
                },
                {
                  "key": "video_only",
                  "value": "%7B%7D",
                  "disabled": false
                }
              ],
              "variable": [
                {
                  "id": "publisher",
                  "value": "{}",
                  "type": "string"
                },
                {
                  "id": "time_period",
                  "value": "{}",
                  "type": "string"
                }
              ]
            },
            "method": "GET",
            "body": {
              "mode": "raw"
            },
            "description": "Search news by publisiher."
          },
          "response": [
            {
              "status": "OK",
              "code": 200,
              "name": "Response_200",
              "id": "eda0ccc6-0277-47be-b55c-21b368e77121"
            }
          ]
        },
        {
          "id": "cb9fb562-5e8d-448c-a883-07e63bcaef80",
          "name": "getRegion",
          "request": {
            "url": "http://api.newswhip.com/v1/region/?key=%7B%7D",
            "method": "GET",
            "body": {
              "mode": "raw"
            },
            "description": "Retrieve list of regions"
          },
          "response": [
            {
              "status": "OK",
              "code": 200,
              "name": "Response_200",
              "id": "c3a6e3c3-0f71-45cd-b5ed-6b83fe99bafb"
            }
          ]
        },
        {
          "id": "884b7629-5d6c-48c1-bd46-ac5339bd90fd",
          "name": "getRegionRegionCategoryTimePeriod",
          "request": {
            "url": {
              "protocol": "http",
              "host": "api.newswhip.com",
              "path": [
                "v1",
                "region/:region/:category/:time_period"
              ],
              "query": [
                {
                  "key": "key",
                  "value": "%7B%7D",
                  "disabled": false
                },
                {
                  "key": "sort_by",
                  "value": "%7B%7D",
                  "disabled": false
                },
                {
                  "key": "video_only",
                  "value": "%7B%7D",
                  "disabled": false
                }
              ],
              "variable": [
                {
                  "id": "category",
                  "value": "{}",
                  "type": "string"
                },
                {
                  "id": "region",
                  "value": "{}",
                  "type": "string"
                },
                {
                  "id": "time_period",
                  "value": "{}",
                  "type": "string"
                }
              ]
            },
            "method": "GET",
            "body": {
              "mode": "raw"
            },
            "description": "Search news by region"
          },
          "response": [
            {
              "status": "OK",
              "code": 200,
              "name": "Response_200",
              "id": "07370385-514a-4c91-aa96-463a8d050102"
            }
          ]
        }
      ]
    }
  ]
}