{
  "info": {
    "name": "News Cred Videos",
    "_postman_id": "7f96cb2f-1428-49a1-bdf8-76656371c830",
    "description": "Returns videos matching the given query string",
    "schema": "https://schema.getpostman.com/json/collection/v2.0.0/"
  },
  "item": [
    {
      "name": "News",
      "item": [
        {
          "id": "546cadd2-0cf4-49b9-a24d-951810cf00b4",
          "name": "getTopicGu]Articles",
          "request": {
            "url": "http://api.newscred.com/topic/{guid]/articles/?access_key=%7B%7D&article_filter_mode=%7B%7D&article_filter_name=%7B%7D&categories=%7B%7D&from_date=%7B%7D&get_topics=%7B%7D&guid=%7B%7D&has_images=%7B%7D&languages=%7B%7D&licensed=%7B%7D&media_types=%7B%7D&offset=%7B%7D&pagesize=%7B%7D&sort=%7B%7D&sources=%7B%7D&source_countries=%7B%7D&source_filter_mode=%7B%7D&source_filter_name=%7B%7D&to_date=%7B%7D",
            "method": "GET",
            "body": {
              "mode": "raw"
            },
            "description": "Returns a list of articles related to the specified topic."
          },
          "response": [
            {
              "status": "OK",
              "code": 200,
              "name": "Response_200",
              "id": "51e1facb-6fdc-449a-9694-6e487568775a"
            }
          ]
        },
        {
          "id": "22339a33-eefb-478a-80b7-cb15d180864e",
          "name": "getArticles",
          "request": {
            "url": "http://api.newscred.com/articles/?access_key=%7B%7D&article_filter_mode=%7B%7D&article_filter_name=%7B%7D&boolean_operator=%7B%7D&categories=%7B%7D&exact=%7B%7D&from_date=%7B%7D&get_topics=%7B%7D&has_images=%7B%7D&languages=%7B%7D&licensed=%7B%7D&links=%7B%7D&max_length=%7B%7D&media_types=%7B%7D&min_length=%7B%7D&mm=%7B%7D&modified_since=%7B%7D&offset=%7B%7D&query=%7B%7D&query_fields=%7B%7D&safe_search=%7B%7D&sort=%7B%7D&sources=%7B%7D&source_countries=%7B%7D&source_filter_mode=%7B%7D&source_filter_name=%7B%7D&topics=%7B%7D&topic_filter_mode=%7B%7D&topic_filter_name=%7B%7D&to_date=%7B%7D",
            "method": "GET",
            "body": {
              "mode": "raw"
            },
            "description": "Returns a list of articles according to the specified set of parameters."
          },
          "response": [
            {
              "status": "OK",
              "code": 200,
              "name": "Response_200",
              "id": "eddbd0f7-e77c-46a5-81e2-12e0d420b2c2"
            }
          ]
        },
        {
          "id": "0ceb03ea-d1e2-41c0-a34e-d6e8fedeec3e",
          "name": "getAuthorGuArticles",
          "request": {
            "url": {
              "protocol": "http",
              "host": "api.newscred.com",
              "path": [
                "author/:guid/articles/"
              ],
              "query": [
                {
                  "key": "access_key",
                  "value": "%7B%7D",
                  "disabled": false
                },
                {
                  "key": "article_filter_mode",
                  "value": "%7B%7D",
                  "disabled": false
                },
                {
                  "key": "article_filter_name",
                  "value": "%7B%7D",
                  "disabled": false
                },
                {
                  "key": "categories",
                  "value": "%7B%7D",
                  "disabled": false
                },
                {
                  "key": "from_date",
                  "value": "%7B%7D",
                  "disabled": false
                },
                {
                  "key": "get_topics",
                  "value": "%7B%7D",
                  "disabled": false
                },
                {
                  "key": "has_images",
                  "value": "%7B%7D",
                  "disabled": false
                },
                {
                  "key": "languages",
                  "value": "%7B%7D",
                  "disabled": false
                },
                {
                  "key": "licensed",
                  "value": "%7B%7D",
                  "disabled": false
                },
                {
                  "key": "media_types",
                  "value": "%7B%7D",
                  "disabled": false
                },
                {
                  "key": "offset",
                  "value": "%7B%7D",
                  "disabled": false
                },
                {
                  "key": "pagesize",
                  "value": "%7B%7D",
                  "disabled": false
                },
                {
                  "key": "sort",
                  "value": "%7B%7D",
                  "disabled": false
                },
                {
                  "key": "sources",
                  "value": "%7B%7D",
                  "disabled": false
                },
                {
                  "key": "source_countries",
                  "value": "%7B%7D",
                  "disabled": false
                },
                {
                  "key": "source_filter_mode",
                  "value": "%7B%7D",
                  "disabled": false
                },
                {
                  "key": "source_filter_name",
                  "value": "%7B%7D",
                  "disabled": false
                },
                {
                  "key": "topics",
                  "value": "%7B%7D",
                  "disabled": false
                },
                {
                  "key": "topic_filter_mode",
                  "value": "%7B%7D",
                  "disabled": false
                },
                {
                  "key": "topic_filter_name",
                  "value": "%7B%7D",
                  "disabled": false
                },
                {
                  "key": "to_date",
                  "value": "%7B%7D",
                  "disabled": false
                }
              ],
              "variable": [
                {
                  "id": "guid",
                  "value": "{}",
                  "type": "string"
                }
              ]
            },
            "method": "GET",
            "body": {
              "mode": "raw"
            },
            "description": "Returns articles written by the specified author and matching the given query string."
          },
          "response": [
            {
              "status": "OK",
              "code": 200,
              "name": "Response_200",
              "id": "d547ce45-080e-4589-92a5-a2a7f5bdf1ca"
            }
          ]
        },
        {
          "id": "0dbed16d-27e7-4953-a5fb-b912f68d9c44",
          "name": "getAuthorGuTopics",
          "request": {
            "url": {
              "protocol": "http",
              "host": "api.newscred.com",
              "path": [
                "author/:guid/topics/"
              ],
              "query": [
                {
                  "key": "access_key",
                  "value": "%7B%7D",
                  "disabled": false
                },
                {
                  "key": "from_date",
                  "value": "%7B%7D",
                  "disabled": false
                },
                {
                  "key": "offset",
                  "value": "%7B%7D",
                  "disabled": false
                },
                {
                  "key": "pagesize",
                  "value": "%7B%7D",
                  "disabled": false
                },
                {
                  "key": "topics",
                  "value": "%7B%7D",
                  "disabled": false
                },
                {
                  "key": "topic_classifications",
                  "value": "%7B%7D",
                  "disabled": false
                },
                {
                  "key": "topic_filter_mode",
                  "value": "%7B%7D",
                  "disabled": false
                },
                {
                  "key": "topic_filter_name",
                  "value": "%7B%7D",
                  "disabled": false
                },
                {
                  "key": "topic_subclassifications",
                  "value": "%7B%7D",
                  "disabled": false
                },
                {
                  "key": "to_date",
                  "value": "%7B%7D",
                  "disabled": false
                }
              ],
              "variable": [
                {
                  "id": "guid",
                  "value": "{}",
                  "type": "string"
                }
              ]
            },
            "method": "GET",
            "body": {
              "mode": "raw"
            },
            "description": "Gets a list of topics related to an author."
          },
          "response": [
            {
              "status": "OK",
              "code": 200,
              "name": "Response_200",
              "id": "779a8d02-6de0-44ac-b02c-ed3c541c3e14"
            }
          ]
        },
        {
          "id": "86b14536-14cf-4ebb-8a89-357c2998ba4b",
          "name": "getCategories",
          "request": {
            "url": "http://api.newscred.com/categories/?access_key=%7B%7D&autosuggest=%7B%7D&query=%7B%7D",
            "method": "GET",
            "body": {
              "mode": "raw"
            },
            "description": "Search for categories"
          },
          "response": [
            {
              "status": "OK",
              "code": 200,
              "name": "Response_200",
              "id": "8daeda14-c80a-4f1c-b8a7-e16467266836"
            }
          ]
        },
        {
          "id": "c64a6794-5a0b-4cbe-9599-fb1b76c87d49",
          "name": "getCategoryDashedNameSources",
          "request": {
            "url": "http://api.newscred.com/category/dashed-name/sources/?access_key=%7B%7D&from_date=%7B%7D&media_types=%7B%7D&offset=%7B%7D&pagesize=%7B%7D&sources=%7B%7D&source_countries=%7B%7D&source_filter_mode=%7B%7D&source_filter_name=%7B%7D&to_date=%7B%7D",
            "method": "GET",
            "body": {
              "mode": "raw"
            },
            "description": "Gets a list of sources that write most frequently about the category specified by the dashed name"
          },
          "response": [
            {
              "status": "OK",
              "code": 200,
              "name": "Response_200",
              "id": "ced16174-347d-407a-b904-efb4a61e9a19"
            }
          ]
        },
        {
          "id": "42aaba31-6a7a-4a64-b853-e923f90c5bd0",
          "name": "getCategoryDashedNameTopics",
          "request": {
            "url": "http://api.newscred.com/category/dashed-name/topics/?access_key=%7B%7D&from_date=%7B%7D&offset=%7B%7D&pagesize=%7B%7D&topic_classifications=%7B%7D&topic_filter_mode=%7B%7D&topic_filter_name=%7B%7D&topic_subclassifications=%7B%7D&to_date=%7B%7D",
            "method": "GET",
            "body": {
              "mode": "raw"
            },
            "description": "Gets a list of topics within the category specified by the dashed name."
          },
          "response": [
            {
              "status": "OK",
              "code": 200,
              "name": "Response_200",
              "id": "1e138bd2-4542-46f8-8c85-bb92cef8c76b"
            }
          ]
        },
        {
          "id": "57a7ed69-46ef-49d8-a4db-42d75c67661d",
          "name": "getCategoryCategoryName]Stories",
          "request": {
            "url": "http://api.newscred.com/category/{category-name]/stories/?access_key=%7B%7D&article_filter_mode=%7B%7D&article_filter_name=%7B%7D&cluster_size=%7B%7D&from_date=%7B%7D&get_topics=%7B%7D&has_images=%7B%7D&languages=%7B%7D&licensed=%7B%7D&media_types=%7B%7D&offset=%7B%7D&pagesize=%7B%7D&sources=%7B%7D&source_countries=%7B%7D&source_filter_mode=%7B%7D&source_filter_name=%7B%7D&to_date=%7B%7D",
            "method": "GET",
            "body": {
              "mode": "raw"
            },
            "description": "Find the top news stories related to a given category. A story is a collection of similar articles."
          },
          "response": [
            {
              "status": "OK",
              "code": 200,
              "name": "Response_200",
              "id": "b6d0122c-f923-4bfd-9de6-ab6454714b1f"
            }
          ]
        },
        {
          "id": "190a30b8-1863-45c1-8e85-937fed86f397",
          "name": "getCategoryDashedNameImages",
          "request": {
            "url": {
              "protocol": "http",
              "host": "api.newscred.com",
              "path": [
                "category/:dashed-name/images/"
              ],
              "query": [
                {
                  "key": "access_key",
                  "value": "%7B%7D",
                  "disabled": false
                },
                {
                  "key": "safe_search",
                  "value": "%7B%7D",
                  "disabled": false
                }
              ],
              "variable": [
                {
                  "id": "dashed-name",
                  "value": "dashed-name",
                  "type": "string"
                }
              ]
            },
            "method": "GET",
            "body": {
              "mode": "raw"
            },
            "description": "Gets images related to the specified category."
          },
          "response": [
            {
              "status": "OK",
              "code": 200,
              "name": "Response_200",
              "id": "129d54b1-f0d7-499d-8b1b-fe462fa7ae7f"
            }
          ]
        },
        {
          "id": "e42e69f1-6d83-4dd7-b2a3-1dea9a50c5d3",
          "name": "getSourceGuArticles",
          "request": {
            "url": {
              "protocol": "http",
              "host": "api.newscred.com",
              "path": [
                "source/:GUID/articles/"
              ],
              "query": [
                {
                  "key": "access_key",
                  "value": "%7B%7D",
                  "disabled": false
                },
                {
                  "key": "article_filter_mode",
                  "value": "%7B%7D",
                  "disabled": false
                },
                {
                  "key": "article_filter_name",
                  "value": "%7B%7D",
                  "disabled": false
                },
                {
                  "key": "categories",
                  "value": "%7B%7D",
                  "disabled": false
                },
                {
                  "key": "from_date",
                  "value": "%7B%7D",
                  "disabled": false
                },
                {
                  "key": "get_topics",
                  "value": "%7B%7D",
                  "disabled": false
                },
                {
                  "key": "has_images",
                  "value": "%7B%7D",
                  "disabled": false
                },
                {
                  "key": "languages",
                  "value": "%7B%7D",
                  "disabled": false
                },
                {
                  "key": "licensed",
                  "value": "%7B%7D",
                  "disabled": false
                },
                {
                  "key": "media_types",
                  "value": "%7B%7D",
                  "disabled": false
                },
                {
                  "key": "offset",
                  "value": "%7B%7D",
                  "disabled": false
                },
                {
                  "key": "pagesize",
                  "value": "%7B%7D",
                  "disabled": false
                },
                {
                  "key": "sort",
                  "value": "%7B%7D",
                  "disabled": false
                },
                {
                  "key": "topics",
                  "value": "%7B%7D",
                  "disabled": false
                },
                {
                  "key": "topic_filter_mode",
                  "value": "%7B%7D",
                  "disabled": false
                },
                {
                  "key": "topic_filter_name",
                  "value": "%7B%7D",
                  "disabled": false
                },
                {
                  "key": "to_date",
                  "value": "%7B%7D",
                  "disabled": false
                }
              ],
              "variable": [
                {
                  "id": "GUID",
                  "value": "GUID",
                  "type": "string"
                }
              ]
            },
            "method": "GET",
            "body": {
              "mode": "raw"
            },
            "description": "Returns a list of articles provided by the specified source"
          },
          "response": [
            {
              "status": "OK",
              "code": 200,
              "name": "Response_200",
              "id": "7309640a-7807-470d-bc0b-5f08ccdc2162"
            }
          ]
        },
        {
          "id": "ed7c12ca-d304-4359-a52a-a4fb358d04d7",
          "name": "getSourceGuTopics",
          "request": {
            "url": {
              "protocol": "http",
              "host": "api.newscred.com",
              "path": [
                "source/:GUID/topics/"
              ],
              "query": [
                {
                  "key": "access_key",
                  "value": "%7B%7D",
                  "disabled": false
                },
                {
                  "key": "from_date",
                  "value": "%7B%7D",
                  "disabled": false
                },
                {
                  "key": "offset",
                  "value": "%7B%7D",
                  "disabled": false
                },
                {
                  "key": "pagesize",
                  "value": "%7B%7D",
                  "disabled": false
                },
                {
                  "key": "topics",
                  "value": "%7B%7D",
                  "disabled": false
                },
                {
                  "key": "topic_classifications",
                  "value": "%7B%7D",
                  "disabled": false
                },
                {
                  "key": "topic_filter_mode",
                  "value": "%7B%7D",
                  "disabled": false
                },
                {
                  "key": "topic_filter_name",
                  "value": "%7B%7D",
                  "disabled": false
                },
                {
                  "key": "topic_subclassifications",
                  "value": "%7B%7D",
                  "disabled": false
                },
                {
                  "key": "to_date",
                  "value": "%7B%7D",
                  "disabled": false
                }
              ],
              "variable": [
                {
                  "id": "GUID",
                  "value": "GUID",
                  "type": "string"
                }
              ]
            },
            "method": "GET",
            "body": {
              "mode": "raw"
            },
            "description": "Returns a list of topics related to the source specified by the given GUID."
          },
          "response": [
            {
              "status": "OK",
              "code": 200,
              "name": "Response_200",
              "id": "1832e875-6297-496b-8aea-ba5363c1590b"
            }
          ]
        },
        {
          "id": "685b69d6-04c2-4da6-8df7-0e7a60b3b5ea",
          "name": "getSources",
          "request": {
            "url": "http://api.newscred.com/sources/?access_key=%7B%7D&autosuggest=%7B%7D&licensed=%7B%7D&media_types=%7B%7D&query=%7B%7D&sources=%7B%7D&source_countries=%7B%7D&source_filter_mode=%7B%7D&source_filter_name=%7B%7D",
            "method": "GET",
            "body": {
              "mode": "raw"
            },
            "description": "Search sources by name. Returns a list of sources objects"
          },
          "response": [
            {
              "status": "OK",
              "code": 200,
              "name": "Response_200",
              "id": "a7d94022-ebfb-4327-81a9-4cf163a171b1"
            }
          ]
        },
        {
          "id": "5164aa70-7f43-46d2-b1e6-499ee6e70b4d",
          "name": "getStories",
          "request": {
            "url": "http://api.newscred.com/stories/?access_key=%7B%7D&article_filter_mode=%7B%7D&article_filter_name=%7B%7D&boolean_operator=%7B%7D&categories=%7B%7D&cluster_size=%7B%7D&exact=%7B%7D&from_date=%7B%7D&get_topics=%7B%7D&has_images=%7B%7D&languages=%7B%7D&licensed=%7B%7D&links=%7B%7D&max_length=%7B%7D&media_types=%7B%7D&min_length=%7B%7D&mm=%7B%7D&modified_since=%7B%7D&offset=%7B%7D&query=%7B%7D&query_fields=%7B%7D&safe_search=%7B%7D&sort=%7B%7D&sources=%7B%7D&source_countries=%7B%7D&source_filter_mode=%7B%7D&source_filter_name=%7B%7D&topics=%7B%7D&topic_filter_mode=%7B%7D&topic_filter_name=%7B%7D&to_date=%7B%7D",
            "method": "GET",
            "body": {
              "mode": "raw"
            },
            "description": "Returns the top stories related to the specified query. A story is a group of similar articles. By default, stories are sorted by a combination of recency and importance. If the from_date and/or to_date parameters are specified, stories are sorted by importance only."
          },
          "response": [
            {
              "status": "OK",
              "code": 200,
              "name": "Response_200",
              "id": "0b147cad-683a-4365-bc5c-cd3b2329dbf8"
            }
          ]
        },
        {
          "id": "b37d1534-3bc3-4c9b-81cd-6c0be08afbc5",
          "name": "getTopicGueImages",
          "request": {
            "url": "http://api.newscred.com/topic/{guide{/images/?access_key=%7B%7D&guid=%7B%7D",
            "method": "GET",
            "body": {
              "mode": "raw"
            },
            "description": "Returns images related to the specified topic."
          },
          "response": [
            {
              "status": "OK",
              "code": 200,
              "name": "Response_200",
              "id": "f1424bfe-47f5-4e3a-b10d-ae7ee5e3c59c"
            }
          ]
        },
        {
          "id": "42ec8540-0287-4853-87d9-54d820435150",
          "name": "getTopicGu",
          "request": {
            "url": {
              "protocol": "http",
              "host": "api.newscred.com",
              "path": [
                "topic/:guid/"
              ],
              "query": [
                {
                  "key": "access_key",
                  "value": "%7B%7D",
                  "disabled": false
                }
              ],
              "variable": [
                {
                  "id": "guid",
                  "value": "guid",
                  "type": "string"
                }
              ]
            },
            "method": "GET",
            "body": {
              "mode": "raw"
            },
            "description": "Return the topic specified by the given GUID."
          },
          "response": [
            {
              "status": "OK",
              "code": 200,
              "name": "Response_200",
              "id": "d643b187-14a9-493a-a4fc-3dc89950bd3e"
            }
          ]
        },
        {
          "id": "ae1150c7-5d56-4653-93c6-c329f00b67be",
          "name": "getTopicGuSources",
          "request": {
            "url": {
              "protocol": "http",
              "host": "api.newscred.com",
              "path": [
                "topic/:guid/sources/"
              ],
              "query": [
                {
                  "key": "access_key",
                  "value": "%7B%7D",
                  "disabled": false
                },
                {
                  "key": "from_date",
                  "value": "%7B%7D",
                  "disabled": false
                },
                {
                  "key": "offset",
                  "value": "%7B%7D",
                  "disabled": false
                },
                {
                  "key": "pagesize",
                  "value": "%7B%7D",
                  "disabled": false
                },
                {
                  "key": "sources",
                  "value": "%7B%7D",
                  "disabled": false
                },
                {
                  "key": "source_countries",
                  "value": "%7B%7D",
                  "disabled": false
                },
                {
                  "key": "source_filter_mode",
                  "value": "%7B%7D",
                  "disabled": false
                },
                {
                  "key": "source_filter_name",
                  "value": "%7B%7D",
                  "disabled": false
                },
                {
                  "key": "Topic Sources",
                  "value": "%7B%7D",
                  "disabled": false
                },
                {
                  "key": "to_date",
                  "value": "%7B%7D",
                  "disabled": false
                }
              ],
              "variable": [
                {
                  "id": "guid",
                  "value": "guid",
                  "type": "string"
                }
              ]
            },
            "method": "GET",
            "body": {
              "mode": "raw"
            },
            "description": "The guid for the topic."
          },
          "response": [
            {
              "status": "OK",
              "code": 200,
              "name": "Response_200",
              "id": "09c9a2ce-de6b-4d2d-b067-1a40b020f157"
            }
          ]
        },
        {
          "id": "41c8f7ec-1660-440f-a03d-ecf478f3385a",
          "name": "getTopicGuTopics",
          "request": {
            "url": {
              "protocol": "http",
              "host": "api.newscred.com",
              "path": [
                "topic/:guid/topics/"
              ],
              "query": [
                {
                  "key": "access_key",
                  "value": "%7B%7D",
                  "disabled": false
                },
                {
                  "key": "from_date",
                  "value": "%7B%7D",
                  "disabled": false
                },
                {
                  "key": "offset",
                  "value": "%7B%7D",
                  "disabled": false
                },
                {
                  "key": "pagesize",
                  "value": "%7B%7D",
                  "disabled": false
                },
                {
                  "key": "topics",
                  "value": "%7B%7D",
                  "disabled": false
                },
                {
                  "key": "topic_classifications",
                  "value": "%7B%7D",
                  "disabled": false
                },
                {
                  "key": "topic_filter_mode",
                  "value": "%7B%7D",
                  "disabled": false
                },
                {
                  "key": "topic_filter_name",
                  "value": "%7B%7D",
                  "disabled": false
                },
                {
                  "key": "topic_subclassifications",
                  "value": "%7B%7D",
                  "disabled": false
                },
                {
                  "key": "to_date",
                  "value": "%7B%7D",
                  "disabled": false
                }
              ],
              "variable": [
                {
                  "id": "guid",
                  "value": "{}",
                  "type": "string"
                }
              ]
            },
            "method": "GET",
            "body": {
              "mode": "raw"
            },
            "description": "Returns a list of topics related to the topic specified."
          },
          "response": [
            {
              "status": "OK",
              "code": 200,
              "name": "Response_200",
              "id": "54abe609-c147-46eb-a89a-0c561200a56a"
            }
          ]
        },
        {
          "id": "50cae3e8-9f19-423a-8443-fe2339a75df4",
          "name": "getTopicGuTweets",
          "request": {
            "url": {
              "protocol": "http",
              "host": "api.newscred.com",
              "path": [
                "topic/:guid/tweets/"
              ],
              "query": [
                {
                  "key": "access_key",
                  "value": "%7B%7D",
                  "disabled": false
                },
                {
                  "key": "offset",
                  "value": "%7B%7D",
                  "disabled": false
                },
                {
                  "key": "pagesize",
                  "value": "%7B%7D",
                  "disabled": false
                }
              ],
              "variable": [
                {
                  "id": "guid",
                  "value": "{}",
                  "type": "string"
                }
              ]
            },
            "method": "GET",
            "body": {
              "mode": "raw"
            },
            "description": "Returns a list of real-time tweets related to the specified topic."
          },
          "response": [
            {
              "status": "OK",
              "code": 200,
              "name": "Response_200",
              "id": "d5aa4780-6f60-4537-83e8-9e0a419aba3d"
            }
          ]
        },
        {
          "id": "98b277d1-c21c-4cd4-9ca7-10c3eff9e066",
          "name": "getTopicGuVeos",
          "request": {
            "url": {
              "protocol": "http",
              "host": "api.newscred.com",
              "path": [
                "topic/:guid/videos/"
              ],
              "query": [
                {
                  "key": "access_key",
                  "value": "%7B%7D",
                  "disabled": false
                },
                {
                  "key": "categories",
                  "value": "%7B%7D",
                  "disabled": false
                },
                {
                  "key": "offset",
                  "value": "%7B%7D",
                  "disabled": false
                },
                {
                  "key": "pagesize",
                  "value": "%7B%7D",
                  "disabled": false
                }
              ],
              "variable": [
                {
                  "id": "guid",
                  "value": "{}",
                  "type": "string"
                }
              ]
            },
            "method": "GET",
            "body": {
              "mode": "raw"
            },
            "description": "Returns a list of videos related to the specified topic."
          },
          "response": [
            {
              "status": "OK",
              "code": 200,
              "name": "Response_200",
              "id": "f8b2cec7-537a-48cf-be2a-89e3cc462b43"
            }
          ]
        },
        {
          "id": "0d270671-622d-483e-8b47-42e9edc1bf41",
          "name": "getTopicTopicGuStories",
          "request": {
            "url": {
              "protocol": "http",
              "host": "api.newscred.com",
              "path": [
                "topic/:topic_guid/stories/"
              ],
              "query": [
                {
                  "key": "access_key",
                  "value": "%7B%7D",
                  "disabled": false
                },
                {
                  "key": "article_filter_mode",
                  "value": "%7B%7D",
                  "disabled": false
                },
                {
                  "key": "article_filter_name",
                  "value": "%7B%7D",
                  "disabled": false
                },
                {
                  "key": "categories",
                  "value": "%7B%7D",
                  "disabled": false
                },
                {
                  "key": "cluster_size",
                  "value": "%7B%7D",
                  "disabled": false
                },
                {
                  "key": "from_date",
                  "value": "%7B%7D",
                  "disabled": false
                },
                {
                  "key": "get_topics",
                  "value": "%7B%7D",
                  "disabled": false
                },
                {
                  "key": "has_images",
                  "value": "%7B%7D",
                  "disabled": false
                },
                {
                  "key": "languages",
                  "value": "%7B%7D",
                  "disabled": false
                },
                {
                  "key": "licensed",
                  "value": "%7B%7D",
                  "disabled": false
                },
                {
                  "key": "media_types",
                  "value": "%7B%7D",
                  "disabled": false
                },
                {
                  "key": "offset",
                  "value": "%7B%7D",
                  "disabled": false
                },
                {
                  "key": "pagesize",
                  "value": "%7B%7D",
                  "disabled": false
                },
                {
                  "key": "sources",
                  "value": "%7B%7D",
                  "disabled": false
                },
                {
                  "key": "source_countries",
                  "value": "%7B%7D",
                  "disabled": false
                },
                {
                  "key": "source_filter_mode",
                  "value": "%7B%7D",
                  "disabled": false
                },
                {
                  "key": "source_filter_name",
                  "value": "%7B%7D",
                  "disabled": false
                },
                {
                  "key": "to_date",
                  "value": "%7B%7D",
                  "disabled": false
                }
              ],
              "variable": [
                {
                  "id": "topic_guid",
                  "value": "{}",
                  "type": "string"
                }
              ]
            },
            "method": "GET",
            "body": {
              "mode": "raw"
            },
            "description": "Find the top stories that are happening for a given topic. A story is a collection of similar articles."
          },
          "response": [
            {
              "status": "OK",
              "code": 200,
              "name": "Response_200",
              "id": "b9fb0ea8-1ec4-463a-8131-a094a14f8c05"
            }
          ]
        },
        {
          "id": "0cc9035a-fae6-4884-8c76-39782c753676",
          "name": "getTopics",
          "request": {
            "url": "http://api.newscred.com/topics/?access_key=%7B%7D&exact=%7B%7D&query=%7B%7D",
            "method": "GET",
            "body": {
              "mode": "raw"
            },
            "description": "Search for a specific topics."
          },
          "response": [
            {
              "status": "OK",
              "code": 200,
              "name": "Response_200",
              "id": "cd00508d-ef5a-4a47-84ee-c007cdfb43a6"
            }
          ]
        },
        {
          "id": "220577b0-09f7-4b68-8ea7-ab9097342c09",
          "name": "getTopicsExtract",
          "request": {
            "url": "http://api.newscred.com/topics/extract/?access_key=%7B%7D&query=%7B%7D&topics=%7B%7D&topic_classifications=%7B%7D&topic_filter_mode=%7B%7D&topic_filter_name=%7B%7D&topic_subclassifications=%7B%7D",
            "method": "GET",
            "body": {
              "mode": "raw"
            },
            "description": "Returns a list of topics extracted from the input query."
          },
          "response": [
            {
              "status": "OK",
              "code": 200,
              "name": "Response_200",
              "id": "03522ea4-9cb9-4b0b-aa40-c7456e1eab62"
            }
          ]
        },
        {
          "id": "3d41738d-c371-4ca8-9255-fb9555205dbd",
          "name": "getTopicsRelated",
          "request": {
            "url": "http://api.newscred.com/topics/related/?access_key=%7B%7D&from_date, to_date=%7B%7D&offset=%7B%7D&pagesize=%7B%7D&query=%7B%7D&topics=%7B%7D&topic_classifications=%7B%7D&topic_filter_mode=%7B%7D&topic_filter_name=%7B%7D&topic_subclassifications=%7B%7D",
            "method": "GET",
            "body": {
              "mode": "raw"
            },
            "description": "Given some search criteria, returns a list of topics related to those criteria."
          },
          "response": [
            {
              "status": "OK",
              "code": 200,
              "name": "Response_200",
              "id": "817b7b39-719e-438d-9005-bcfa71a4e1e8"
            }
          ]
        },
        {
          "id": "05759c6a-9bd8-4812-8a49-6ee0430f07dc",
          "name": "getVeos",
          "request": {
            "url": "http://api.newscred.com/videos/?from_date=%7B%7D&licensed=%7B%7D&maxduration=%7B%7D&minduration=%7B%7D&offset=%7B%7D&pagesize=%7B%7D&query=%7B%7D&to_date=%7B%7D",
            "method": "GET",
            "body": {
              "mode": "raw"
            },
            "description": "Returns videos matching the given query string"
          },
          "response": [
            {
              "status": "OK",
              "code": 200,
              "name": "Response_200",
              "id": "68c47836-efe5-428a-9cb0-8138abb0eb5b"
            }
          ]
        }
      ]
    }
  ]
}