{
  "info": {
    "name": "Crypto Compare Get Coinlist",
    "_postman_id": "a494b253-1133-4782-b872-a91f4bdbbf7d",
    "description": "Get coinlist.",
    "schema": "https://schema.getpostman.com/json/collection/v2.0.0/"
  },
  "item": [
    {
      "name": "Discovery",
      "item": [
        {
          "id": "3c02c62d-d935-4279-9fa2-0e06822de2da",
          "name": "UnnammedEndpointGet",
          "request": {
            "url": "http://min-api.cryptocompare.com/",
            "method": "GET",
            "header": [
              {
                "key": "Accept",
                "value": "*/*",
                "disabled": false
              }
            ],
            "body": {
              "mode": "raw"
            },
            "description": "Api description."
          },
          "response": [
            {
              "status": "OK",
              "code": 200,
              "name": "Response_200",
              "id": "a50615bb-0773-4d0b-84da-dc7ffb319abc"
            }
          ]
        }
      ]
    },
    {
      "name": "Blockchain",
      "item": [
        {
          "id": "9967d98c-8b41-4feb-879c-9a0088ecc036",
          "name": "DataPriceGet",
          "request": {
            "url": "http://min-api.cryptocompare.com/data/price?fsym=%7B%7D&tsyms=%7B%7D",
            "method": "GET",
            "header": [
              {
                "key": "Accept",
                "value": "*/*",
                "disabled": false
              }
            ],
            "body": {
              "mode": "raw"
            },
            "description": "Get single price."
          },
          "response": [
            {
              "status": "OK",
              "code": 200,
              "name": "Response_200",
              "id": "d9f84c64-b345-42b3-93f9-7a35be8f09bc"
            }
          ]
        },
        {
          "id": "eced178a-2ca4-4b82-bb97-51726619f4bc",
          "name": "DataPricemultiGet",
          "request": {
            "url": "http://min-api.cryptocompare.com/data/pricemulti?fsyms=%7B%7D&tsyms=%7B%7D",
            "method": "GET",
            "header": [
              {
                "key": "Accept",
                "value": "*/*",
                "disabled": false
              }
            ],
            "body": {
              "mode": "raw"
            },
            "description": "Get multiple prices."
          },
          "response": [
            {
              "status": "OK",
              "code": 200,
              "name": "Response_200",
              "id": "3ce1d88e-8912-46d2-b913-662177c9b83a"
            }
          ]
        },
        {
          "id": "3cf87dcb-bc09-495b-ac0b-7844e8310606",
          "name": "DataAllCoinlistGet",
          "request": {
            "url": "http://min-api.cryptocompare.com/data/all/coinlist",
            "method": "GET",
            "header": [
              {
                "key": "Accept",
                "value": "*/*",
                "disabled": false
              }
            ],
            "body": {
              "mode": "raw"
            },
            "description": "Get coinlist."
          },
          "response": [
            {
              "status": "OK",
              "code": 200,
              "name": "Response_200",
              "id": "e92b1f74-30ce-4302-a9f6-4bf0f5a82920"
            }
          ]
        }
      ]
    }
  ]
}