{
  "info": {
    "name": "Google Cloud Functions API Get Location",
    "_postman_id": "825b7ab5-dc84-413a-90d3-ed63cb0bad5b",
    "description": "Get information about a location.",
    "schema": "https://schema.getpostman.com/json/collection/v2.0.0/"
  },
  "item": [
    {
      "name": "Location",
      "item": [
        {
          "id": "955e5732-d439-4839-9a8e-b913a51efcef",
          "name": "cloudfunctions.projects.locations.get",
          "request": {
            "url": {
              "protocol": "http",
              "host": "cloudfunctions.googleapis.com",
              "path": [
                "v1/:name"
              ],
              "variable": [
                {
                  "id": "name",
                  "value": "{}",
                  "type": "string"
                }
              ]
            },
            "method": "GET",
            "body": {
              "mode": "raw"
            },
            "description": "Get information about a location."
          },
          "response": [
            {
              "status": "OK",
              "code": 200,
              "name": "Response_200",
              "id": "199d5a98-e761-4ad8-aa53-4210bbebfbac"
            }
          ]
        }
      ]
    }
  ]
}