{
  "info": {
    "name": "Box Delete Webhook",
    "_postman_id": "cd24fb56-c2ad-47e4-9664-6d4082983820",
    "description": "Permanently deletes a webhook",
    "schema": "https://schema.getpostman.com/json/collection/v2.0.0/"
  },
  "item": [
    {
      "name": "documents",
      "item": [
        {
          "id": "f12df709-306e-4b0c-9e13-47118cea8545",
          "name": "deleteWebhook",
          "request": {
            "url": {
              "protocol": "http",
              "host": "api.box.com",
              "path": [
                "2.0",
                "webhooks/:WEBHOOK_ID"
              ],
              "variable": [
                {
                  "id": "WEBHOOK_ID",
                  "value": "{}",
                  "type": "string"
                }
              ]
            },
            "method": "DELETE",
            "body": {
              "mode": "raw"
            },
            "description": "Permanently deletes a webhook"
          },
          "response": [
            {
              "status": "OK",
              "code": 200,
              "name": "Response_200",
              "id": "336feea1-e310-4a19-9e28-869bb4b2de1a"
            }
          ]
        }
      ]
    }
  ]
}