{
  "info": {
    "name": "Context.IO Delete Accounts Webhooks Webhook",
    "_postman_id": "bbbbaf8c-cab6-4b70-bc30-f1f1a19d02e7",
    "description": "Cancels a WebHook.",
    "schema": "https://schema.getpostman.com/json/collection/v2.0.0/"
  },
  "item": [
    {
      "name": "Accounts",
      "item": [
        {
          "id": "a70c7552-a420-4cd5-930b-ac5c4fc81bae",
          "name": "listAccounts_",
          "request": {
            "url": "http://api.context.io/2.0/accounts?email=%7B%7D&limit=%7B%7D&offset=%7B%7D&status=%7B%7D&status_ok=%7B%7D&token=%7B%7D",
            "method": "GET",
            "body": {
              "mode": "raw"
            },
            "description": "Lists accounts."
          },
          "response": [
            {
              "status": "OK",
              "code": 200,
              "name": "Response_200",
              "id": "551db9d4-ff7f-4250-a42c-0c272e18231d"
            }
          ]
        },
        {
          "id": "be9ef977-28e5-43b8-a9ea-7a47b72abf40",
          "name": "addAccount_",
          "request": {
            "url": "http://api.context.io/2.0/accounts?email=%7B%7D&first_name=%7B%7D&last_name=%7B%7D&token=%7B%7D",
            "method": "POST",
            "body": {
              "mode": "raw"
            },
            "description": "Adds a new account."
          },
          "response": [
            {
              "status": "OK",
              "code": 200,
              "name": "Response_200",
              "id": "6af2ca6d-a51d-4c9b-b1c2-b8c6e00471c5"
            }
          ]
        },
        {
          "id": "1067ba1b-efd6-44cc-9ecf-fdc4aeb2da31",
          "name": "getAccount_",
          "request": {
            "url": {
              "protocol": "http",
              "host": "api.context.io",
              "path": [
                "2.0",
                "accounts/:id"
              ],
              "variable": [
                {
                  "id": "id",
                  "value": "{}",
                  "type": "string"
                }
              ]
            },
            "method": "GET",
            "body": {
              "mode": "raw"
            },
            "description": "Gets details about a given account."
          },
          "response": [
            {
              "status": "OK",
              "code": 200,
              "name": "Response_200",
              "id": "cd3952a3-07f7-480b-92c5-d4806535f434"
            }
          ]
        },
        {
          "id": "cec56e13-579f-4db9-af3e-b70db84b780c",
          "name": "modifyAccount_",
          "request": {
            "url": {
              "protocol": "http",
              "host": "api.context.io",
              "path": [
                "2.0",
                "accounts/:id"
              ],
              "query": [
                {
                  "key": "first_name",
                  "value": "%7B%7D",
                  "disabled": false
                },
                {
                  "key": "last_name",
                  "value": "%7B%7D",
                  "disabled": false
                }
              ],
              "variable": [
                {
                  "id": "id",
                  "value": "{}",
                  "type": "string"
                }
              ]
            },
            "method": "PUT",
            "body": {
              "mode": "raw"
            },
            "description": "Modifies a given account."
          },
          "response": [
            {
              "status": "OK",
              "code": 200,
              "name": "Response_200",
              "id": "35290117-08c1-47ee-8477-f637a5b8823b"
            }
          ]
        },
        {
          "id": "ceedeb56-4522-4e42-b829-80769ff25fff",
          "name": "removeAccount_",
          "request": {
            "url": {
              "protocol": "http",
              "host": "api.context.io",
              "path": [
                "2.0",
                "accounts/:id"
              ],
              "variable": [
                {
                  "id": "id",
                  "value": "{}",
                  "type": "string"
                }
              ]
            },
            "method": "DELETE",
            "body": {
              "mode": "raw"
            },
            "description": "Removes a given account."
          },
          "response": [
            {
              "status": "OK",
              "code": 200,
              "name": "Response_200",
              "id": "06fbecc3-4378-47d9-9240-ab693f1dfcd8"
            }
          ]
        },
        {
          "id": "bde7af06-ad8d-4898-bcd4-c11d59cfd165",
          "name": "listAccountConnectTokens_",
          "request": {
            "url": {
              "protocol": "http",
              "host": "api.context.io",
              "path": [
                "2.0",
                "accounts/:id/connect_tokens"
              ],
              "variable": [
                {
                  "id": "id",
                  "value": "{}",
                  "type": "string"
                }
              ]
            },
            "method": "GET",
            "body": {
              "mode": "raw"
            },
            "description": "Lists connect tokens created for an account."
          },
          "response": [
            {
              "status": "OK",
              "code": 200,
              "name": "Response_200",
              "id": "fb38cdb5-f810-456e-b5e0-34f404d632f6"
            }
          ]
        },
        {
          "id": "a03e6e77-14b8-432b-9c6b-b985190cbb50",
          "name": "Create_obtainNewAccountConnectToken_",
          "request": {
            "url": {
              "protocol": "http",
              "host": "api.context.io",
              "path": [
                "2.0",
                "accounts/:id/connect_tokens"
              ],
              "query": [
                {
                  "key": "callback_url",
                  "value": "%7B%7D",
                  "disabled": false
                },
                {
                  "key": "email",
                  "value": "%7B%7D",
                  "disabled": false
                },
                {
                  "key": "first_name",
                  "value": "%7B%7D",
                  "disabled": false
                },
                {
                  "key": "last_name",
                  "value": "%7B%7D",
                  "disabled": false
                },
                {
                  "key": "service_level",
                  "value": "%7B%7D",
                  "disabled": false
                }
              ],
              "variable": [
                {
                  "id": "id",
                  "value": "{}",
                  "type": "string"
                }
              ]
            },
            "method": "POST",
            "body": {
              "mode": "raw"
            },
            "description": "Obtains a new connect_token for a specific account."
          },
          "response": [
            {
              "status": "OK",
              "code": 200,
              "name": "Response_200",
              "id": "0857dc0e-8329-4fb8-b2bf-813e8d3bf9c0"
            }
          ]
        },
        {
          "id": "234666ca-b8bf-4190-99a4-328fa0274a27",
          "name": "getAccountConnectToken_",
          "request": {
            "url": {
              "protocol": "http",
              "host": "api.context.io",
              "path": [
                "2.0",
                "accounts/:id/connect_tokens/:token"
              ],
              "variable": [
                {
                  "id": "id",
                  "value": "{}",
                  "type": "string"
                },
                {
                  "id": "token",
                  "value": "{}",
                  "type": "string"
                }
              ]
            },
            "method": "GET",
            "body": {
              "mode": "raw"
            },
            "description": "Gets information about a given connect token."
          },
          "response": [
            {
              "status": "OK",
              "code": 200,
              "name": "Response_200",
              "id": "d03fd949-a87a-42bc-b867-70c0920d3288"
            }
          ]
        },
        {
          "id": "f2b16d3d-5543-412e-a16e-66b158a66367",
          "name": "removeAccountConnectToken_",
          "request": {
            "url": {
              "protocol": "http",
              "host": "api.context.io",
              "path": [
                "2.0",
                "accounts/:id/connect_tokens/:token"
              ],
              "variable": [
                {
                  "id": "id",
                  "value": "{}",
                  "type": "string"
                },
                {
                  "id": "token",
                  "value": "{}",
                  "type": "string"
                }
              ]
            },
            "method": "DELETE",
            "body": {
              "mode": "raw"
            },
            "description": "Remove a given connect token."
          },
          "response": [
            {
              "status": "OK",
              "code": 200,
              "name": "Response_200",
              "id": "bf9430f7-09cc-4430-852a-da6b8d112fe7"
            }
          ]
        },
        {
          "id": "e251cefa-0c4c-4a92-96d3-bb46a1f5bae4",
          "name": "listAccountContacts_",
          "request": {
            "url": {
              "protocol": "http",
              "host": "api.context.io",
              "path": [
                "2.0",
                "accounts/:id/contacts"
              ],
              "query": [
                {
                  "key": "active_after",
                  "value": "%7B%7D",
                  "disabled": false
                },
                {
                  "key": "active_before",
                  "value": "%7B%7D",
                  "disabled": false
                },
                {
                  "key": "limit",
                  "value": "%7B%7D",
                  "disabled": false
                },
                {
                  "key": "offset",
                  "value": "%7B%7D",
                  "disabled": false
                },
                {
                  "key": "search",
                  "value": "%7B%7D",
                  "disabled": false
                }
              ],
              "variable": [
                {
                  "id": "id",
                  "value": "{}",
                  "type": "string"
                }
              ]
            },
            "method": "GET",
            "body": {
              "mode": "raw"
            },
            "description": "Lists contacts in an account."
          },
          "response": [
            {
              "status": "OK",
              "code": 200,
              "name": "Response_200",
              "id": "a95d6dbb-1641-44f6-abc1-79e94d5dcea4"
            }
          ]
        },
        {
          "id": "6d16749b-1c3b-4452-bcc3-4876a35acf89",
          "name": "getAccountContact_",
          "request": {
            "url": {
              "protocol": "http",
              "host": "api.context.io",
              "path": [
                "2.0",
                "accounts/:id/contacts/:email"
              ],
              "variable": [
                {
                  "id": "email",
                  "value": "{}",
                  "type": "string"
                },
                {
                  "id": "id",
                  "value": "{}",
                  "type": "string"
                }
              ]
            },
            "method": "GET",
            "body": {
              "mode": "raw"
            },
            "description": "Gets information about a given contact."
          },
          "response": [
            {
              "status": "OK",
              "code": 200,
              "name": "Response_200",
              "id": "53c87446-7aa1-4647-83a3-683e9bd9539b"
            }
          ]
        },
        {
          "id": "b6dacd1d-d09a-4996-8d73-3b177a885fc3",
          "name": "listAccountContactFiles_",
          "request": {
            "url": {
              "protocol": "http",
              "host": "api.context.io",
              "path": [
                "2.0",
                "accounts/:id/contacts/:email/files"
              ],
              "query": [
                {
                  "key": "limit",
                  "value": "%7B%7D",
                  "disabled": false
                },
                {
                  "key": "offset",
                  "value": "%7B%7D",
                  "disabled": false
                }
              ],
              "variable": [
                {
                  "id": "email",
                  "value": "{}",
                  "type": "string"
                },
                {
                  "id": "id",
                  "value": "{}",
                  "type": "string"
                }
              ]
            },
            "method": "GET",
            "body": {
              "mode": "raw"
            },
            "description": "Lists files exchanged with a contact. Returns the latest attachments exchanged with one or more email addresses. By \"exchanged with Mr. X\" we mean any file attached to an email received from Mr. X, sent to Mr. X or sent by anyone to both Mr. X and the mailbox owner."
          },
          "response": [
            {
              "status": "OK",
              "code": 200,
              "name": "Response_200",
              "id": "367ec5e7-625a-4315-98db-491b09c583fe"
            }
          ]
        },
        {
          "id": "ff0fdea8-3e3a-4f3d-bb44-2ea21c4e53a9",
          "name": "listAccountContactMessages_",
          "request": {
            "url": {
              "protocol": "http",
              "host": "api.context.io",
              "path": [
                "2.0",
                "accounts/:id/contacts/:email/messages"
              ],
              "query": [
                {
                  "key": "limit",
                  "value": "%7B%7D",
                  "disabled": false
                },
                {
                  "key": "offset",
                  "value": "%7B%7D",
                  "disabled": false
                }
              ],
              "variable": [
                {
                  "id": "email",
                  "value": "{}",
                  "type": "string"
                },
                {
                  "id": "id",
                  "value": "{}",
                  "type": "string"
                }
              ]
            },
            "method": "GET",
            "body": {
              "mode": "raw"
            },
            "description": "Lists messages where a contact is present. Returns the latest email messages exchanged with one or more email addresses. By \"exchanged with Mr. X\" we mean any email received from Mr. X, sent to Mr. X or sent by anyone to both Mr. X and the mailbox owner."
          },
          "response": [
            {
              "status": "OK",
              "code": 200,
              "name": "Response_200",
              "id": "c3e2e002-9e66-4852-91b0-30df68658bf1"
            }
          ]
        },
        {
          "id": "11f817c1-01de-43bd-a315-ab06c51b1c59",
          "name": "listAccountContactThreads_",
          "request": {
            "url": {
              "protocol": "http",
              "host": "api.context.io",
              "path": [
                "2.0",
                "accounts/:id/contacts/:email/threads"
              ],
              "query": [
                {
                  "key": "limit",
                  "value": "%7B%7D",
                  "disabled": false
                },
                {
                  "key": "offset",
                  "value": "%7B%7D",
                  "disabled": false
                }
              ],
              "variable": [
                {
                  "id": "email",
                  "value": "{}",
                  "type": "string"
                },
                {
                  "id": "id",
                  "value": "{}",
                  "type": "string"
                }
              ]
            },
            "method": "GET",
            "body": {
              "mode": "raw"
            },
            "description": "Lists threads where a contact is present. Returns the latest email threads exchanged with one or more email addresses. By \"exchanged with Mr. X\" we mean any email received from Mr. X, sent to Mr. X or sent by anyone to both Mr. X and the mailbox owner."
          },
          "response": [
            {
              "status": "OK",
              "code": 200,
              "name": "Response_200",
              "id": "91dc9efd-6e80-4a3a-b7ec-360c971af8e9"
            }
          ]
        },
        {
          "id": "79e99ded-5857-406f-aac2-9fa34c74f6bc",
          "name": "listAccountEmailAddresses_",
          "request": {
            "url": {
              "protocol": "http",
              "host": "api.context.io",
              "path": [
                "2.0",
                "accounts/:id/email_addresses"
              ],
              "variable": [
                {
                  "id": "id",
                  "value": "{}",
                  "type": "string"
                }
              ]
            },
            "method": "GET",
            "body": {
              "mode": "raw"
            },
            "description": "Lists email addresses used by an account."
          },
          "response": [
            {
              "status": "OK",
              "code": 200,
              "name": "Response_200",
              "id": "08335d17-35f8-4aa8-80e1-9dcae0a6796e"
            }
          ]
        },
        {
          "id": "58c68ef2-b089-4412-a855-f9b976236d9b",
          "name": "addAccountEmailAddress_",
          "request": {
            "url": {
              "protocol": "http",
              "host": "api.context.io",
              "path": [
                "2.0",
                "accounts/:id/email_addresses"
              ],
              "query": [
                {
                  "key": "email_address",
                  "value": "%7B%7D",
                  "disabled": false
                }
              ],
              "variable": [
                {
                  "id": "id",
                  "value": "{}",
                  "type": "string"
                }
              ]
            },
            "method": "POST",
            "body": {
              "mode": "raw"
            },
            "description": "Adds a new email address as an alias for an account."
          },
          "response": [
            {
              "status": "OK",
              "code": 200,
              "name": "Response_200",
              "id": "8b96ca20-31c6-4da9-a28b-d907d3745f5e"
            }
          ]
        },
        {
          "id": "efe44ba5-d91b-4df6-a4c2-e881ad5294ec",
          "name": "Create_setAccountEmailAddressAsPrimary_",
          "request": {
            "url": {
              "protocol": "http",
              "host": "api.context.io",
              "path": [
                "2.0",
                "accounts/:id/email_addresses/:email"
              ],
              "query": [
                {
                  "key": "primary",
                  "value": "%7B%7D",
                  "disabled": false
                }
              ],
              "variable": [
                {
                  "id": "email",
                  "value": "{}",
                  "type": "string"
                },
                {
                  "id": "id",
                  "value": "{}",
                  "type": "string"
                }
              ]
            },
            "method": "POST",
            "body": {
              "mode": "raw"
            },
            "description": "Makes this email address the primary one for the account."
          },
          "response": [
            {
              "status": "OK",
              "code": 200,
              "name": "Response_200",
              "id": "21ce02db-c1e3-4778-b748-74779d9d0b58"
            }
          ]
        },
        {
          "id": "809c7d1d-c366-4741-ad52-301e7d40fb36",
          "name": "removeAccountEmailAddress_",
          "request": {
            "url": {
              "protocol": "http",
              "host": "api.context.io",
              "path": [
                "2.0",
                "accounts/:id/email_addresses/:email"
              ],
              "variable": [
                {
                  "id": "email",
                  "value": "{}",
                  "type": "string"
                },
                {
                  "id": "id",
                  "value": "{}",
                  "type": "string"
                }
              ]
            },
            "method": "DELETE",
            "body": {
              "mode": "raw"
            },
            "description": "Removes an email address form the aliases of an account."
          },
          "response": [
            {
              "status": "OK",
              "code": 200,
              "name": "Response_200",
              "id": "5bc8c7a7-5e19-46bc-8698-40a4ea48a813"
            }
          ]
        },
        {
          "id": "e2d2fb99-6e8d-4025-8118-8e95bb53be73",
          "name": "listAccountFiles_",
          "request": {
            "url": {
              "protocol": "http",
              "host": "api.context.io",
              "path": [
                "2.0",
                "accounts/:id/files"
              ],
              "query": [
                {
                  "key": "bcc",
                  "value": "%7B%7D",
                  "disabled": false
                },
                {
                  "key": "cc",
                  "value": "%7B%7D",
                  "disabled": false
                },
                {
                  "key": "date_after",
                  "value": "%7B%7D",
                  "disabled": false
                },
                {
                  "key": "date_before",
                  "value": "%7B%7D",
                  "disabled": false
                },
                {
                  "key": "email",
                  "value": "%7B%7D",
                  "disabled": false
                },
                {
                  "key": "file_name",
                  "value": "%7B%7D",
                  "disabled": false
                },
                {
                  "key": "from",
                  "value": "%7B%7D",
                  "disabled": false
                },
                {
                  "key": "group_by_revisions",
                  "value": "%7B%7D",
                  "disabled": false
                },
                {
                  "key": "indexed_after",
                  "value": "%7B%7D",
                  "disabled": false
                },
                {
                  "key": "indexed_before",
                  "value": "%7B%7D",
                  "disabled": false
                },
                {
                  "key": "limit",
                  "value": "%7B%7D",
                  "disabled": false
                },
                {
                  "key": "offset",
                  "value": "%7B%7D",
                  "disabled": false
                },
                {
                  "key": "to",
                  "value": "%7B%7D",
                  "disabled": false
                }
              ],
              "variable": [
                {
                  "id": "id",
                  "value": "{}",
                  "type": "string"
                }
              ]
            },
            "method": "GET",
            "body": {
              "mode": "raw"
            },
            "description": "Lists files found as email attachments. List filters: each of the email, to, from, cc and bcc parameters can be set to a comma-separated list of email addresses. These multiple addresses are treated as an OR combination. You can set more than one parameter when doing this call. Multiple parameters are treated as an AND combination."
          },
          "response": [
            {
              "status": "OK",
              "code": 200,
              "name": "Response_200",
              "id": "bfd1d998-7f2a-47c2-8a14-8dec10b241f5"
            }
          ]
        },
        {
          "id": "67bad558-7d46-4c96-83a8-21f201707f53",
          "name": "getAccountFile_",
          "request": {
            "url": {
              "protocol": "http",
              "host": "api.context.io",
              "path": [
                "2.0",
                "accounts/:id/files/:fileId"
              ],
              "variable": [
                {
                  "id": "fileId",
                  "value": "{}",
                  "type": "string"
                },
                {
                  "id": "id",
                  "value": "{}",
                  "type": "string"
                }
              ]
            },
            "method": "GET",
            "body": {
              "mode": "raw"
            },
            "description": "Gets information about a given file."
          },
          "response": [
            {
              "status": "OK",
              "code": 200,
              "name": "Response_200",
              "id": "55b1bde5-0114-49c8-ba1a-43ce81aba5bc"
            }
          ]
        },
        {
          "id": "4b31c50b-088a-4b22-a764-1cdfb896dcff",
          "name": "listComparableAccountFiles_",
          "request": {
            "url": {
              "protocol": "http",
              "host": "api.context.io",
              "path": [
                "2.0",
                "accounts/:id/files/:fileId/changes"
              ],
              "variable": [
                {
                  "id": "fileId",
                  "value": "{}",
                  "type": "string"
                },
                {
                  "id": "id",
                  "value": "{}",
                  "type": "string"
                }
              ]
            },
            "method": "GET",
            "body": {
              "mode": "raw"
            },
            "description": "Lists files that can be compared with a given file."
          },
          "response": [
            {
              "status": "OK",
              "code": 200,
              "name": "Response_200",
              "id": "0f155fe2-2f0f-4063-9717-b0c36fe8d71d"
            }
          ]
        },
        {
          "id": "19830c31-bb46-434a-88c0-331aab442bb5",
          "name": "getAccountFileContent_",
          "request": {
            "url": {
              "protocol": "http",
              "host": "api.context.io",
              "path": [
                "2.0",
                "accounts/:id/files/:fileId/content"
              ],
              "variable": [
                {
                  "id": "fileId",
                  "value": "{}",
                  "type": "string"
                },
                {
                  "id": "id",
                  "value": "{}",
                  "type": "string"
                }
              ]
            },
            "method": "GET",
            "body": {
              "mode": "raw"
            },
            "description": "Downloads a given file. Returns the content a given attachment. On-demand data retrieval: since we do not keep full copies of attachments on our servers, the file has to be retrieved from the IMAP server when this call is made. If the IMAP server is unreachable at the time the call is made, this call will return an error."
          },
          "response": [
            {
              "status": "OK",
              "code": 200,
              "name": "Response_200",
              "id": "1e35f4a1-dc41-4874-9d08-18498e593ef2"
            }
          ]
        },
        {
          "id": "e205559f-5af4-4bfe-b53f-87b542872fe9",
          "name": "listAccountFileRelatedFiles_",
          "request": {
            "url": {
              "protocol": "http",
              "host": "api.context.io",
              "path": [
                "2.0",
                "accounts/:id/files/:fileId/related"
              ],
              "variable": [
                {
                  "id": "fileId",
                  "value": "{}",
                  "type": "string"
                },
                {
                  "id": "id",
                  "value": "{}",
                  "type": "string"
                }
              ]
            },
            "method": "GET",
            "body": {
              "mode": "raw"
            },
            "description": "Lists other files related to a given file. Returns a list of files that are related to the given file. Currently, relation between files is based on how similar their names are."
          },
          "response": [
            {
              "status": "OK",
              "code": 200,
              "name": "Response_200",
              "id": "8b2be3a2-e4a0-478d-be4b-15d0c574f9e0"
            }
          ]
        },
        {
          "id": "34414552-67b7-440f-99ce-704d7337bf85",
          "name": "listAccountFileRevisions_",
          "request": {
            "url": {
              "protocol": "http",
              "host": "api.context.io",
              "path": [
                "2.0",
                "accounts/:id/files/:fileId/revisions"
              ],
              "variable": [
                {
                  "id": "fileId",
                  "value": "{}",
                  "type": "string"
                },
                {
                  "id": "id",
                  "value": "{}",
                  "type": "string"
                }
              ]
            },
            "method": "GET",
            "body": {
              "mode": "raw"
            },
            "description": "Lists other revisions of a given file. Returns a list of revisions attached to other emails in the mailbox for a given file. Two files are considered revisions of the same document if their file names are identical outside of revision indicators such as dates, author initials, version numbers and keywords like \"final\" or \"draft\"."
          },
          "response": [
            {
              "status": "OK",
              "code": 200,
              "name": "Response_200",
              "id": "5ca48810-5152-4085-ae60-414129a298b8"
            }
          ]
        },
        {
          "id": "4a97c484-5fd5-43a6-ad3d-24d5289fc00a",
          "name": "listAccountMessages_",
          "request": {
            "url": {
              "protocol": "http",
              "host": "api.context.io",
              "path": [
                "2.0",
                "accounts/:id/messages"
              ],
              "query": [
                {
                  "key": "bcc",
                  "value": "%7B%7D",
                  "disabled": false
                },
                {
                  "key": "body_type",
                  "value": "%7B%7D",
                  "disabled": false
                },
                {
                  "key": "cc",
                  "value": "%7B%7D",
                  "disabled": false
                },
                {
                  "key": "date_after",
                  "value": "%7B%7D",
                  "disabled": false
                },
                {
                  "key": "date_before",
                  "value": "%7B%7D",
                  "disabled": false
                },
                {
                  "key": "email",
                  "value": "%7B%7D",
                  "disabled": false
                },
                {
                  "key": "folder",
                  "value": "%7B%7D",
                  "disabled": false
                },
                {
                  "key": "from",
                  "value": "%7B%7D",
                  "disabled": false
                },
                {
                  "key": "include_body",
                  "value": "%7B%7D",
                  "disabled": false
                },
                {
                  "key": "include_flags",
                  "value": "%7B%7D",
                  "disabled": false
                },
                {
                  "key": "include_headers",
                  "value": "%7B%7D",
                  "disabled": false
                },
                {
                  "key": "indexed_after",
                  "value": "%7B%7D",
                  "disabled": false
                },
                {
                  "key": "indexed_before",
                  "value": "%7B%7D",
                  "disabled": false
                },
                {
                  "key": "limit",
                  "value": "%7B%7D",
                  "disabled": false
                },
                {
                  "key": "offset",
                  "value": "%7B%7D",
                  "disabled": false
                },
                {
                  "key": "subject",
                  "value": "%7B%7D",
                  "disabled": false
                },
                {
                  "key": "to",
                  "value": "%7B%7D",
                  "disabled": false
                }
              ],
              "variable": [
                {
                  "id": "id",
                  "value": "{}",
                  "type": "string"
                }
              ]
            },
            "method": "GET",
            "body": {
              "mode": "raw"
            },
            "description": "Lists email messages for an account. List filters: each of the email, to, from, cc and bcc parameters can be set to a comma-separated list of email addresses. These multiple addresses are treated as an OR combination. You can set more than one parameter when doing this call. Multiple parameters are treated as an AND combination."
          },
          "response": [
            {
              "status": "OK",
              "code": 200,
              "name": "Response_200",
              "id": "10c1ab3a-eee2-4ada-8a76-4d4142ee2489"
            }
          ]
        },
        {
          "id": "6a6aca1e-31d5-401a-8197-fad26f0b6efd",
          "name": "getAccountMessage_",
          "request": {
            "url": {
              "protocol": "http",
              "host": "api.context.io",
              "path": [
                "2.0",
                "accounts/:id/messages/:message_id"
              ],
              "variable": [
                {
                  "id": "id",
                  "value": "{}",
                  "type": "string"
                },
                {
                  "id": "message_id",
                  "value": "{}",
                  "type": "string"
                }
              ]
            },
            "method": "GET",
            "body": {
              "mode": "raw"
            },
            "description": "Gets the file, contact and other information about a given email message. As specified in the RFC822, the < and > at the beginning and end of the Message-ID are part of the value and should be included if you're putting an email_message_id in the url."
          },
          "response": [
            {
              "status": "OK",
              "code": 200,
              "name": "Response_200",
              "id": "f76d28e8-fafa-4007-b738-99155524abaa"
            }
          ]
        },
        {
          "id": "2e5a6edd-997b-478e-822c-df68d960b156",
          "name": "Create_copyMoveAccountMessage_",
          "request": {
            "url": {
              "protocol": "http",
              "host": "api.context.io",
              "path": [
                "2.0",
                "accounts/:id/messages/:message_id"
              ],
              "query": [
                {
                  "key": "dst_folder",
                  "value": "%7B%7D",
                  "disabled": false
                },
                {
                  "key": "dst_source",
                  "value": "%7B%7D",
                  "disabled": false
                },
                {
                  "key": "move",
                  "value": "%7B%7D",
                  "disabled": false
                }
              ],
              "variable": [
                {
                  "id": "id",
                  "value": "{}",
                  "type": "string"
                },
                {
                  "id": "message_id",
                  "value": "{}",
                  "type": "string"
                }
              ]
            },
            "method": "POST",
            "body": {
              "mode": "raw"
            },
            "description": "Copies or moves a message. Allows you to copy or move a message between folders. If there are more than one sources on the account, you can use this call to copy/move the message between these sources. In this case, the dst_label parameter must identify the source you want to message to be copied/moved to."
          },
          "response": [
            {
              "status": "OK",
              "code": 200,
              "name": "Response_200",
              "id": "82866d86-7e1c-40fc-a875-ee0e550a8afc"
            }
          ]
        },
        {
          "id": "852fcb1d-7e4b-4459-899f-9909d5c996b5",
          "name": "getAccountMessageBody_",
          "request": {
            "url": {
              "protocol": "http",
              "host": "api.context.io",
              "path": [
                "2.0",
                "accounts/:id/messages/:message_id/body"
              ],
              "query": [
                {
                  "key": "type",
                  "value": "%7B%7D",
                  "disabled": false
                }
              ],
              "variable": [
                {
                  "id": "id",
                  "value": "{}",
                  "type": "string"
                },
                {
                  "id": "message_id",
                  "value": "{}",
                  "type": "string"
                }
              ]
            },
            "method": "GET",
            "body": {
              "mode": "raw"
            },
            "description": "Fetches the message body of a given email. On-demand data retrieval: since we do not keep full copies of emails on our servers, this call triggers a connection to the IMAP server to fetch the message. One thing to point out is we do fetch messages in such a way that large files attached to a message won't make any difference in the response time. This call only returns text portions of messages, attachments aren't included. To get a list of attachments on the message, look for the files property in the response of a message instance. To download the content of these attachments, use the files/content call."
          },
          "response": [
            {
              "status": "OK",
              "code": 200,
              "name": "Response_200",
              "id": "cd3af0ac-b4e9-434c-a327-6a4849334286"
            }
          ]
        },
        {
          "id": "f533370b-ff27-4fa7-9ed6-27a86960c02c",
          "name": "getAccountMessageSource_",
          "request": {
            "url": {
              "protocol": "http",
              "host": "api.context.io",
              "path": [
                "2.0",
                "accounts/:id/messages/:message_id/source"
              ],
              "variable": [
                {
                  "id": "id",
                  "value": "{}",
                  "type": "string"
                },
                {
                  "id": "message_id",
                  "value": "{}",
                  "type": "string"
                }
              ]
            },
            "method": "GET",
            "body": {
              "mode": "raw"
            },
            "description": "Fetches the message source. Returns the raw RFC-822 message source for the message (including attachments) with no parsing or decoding to any portions of the message. On-demand data retrieval: since we do not keep full copies of emails on our servers, this call triggers a connection to the IMAP server to fetch the message. Attachments are part of the message source so they will impact how fast this call responds."
          },
          "response": [
            {
              "status": "OK",
              "code": 200,
              "name": "Response_200",
              "id": "f200b80f-1ef0-45d0-ab2a-1d0be90e675b"
            }
          ]
        },
        {
          "id": "59922672-dd0a-4dec-b8ae-44af7dab4668",
          "name": "listAccountMessageFlags_",
          "request": {
            "url": {
              "protocol": "http",
              "host": "api.context.io",
              "path": [
                "2.0",
                "accounts/:id/messages/:message_id/flags"
              ],
              "variable": [
                {
                  "id": "id",
                  "value": "{}",
                  "type": "string"
                },
                {
                  "id": "message_id",
                  "value": "{}",
                  "type": "string"
                }
              ]
            },
            "method": "GET",
            "body": {
              "mode": "raw"
            },
            "description": "Lists message flags for an account. On-demand data retrieval: to ensure up-to-date values, flags are not cached by Context.IO. This call triggers a connection to the IMAP server to fetch the current message flags before it returns."
          },
          "response": [
            {
              "status": "OK",
              "code": 200,
              "name": "Response_200",
              "id": "1cbcf5dc-a2cd-4167-913a-ac5959974f52"
            }
          ]
        },
        {
          "id": "e949b42d-44ae-44a9-b2d5-c2295710fb02",
          "name": "Create_setAccountMessageFlags_",
          "request": {
            "url": {
              "protocol": "http",
              "host": "api.context.io",
              "path": [
                "2.0",
                "accounts/:id/messages/:message_id/flags"
              ],
              "query": [
                {
                  "key": "answered",
                  "value": "%7B%7D",
                  "disabled": false
                },
                {
                  "key": "deleted",
                  "value": "%7B%7D",
                  "disabled": false
                },
                {
                  "key": "draft",
                  "value": "%7B%7D",
                  "disabled": false
                },
                {
                  "key": "flagged",
                  "value": "%7B%7D",
                  "disabled": false
                },
                {
                  "key": "seen",
                  "value": "%7B%7D",
                  "disabled": false
                }
              ],
              "variable": [
                {
                  "id": "id",
                  "value": "{}",
                  "type": "string"
                },
                {
                  "id": "message_id",
                  "value": "{}",
                  "type": "string"
                }
              ]
            },
            "method": "POST",
            "body": {
              "mode": "raw"
            },
            "description": "Sets message flags for a given email."
          },
          "response": [
            {
              "status": "OK",
              "code": 200,
              "name": "Response_200",
              "id": "4d154b50-b8ec-45cb-8724-8d9d217e5181"
            }
          ]
        },
        {
          "id": "ac5c7661-ffff-4c53-a2f5-9ff0aeb51ec7",
          "name": "listAccountMessageHeaders_",
          "request": {
            "url": {
              "protocol": "http",
              "host": "api.context.io",
              "path": [
                "2.0",
                "accounts/:id/messages/:message_id/headers"
              ],
              "variable": [
                {
                  "id": "id",
                  "value": "{}",
                  "type": "string"
                },
                {
                  "id": "message_id",
                  "value": "{}",
                  "type": "string"
                }
              ]
            },
            "method": "GET",
            "body": {
              "mode": "raw"
            },
            "description": "Lists complete headers of a given email message. On-demand data retrieval: since we do not keep full copies of emails on our servers, this call triggers a connection to the IMAP server to fetch the message headers."
          },
          "response": [
            {
              "status": "OK",
              "code": 200,
              "name": "Response_200",
              "id": "6ead556d-eef7-4be2-8e57-c5ec7846f349"
            }
          ]
        },
        {
          "id": "66026619-7aeb-44f5-a56f-983555fd1aa0",
          "name": "getAccountMessageThread_",
          "request": {
            "url": {
              "protocol": "http",
              "host": "api.context.io",
              "path": [
                "2.0",
                "accounts/:id/messages/:message_id/thread"
              ],
              "variable": [
                {
                  "id": "id",
                  "value": "{}",
                  "type": "string"
                },
                {
                  "id": "message_id",
                  "value": "{}",
                  "type": "string"
                }
              ]
            },
            "method": "GET",
            "body": {
              "mode": "raw"
            },
            "description": "Gets information about all messages of the thread a given message is in. This returns an array with the same structure as getting information on a single message for every message in the thread."
          },
          "response": [
            {
              "status": "OK",
              "code": 200,
              "name": "Response_200",
              "id": "2ef50552-d6b9-40da-b403-cbcbddbbecd1"
            }
          ]
        },
        {
          "id": "384700f7-c406-49d3-8a91-7f4aecce1b0c",
          "name": "listAccountSources_",
          "request": {
            "url": {
              "protocol": "http",
              "host": "api.context.io",
              "path": [
                "2.0",
                "accounts/:id/sources"
              ],
              "query": [
                {
                  "key": "status",
                  "value": "%7B%7D",
                  "disabled": false
                },
                {
                  "key": "status_ok",
                  "value": "%7B%7D",
                  "disabled": false
                }
              ],
              "variable": [
                {
                  "id": "id",
                  "value": "{}",
                  "type": "string"
                }
              ]
            },
            "method": "GET",
            "body": {
              "mode": "raw"
            },
            "description": "Lists IMAP sources assigned for an account."
          },
          "response": [
            {
              "status": "OK",
              "code": 200,
              "name": "Response_200",
              "id": "8e4e46a2-ea58-4a82-97c4-9370590abf5a"
            }
          ]
        },
        {
          "id": "18e52435-d8d2-41f3-b105-5e194a3a2287",
          "name": "addAccountSource_",
          "request": {
            "url": {
              "protocol": "http",
              "host": "api.context.io",
              "path": [
                "2.0",
                "accounts/:id/sources"
              ],
              "query": [
                {
                  "key": "email",
                  "value": "%7B%7D",
                  "disabled": false
                },
                {
                  "key": "password",
                  "value": "%7B%7D",
                  "disabled": false
                },
                {
                  "key": "port",
                  "value": "%7B%7D",
                  "disabled": false
                },
                {
                  "key": "provider_consumer_key",
                  "value": "%7B%7D",
                  "disabled": false
                },
                {
                  "key": "provider_token",
                  "value": "%7B%7D",
                  "disabled": false
                },
                {
                  "key": "provider_token_secret",
                  "value": "%7B%7D",
                  "disabled": false
                },
                {
                  "key": "server",
                  "value": "%7B%7D",
                  "disabled": false
                },
                {
                  "key": "service_level",
                  "value": "%7B%7D",
                  "disabled": false
                },
                {
                  "key": "sync_period",
                  "value": "%7B%7D",
                  "disabled": false
                },
                {
                  "key": "type",
                  "value": "%7B%7D",
                  "disabled": false
                },
                {
                  "key": "username",
                  "value": "%7B%7D",
                  "disabled": false
                },
                {
                  "key": "use_ssl",
                  "value": "%7B%7D",
                  "disabled": false
                }
              ],
              "variable": [
                {
                  "id": "id",
                  "value": "{}",
                  "type": "string"
                }
              ]
            },
            "method": "POST",
            "body": {
              "mode": "raw"
            },
            "description": "Adds an IMAP account to a given account."
          },
          "response": [
            {
              "status": "OK",
              "code": 200,
              "name": "Response_200",
              "id": "195cbd3c-c5b6-4d79-8069-2c51b62f6bb5"
            }
          ]
        },
        {
          "id": "09764c11-4236-4572-b64f-65298b832762",
          "name": "getAccountSource_",
          "request": {
            "url": {
              "protocol": "http",
              "host": "api.context.io",
              "path": [
                "2.0",
                "accounts/:id/sources/:label"
              ],
              "variable": [
                {
                  "id": "id",
                  "value": "{}",
                  "type": "string"
                },
                {
                  "id": "label",
                  "value": "{}",
                  "type": "string"
                }
              ]
            },
            "method": "GET",
            "body": {
              "mode": "raw"
            },
            "description": "Gets parameters and status for an IMAP source."
          },
          "response": [
            {
              "status": "OK",
              "code": 200,
              "name": "Response_200",
              "id": "3ca9e333-395f-43a2-a2af-e54197de11d9"
            }
          ]
        },
        {
          "id": "e9f06c90-2431-4778-a384-6918f8ac9093",
          "name": "modifyAccountSource_",
          "request": {
            "url": {
              "protocol": "http",
              "host": "api.context.io",
              "path": [
                "2.0",
                "accounts/:id/sources/:label"
              ],
              "query": [
                {
                  "key": "password",
                  "value": "%7B%7D",
                  "disabled": false
                },
                {
                  "key": "provider_consumer_key",
                  "value": "%7B%7D",
                  "disabled": false
                },
                {
                  "key": "provider_token",
                  "value": "%7B%7D",
                  "disabled": false
                },
                {
                  "key": "provider_token_secret",
                  "value": "%7B%7D",
                  "disabled": false
                },
                {
                  "key": "service_level",
                  "value": "%7B%7D",
                  "disabled": false
                },
                {
                  "key": "status",
                  "value": "%7B%7D",
                  "disabled": false
                },
                {
                  "key": "sync_period",
                  "value": "%7B%7D",
                  "disabled": false
                }
              ],
              "variable": [
                {
                  "id": "id",
                  "value": "{}",
                  "type": "string"
                },
                {
                  "id": "label",
                  "value": "{}",
                  "type": "string"
                }
              ]
            },
            "method": "PUT",
            "body": {
              "mode": "raw"
            },
            "description": "Modifies a data source on a given account."
          },
          "response": [
            {
              "status": "OK",
              "code": 200,
              "name": "Response_200",
              "id": "3ca37c9d-8732-4f03-bb67-18a358355f0c"
            }
          ]
        },
        {
          "id": "b9750d58-14d3-4abb-b4b0-635b61d7ac6a",
          "name": "removeAccountSource_",
          "request": {
            "url": {
              "protocol": "http",
              "host": "api.context.io",
              "path": [
                "2.0",
                "accounts/:id/sources/:label"
              ],
              "variable": [
                {
                  "id": "id",
                  "value": "{}",
                  "type": "string"
                },
                {
                  "id": "label",
                  "value": "{}",
                  "type": "string"
                }
              ]
            },
            "method": "DELETE",
            "body": {
              "mode": "raw"
            },
            "description": "Removes a data source of an account."
          },
          "response": [
            {
              "status": "OK",
              "code": 200,
              "name": "Response_200",
              "id": "88b3f201-2da1-4423-ade2-999b96a57d14"
            }
          ]
        },
        {
          "id": "064be509-2c3c-4b46-9dce-d7a358cba482",
          "name": "listAccountSourceFolders_",
          "request": {
            "url": {
              "protocol": "http",
              "host": "api.context.io",
              "path": [
                "2.0",
                "accounts/:id/sources/:label/folders"
              ],
              "variable": [
                {
                  "id": "id",
                  "value": "{}",
                  "type": "string"
                },
                {
                  "id": "label",
                  "value": "{}",
                  "type": "string"
                }
              ]
            },
            "method": "GET",
            "body": {
              "mode": "raw"
            },
            "description": "Lists folders in an IMAP source. Returns folders existing in a given IMAP account."
          },
          "response": [
            {
              "status": "OK",
              "code": 200,
              "name": "Response_200",
              "id": "ee90a508-41e0-4e51-b508-cc9e75f3eec1"
            }
          ]
        },
        {
          "id": "392854c7-6ffa-454b-b414-bb25132ceac5",
          "name": "createAccountSourceFolder_",
          "request": {
            "url": {
              "protocol": "http",
              "host": "api.context.io",
              "path": [
                "2.0",
                "accounts/:id/sources/:label/folders/:folder"
              ],
              "query": [
                {
                  "key": "delim",
                  "value": "%7B%7D",
                  "disabled": false
                }
              ],
              "variable": [
                {
                  "id": "folder",
                  "value": "{}",
                  "type": "string"
                },
                {
                  "id": "id",
                  "value": "{}",
                  "type": "string"
                },
                {
                  "id": "label",
                  "value": "{}",
                  "type": "string"
                }
              ]
            },
            "method": "PUT",
            "body": {
              "mode": "raw"
            },
            "description": "Creates a folder on an IMAP source. A new folder can be added to an IMAP source by PUTting the desired path under the sources/folders resource.\nWorking with server-specific hierarchy delimiters:\nIMAP servers are free to use the character they want as the folder hierarchy delimiter. The bad news is they don't use the same. The good news is you don't need to know this, we take care of it.\n\nThen what is that delim parameter for?\nGood question. By default, we expect you to specify the folder hierarchy using / as the hierarchy delimiter. For example, to create a folder called my folder under the folder base folder, you would call:\nPUT /2.0/accounts/<id>/sources/<label>/folders/base+folder/my+folder\n\nNo matter what's the actual hierarchy delimiter the IMAP server expects, this call will work. However, say you need to use another character as the delimiter, here's how you'd do it:\nPUT /2.0/accounts/<id>/sources/<label>/folders/base+folder.my+folder?delim=.\n\nBoth examples above are equivalent and will have the same result no matter what the IMAP server expects as the actual hierarchy delimiter."
          },
          "response": [
            {
              "status": "OK",
              "code": 200,
              "name": "Response_200",
              "id": "956186ce-ed02-468e-9ef1-7d38b4e9b980"
            }
          ]
        },
        {
          "id": "02e9a353-8291-4bd7-b632-f3ede67ea140",
          "name": "getAccountSourceSyncStatus_",
          "request": {
            "url": {
              "protocol": "http",
              "host": "api.context.io",
              "path": [
                "2.0",
                "accounts/:id/sources/:label/sync"
              ],
              "variable": [
                {
                  "id": "id",
                  "value": "{}",
                  "type": "string"
                },
                {
                  "id": "label",
                  "value": "{}",
                  "type": "string"
                }
              ]
            },
            "method": "GET",
            "body": {
              "mode": "raw"
            },
            "description": "Gets the sync status of a data source. Returns the timestamps for the last time the source has been synced with the origin mailbox."
          },
          "response": [
            {
              "status": "OK",
              "code": 200,
              "name": "Response_200",
              "id": "4aef1526-f7e9-4548-8727-ac2b974516ae"
            }
          ]
        },
        {
          "id": "1ca1b4c7-d996-48da-9069-ce024e657706",
          "name": "Create_syncAccountSource_",
          "request": {
            "url": {
              "protocol": "http",
              "host": "api.context.io",
              "path": [
                "2.0",
                "accounts/:id/sources/:label/sync"
              ],
              "variable": [
                {
                  "id": "id",
                  "value": "{}",
                  "type": "string"
                },
                {
                  "id": "label",
                  "value": "{}",
                  "type": "string"
                }
              ]
            },
            "method": "POST",
            "body": {
              "mode": "raw"
            },
            "description": "Triggers a sync of a data source. This will start a sync job for the source."
          },
          "response": [
            {
              "status": "OK",
              "code": 200,
              "name": "Response_200",
              "id": "44caecdc-8ef0-4897-a63c-7a87061e65e7"
            }
          ]
        },
        {
          "id": "535d763c-b5c2-4344-9c1d-90cc9326cd85",
          "name": "getAllAccountSourcesSyncStatus_",
          "request": {
            "url": {
              "protocol": "http",
              "host": "api.context.io",
              "path": [
                "2.0",
                "accounts/:id/sync"
              ],
              "variable": [
                {
                  "id": "id",
                  "value": "{}",
                  "type": "string"
                }
              ]
            },
            "method": "GET",
            "body": {
              "mode": "raw"
            },
            "description": "Gets the sync status for all sources of the account. Returns the timestamps for the last time a source has been synced with the origin mailbox."
          },
          "response": [
            {
              "status": "OK",
              "code": 200,
              "name": "Response_200",
              "id": "632fe774-2dd5-439f-a4f1-90ec72230f26"
            }
          ]
        },
        {
          "id": "3971e5cb-ef11-4026-a806-ca4f5dd56972",
          "name": "Create_syncAllAccountSources_",
          "request": {
            "url": {
              "protocol": "http",
              "host": "api.context.io",
              "path": [
                "2.0",
                "accounts/:id/sync"
              ],
              "variable": [
                {
                  "id": "id",
                  "value": "{}",
                  "type": "string"
                }
              ]
            },
            "method": "POST",
            "body": {
              "mode": "raw"
            },
            "description": "Triggers a sync of all sources on the account. This will start a sync job for all sources under the account."
          },
          "response": [
            {
              "status": "OK",
              "code": 200,
              "name": "Response_200",
              "id": "b6b2bd0c-942d-434f-a34d-471f4ab54842"
            }
          ]
        },
        {
          "id": "18aff09d-90ed-40ae-9946-4e7f25b96e26",
          "name": "listAccountThreads_",
          "request": {
            "url": {
              "protocol": "http",
              "host": "api.context.io",
              "path": [
                "2.0",
                "accounts/:id/t