{
  "info": {
    "name": "World of Warcraft Get Data Item Classes",
    "_postman_id": "56301a07-7bd5-41ff-9e2f-c1d8cd9ebab2",
    "description": "Provides a list of item classes.",
    "schema": "https://schema.getpostman.com/json/collection/v2.0.0/"
  },
  "item": [
    {
      "name": "Data",
      "item": [
        {
          "id": "1b52c180-f715-4910-a6ed-16cdea84bd05",
          "name": "getDataCharacterClasses",
          "request": {
            "url": "http://us.battle.net/api/wow/data/character/classes",
            "method": "GET",
            "body": {
              "mode": "raw"
            },
            "description": "Provides a list of character classes."
          },
          "response": [
            {
              "status": "OK",
              "code": 200,
              "name": "Response_200",
              "id": "25a02629-7d11-4538-ac10-13f5055ecc8a"
            }
          ]
        },
        {
          "id": "ab968835-d861-4167-b5d9-05567201955f",
          "name": "getDataItemClasses",
          "request": {
            "url": "http://us.battle.net/api/wow/data/item/classes",
            "method": "GET",
            "body": {
              "mode": "raw"
            },
            "description": "Provides a list of item classes."
          },
          "response": [
            {
              "status": "OK",
              "code": 200,
              "name": "Response_200",
              "id": "c3b850c2-f469-4b0b-a797-d5781218b364"
            }
          ]
        }
      ]
    }
  ]
}