{
  "info": {
    "name": "Allied Irish Bank Public APIs Get Unsecured SME Loans",
    "_postman_id": "d2dc9ade-f14f-42f6-a373-fd30b649e811",
    "description": "This endpoint can contain multiple brands owned by a particular banking group. Each brand can own multiple SME Unsecured Loan products.",
    "schema": "https://schema.getpostman.com/json/collection/v2.0.0/"
  },
  "item": [
    {
      "name": "unsecured",
      "item": [
        {
          "id": "293859b6-9600-4f7c-9fc9-b948b0c14b24",
          "name": "pathOperation",
          "request": {
            "url": "http://openapi.aibgb.co.uk/open-banking/v2.1/unsecured-sme-loans/",
            "method": "GET",
            "body": {
              "mode": "raw"
            },
            "description": "This endpoint can contain multiple brands owned by a particular banking group"
          },
          "response": [
            {
              "status": "OK",
              "code": 200,
              "name": "Response_200",
              "id": "bfd8b898-7aac-4d2e-ab5f-95c117d4de86"
            }
          ]
        }
      ]
    }
  ]
}