{
  "info": {
    "name": "Slack Remove Star from Item",
    "_postman_id": "b74ed2ad-894f-4bbf-ae2e-2a745c2fffb4",
    "description": "Removes a star from an item.",
    "schema": "https://schema.getpostman.com/json/collection/v2.0.0/"
  },
  "item": [
    {
      "name": "Messages",
      "item": [
        {
          "id": "3141c0d1-6bd2-45cb-a310-d3d823e2107a",
          "name": "chat_delete",
          "request": {
            "url": "http://slack.com/api/chat.delete",
            "method": "POST",
            "header": [
              {
                "key": "token",
                "value": "{}",
                "description": "Authentication token",
                "disabled": false
              }
            ],
            "body": {
              "mode": "urlencoded",
              "urlencoded": [
                {
                  "key": "as_user",
                  "value": "{}",
                  "disabled": false,
                  "description": "Pass true to delete the message as the authed user with `chat:write:user` scope"
                },
                {
                  "key": "channel",
                  "value": "{}",
                  "disabled": false,
                  "description": "Channel containing the message to be deleted"
                },
                {
                  "key": "ts",
                  "value": "{}",
                  "disabled": false,
                  "description": "Timestamp of the message to be deleted"
                }
              ]
            },
            "description": "Deletes a message."
          },
          "response": [
            {
              "status": "OK",
              "code": 200,
              "name": "Response_200",
              "id": "0b371128-73ed-4e96-b52d-6e346ed7bfe6"
            }
          ]
        },
        {
          "id": "c168867e-5182-42b1-a89e-521d9bcf3a00",
          "name": "chat_unfurl",
          "request": {
            "url": "http://slack.com/api/chat.unfurl",
            "method": "POST",
            "header": [
              {
                "key": "token",
                "value": "{}",
                "description": "Authentication token",
                "disabled": false
              }
            ],
            "body": {
              "mode": "urlencoded",
              "urlencoded": [
                {
                  "key": "channel",
                  "value": "{}",
                  "disabled": false,
                  "description": "Channel ID of the message"
                },
                {
                  "key": "ts",
                  "value": "{}",
                  "disabled": false,
                  "description": "Timestamp of the message to add unfurl behavior to"
                },
                {
                  "key": "unfurls",
                  "value": "{}",
                  "disabled": false,
                  "description": "URL-encoded JSON map with keys set to URLs featured in the the message, pointing to their unfurl message attachments"
                },
                {
                  "key": "user_auth_message",
                  "value": "{}",
                  "disabled": false,
                  "description": "Provide a simply-formatted string to send as an ephemeral message to the user as invitation to authenticate further and enable full unfurling behavior"
                },
                {
                  "key": "user_auth_required",
                  "value": "{}",
                  "disabled": false,
                  "description": "Set to `true` or `1` to indicate the user must install your Slack app to trigger unfurls for this domain"
                },
                {
                  "key": "user_auth_url",
                  "value": "{}",
                  "disabled": false,
                  "description": "Send users to this custom URL where they will complete authentication in your app to fully trigger unfurling"
                }
              ]
            },
            "description": "Provide custom unfurl behavior for user-posted URLs"
          },
          "response": [
            {
              "status": "OK",
              "code": 200,
              "name": "Response_200",
              "id": "c9dad23c-2123-4436-aa88-f47d3c9d27b6"
            }
          ]
        },
        {
          "id": "bbd51381-df54-4257-acda-f5f8ab2f534a",
          "name": "chat_getPermalink",
          "request": {
            "url": "http://slack.com/api/chat.getPermalink?channel=%7B%7D&message_ts=%7B%7D&token=%7B%7D",
            "method": "GET",
            "body": {
              "mode": "raw"
            },
            "description": "Retrieve a permalink URL for a specific extant message"
          },
          "response": [
            {
              "status": "OK",
              "code": 200,
              "name": "Response_200",
              "id": "23ca9186-a99c-4c97-b586-2d9483fa3875"
            }
          ]
        },
        {
          "id": "48d57d4a-946d-4207-b7a9-917c4fe0c47c",
          "name": "chat_postEphemeral",
          "request": {
            "url": "http://slack.com/api/chat.postEphemeral",
            "method": "POST",
            "header": [
              {
                "key": "token",
                "value": "{}",
                "description": "Authentication token",
                "disabled": false
              }
            ],
            "body": {
              "mode": "urlencoded",
              "urlencoded": [
                {
                  "key": "as_user",
                  "value": "{}",
                  "disabled": false,
                  "description": "Pass true to post the message as the authed bot"
                },
                {
                  "key": "attachments",
                  "value": "{}",
                  "disabled": false,
                  "description": "A JSON-based array of structured attachments, presented as a URL-encoded string"
                },
                {
                  "key": "channel",
                  "value": "{}",
                  "disabled": false,
                  "description": "Channel, private group, or IM channel to send message to"
                },
                {
                  "key": "link_names",
                  "value": "{}",
                  "disabled": false,
                  "description": "Find and link channel names and usernames"
                },
                {
                  "key": "parse",
                  "value": "{}",
                  "disabled": false,
                  "description": "Change how messages are treated"
                },
                {
                  "key": "text",
                  "value": "{}",
                  "disabled": false,
                  "description": "Text of the message to send"
                },
                {
                  "key": "user",
                  "value": "{}",
                  "disabled": false,
                  "description": "`id` of the user who will receive the ephemeral message"
                }
              ]
            },
            "description": "Sends an ephemeral message to a user in a channel."
          },
          "response": [
            {
              "status": "OK",
              "code": 200,
              "name": "Response_200",
              "id": "deca9baf-3dfc-4aa7-b611-1dc813656ec9"
            }
          ]
        },
        {
          "id": "35c4e685-9aa1-47f8-b6e9-78f9e21ce760",
          "name": "chat_update",
          "request": {
            "url": "http://slack.com/api/chat.update",
            "method": "POST",
            "header": [
              {
                "key": "token",
                "value": "{}",
                "description": "Authentication token",
                "disabled": false
              }
            ],
            "body": {
              "mode": "urlencoded",
              "urlencoded": [
                {
                  "key": "as_user",
                  "value": "{}",
                  "disabled": false,
                  "description": "Pass true to update the message as the authed user"
                },
                {
                  "key": "attachments",
                  "value": "{}",
                  "disabled": false,
                  "description": "A JSON-based array of structured attachments, presented as a URL-encoded string"
                },
                {
                  "key": "channel",
                  "value": "{}",
                  "disabled": false,
                  "description": "Channel containing the message to be updated"
                },
                {
                  "key": "link_names",
                  "value": "{}",
                  "disabled": false,
                  "description": "Find and link channel names and usernames"
                },
                {
                  "key": "parse",
                  "value": "{}",
                  "disabled": false,
                  "description": "Change how messages are treated"
                },
                {
                  "key": "text",
                  "value": "{}",
                  "disabled": false,
                  "description": "New text for the message, using the [default formatting rules](/docs/formatting)"
                },
                {
                  "key": "ts",
                  "value": "{}",
                  "disabled": false,
                  "description": "Timestamp of the message to be updated"
                }
              ]
            },
            "description": "Updates a message."
          },
          "response": [
            {
              "status": "OK",
              "code": 200,
              "name": "Response_200",
              "id": "f6543dd0-1f86-466b-9960-75c22b1404c1"
            }
          ]
        },
        {
          "id": "26d18576-7f29-4b33-8cd5-c4f31223205f",
          "name": "chat_meMessage",
          "request": {
            "url": "http://slack.com/api/chat.meMessage",
            "method": "POST",
            "header": [
              {
                "key": "token",
                "value": "{}",
                "description": "Authentication token",
                "disabled": false
              }
            ],
            "body": {
              "mode": "urlencoded",
              "urlencoded": [
                {
                  "key": "channel",
                  "value": "{}",
                  "disabled": false,
                  "description": "Channel to send message to"
                },
                {
                  "key": "text",
                  "value": "{}",
                  "disabled": false,
                  "description": "Text of the message to send"
                }
              ]
            },
            "description": "Share a me message into a channel."
          },
          "response": [
            {
              "status": "OK",
              "code": 200,
              "name": "Response_200",
              "id": "34d9ffb7-2fc1-4c0c-8184-66bfc700a4df"
            }
          ]
        },
        {
          "id": "66284381-66ce-4968-8a74-3f57090aa8c0",
          "name": "chat_postMessage",
          "request": {
            "url": "http://slack.com/api/chat.postMessage",
            "method": "POST",
            "header": [
              {
                "key": "token",
                "value": "{}",
                "description": "Authentication token",
                "disabled": false
              }
            ],
            "body": {
              "mode": "urlencoded",
              "urlencoded": [
                {
                  "key": "as_user",
                  "value": "{}",
                  "disabled": false,
                  "description": "Pass true to post the message as the authed user, instead of as a bot"
                },
                {
                  "key": "attachments",
                  "value": "{}",
                  "disabled": false,
                  "description": "A JSON-based array of structured attachments, presented as a URL-encoded string"
                },
                {
                  "key": "channel",
                  "value": "{}",
                  "disabled": false,
                  "description": "Channel, private group, or IM channel to send message to"
                },
                {
                  "key": "icon_emoji",
                  "value": "{}",
                  "disabled": false,
                  "description": "Emoji to use as the icon for this message"
                },
                {
                  "key": "icon_url",
                  "value": "{}",
                  "disabled": false,
                  "description": "URL to an image to use as the icon for this message"
                },
                {
                  "key": "link_names",
                  "value": "{}",
                  "disabled": false,
                  "description": "Find and link channel names and usernames"
                },
                {
                  "key": "parse",
                  "value": "{}",
                  "disabled": false,
                  "description": "Change how messages are treated"
                },
                {
                  "key": "reply_broadcast",
                  "value": "{}",
                  "disabled": false,
                  "description": "Used in conjunction with `thread_ts` and indicates whether reply should be made visible to everyone in the channel or conversation"
                },
                {
                  "key": "text",
                  "value": "{}",
                  "disabled": false,
                  "description": "Text of the message to send"
                },
                {
                  "key": "thread_ts",
                  "value": "{}",
                  "disabled": false,
                  "description": "Provide another messages `ts` value to make this message a reply"
                },
                {
                  "key": "unfurl_links",
                  "value": "{}",
                  "disabled": false,
                  "description": "Pass true to enable unfurling of primarily text-based content"
                },
                {
                  "key": "unfurl_media",
                  "value": "{}",
                  "disabled": false,
                  "description": "Pass false to disable unfurling of media content"
                },
                {
                  "key": "username",
                  "value": "{}",
                  "disabled": false,
                  "description": "Set your bots user name"
                }
              ]
            },
            "description": "Sends a message to a channel."
          },
          "response": [
            {
              "status": "OK",
              "code": 200,
              "name": "Response_200",
              "id": "a23f9308-594d-47c9-86a2-fa2e50a67170"
            }
          ]
        }
      ]
    },
    {
      "name": "Messaging",
      "item": [
        {
          "id": "20d2a9dd-18e6-4998-80e1-9baa7adc8684",
          "name": "files_comments_edit",
          "request": {
            "url": "http://slack.com/api/files.comments.edit",
            "method": "POST",
            "header": [
              {
                "key": "token",
                "value": "{}",
                "description": "Authentication token",
                "disabled": false
              }
            ],
            "body": {
              "mode": "urlencoded",
              "urlencoded": [
                {
                  "key": "comment",
                  "value": "{}",
                  "disabled": false,
                  "description": "Text of the comment to edit"
                },
                {
                  "key": "file",
                  "value": "{}",
                  "disabled": false,
                  "description": "File containing the comment to edit"
                },
                {
                  "key": "id",
                  "value": "{}",
                  "disabled": false,
                  "description": "The comment to edit"
                }
              ]
            },
            "description": "Edit an existing file comment."
          },
          "response": [
            {
              "status": "OK",
              "code": 200,
              "name": "Response_200",
              "id": "81141eb4-c09a-4594-b85b-88155893c10e"
            }
          ]
        },
        {
          "id": "1c8d1cf2-fd44-4e7d-8421-858ed0c7953e",
          "name": "im_close",
          "request": {
            "url": "http://slack.com/api/im.close",
            "method": "POST",
            "header": [
              {
                "key": "token",
                "value": "{}",
                "description": "Authentication token",
                "disabled": false
              }
            ],
            "body": {
              "mode": "urlencoded",
              "urlencoded": [
                {
                  "key": "channel",
                  "value": "{}",
                  "disabled": false,
                  "description": "Direct message channel to close"
                }
              ]
            },
            "description": "Close a direct message channel."
          },
          "response": [
            {
              "status": "OK",
              "code": 200,
              "name": "Response_200",
              "id": "d12238cd-685f-4704-9980-05d0c9d22ce5"
            }
          ]
        },
        {
          "id": "8ed200e4-7245-46ef-ae68-af1afa6b2442",
          "name": "groups_replies",
          "request": {
            "url": "http://slack.com/api/groups.replies?channel=%7B%7D&thread_ts=%7B%7D&token=%7B%7D",
            "method": "GET",
            "body": {
              "mode": "raw"
            },
            "description": "Retrieve a thread of messages posted to a private channel"
          },
          "response": [
            {
              "status": "OK",
              "code": 200,
              "name": "Response_200",
              "id": "d604db76-b368-43f9-a18f-0175a6846e62"
            }
          ]
        },
        {
          "id": "5dd0083c-d0df-4de7-967e-3dd3b6473118",
          "name": "bots_info",
          "request": {
            "url": "http://slack.com/api/bots.info?bot=%7B%7D&token=%7B%7D",
            "method": "GET",
            "body": {
              "mode": "raw"
            },
            "description": "Gets information about a bot user."
          },
          "response": [
            {
              "status": "OK",
              "code": 200,
              "name": "Response_200",
              "id": "f67a9d70-1211-490f-b6be-008bf06698cd"
            }
          ]
        },
        {
          "id": "63947e2c-a197-46f9-805b-eb3d7be053fe",
          "name": "groups_rename",
          "request": {
            "url": "http://slack.com/api/groups.rename",
            "method": "POST",
            "header": [
              {
                "key": "token",
                "value": "{}",
                "description": "Authentication token",
                "disabled": false
              }
            ],
            "body": {
              "mode": "urlencoded",
              "urlencoded": [
                {
                  "key": "channel",
                  "value": "{}",
                  "disabled": false,
                  "description": "Private channel to rename"
                },
                {
                  "key": "name",
                  "value": "{}",
                  "disabled": false,
                  "description": "New name for private channel"
                },
                {
                  "key": "validate",
                  "value": "{}",
                  "disabled": false,
                  "description": "Whether to return errors on invalid channel name instead of modifying it to meet the specified criteria"
                }
              ]
            },
            "description": "Renames a private channel."
          },
          "response": [
            {
              "status": "OK",
              "code": 200,
              "name": "Response_200",
              "id": "eab7e7cf-7694-4c7b-a353-8199eb0a72b2"
            }
          ]
        },
        {
          "id": "52d7cb6a-3677-4a75-8070-8a1f5cd838b8",
          "name": "users_profile_set",
          "request": {
            "url": "http://slack.com/api/users.profile.set",
            "method": "POST",
            "header": [
              {
                "key": "token",
                "value": "{}",
                "description": "Authentication token",
                "disabled": false
              }
            ],
            "body": {
              "mode": "urlencoded",
              "urlencoded": [
                {
                  "key": "name",
                  "value": "{}",
                  "disabled": false,
                  "description": "Name of a single key to set"
                },
                {
                  "key": "profile",
                  "value": "{}",
                  "disabled": false,
                  "description": "Collection of key:value pairs presented as a URL-encoded JSON hash"
                },
                {
                  "key": "user",
                  "value": "{}",
                  "disabled": false,
                  "description": "ID of user to change"
                },
                {
                  "key": "value",
                  "value": "{}",
                  "disabled": false,
                  "description": "Value to set a single key to"
                }
              ]
            },
            "description": "Set the profile information for a user."
          },
          "response": [
            {
              "status": "OK",
              "code": 200,
              "name": "Response_200",
              "id": "e895aa33-8d1a-4e12-858f-ad5a0201fac7"
            }
          ]
        },
        {
          "id": "7d3917d4-b387-46af-b65d-d042cababb75",
          "name": "users_setPresence",
          "request": {
            "url": "http://slack.com/api/users.setPresence",
            "method": "POST",
            "header": [
              {
                "key": "token",
                "value": "{}",
                "description": "Authentication token",
                "disabled": false
              }
            ],
            "body": {
              "mode": "urlencoded",
              "urlencoded": [
                {
                  "key": "presence",
                  "value": "{}",
                  "disabled": false,
                  "description": "Either `auto` or `away`"
                }
              ]
            },
            "description": "Manually sets user presence."
          },
          "response": [
            {
              "status": "OK",
              "code": 200,
              "name": "Response_200",
              "id": "a1e5df14-57c9-49c0-a22a-08e4187fd2c4"
            }
          ]
        },
        {
          "id": "df22c591-b98e-4ac9-a3f8-6c20fd1a010f",
          "name": "conversations_close",
          "request": {
            "url": "http://slack.com/api/conversations.close",
            "method": "POST",
            "header": [
              {
                "key": "token",
                "value": "{}",
                "description": "Authentication token",
                "disabled": false
              }
            ],
            "body": {
              "mode": "urlencoded",
              "urlencoded": [
                {
                  "key": "channel",
                  "value": "{}",
                  "disabled": false,
                  "description": "Conversation to close"
                }
              ]
            },
            "description": "Closes a direct message or multi-person direct message."
          },
          "response": [
            {
              "status": "OK",
              "code": 200,
              "name": "Response_200",
              "id": "9788c8f5-64be-488c-a949-11b1a1d82fa3"
            }
          ]
        },
        {
          "id": "2ac3e1c4-4413-4ed7-9f64-4fd75d4c3d29",
          "name": "im_open",
          "request": {
            "url": "http://slack.com/api/im.open",
            "method": "POST",
            "header": [
              {
                "key": "token",
                "value": "{}",
                "description": "Authentication token",
                "disabled": false
              }
            ],
            "body": {
              "mode": "urlencoded",
              "urlencoded": [
                {
                  "key": "include_locale",
                  "value": "{}",
                  "disabled": false,
                  "description": "Set this to `true` to receive the locale for this im"
                },
                {
                  "key": "return_im",
                  "value": "{}",
                  "disabled": false,
                  "description": "Boolean, indicates you want the full IM channel definition in the response"
                },
                {
                  "key": "user",
                  "value": "{}",
                  "disabled": false,
                  "description": "User to open a direct message channel with"
                }
              ]
            },
            "description": "Opens a direct message channel."
          },
          "response": [
            {
              "status": "OK",
              "code": 200,
              "name": "Response_200",
              "id": "24aacab3-5267-47e3-87e8-17c95670f008"
            }
          ]
        },
        {
          "id": "bc3d7276-011d-4490-862a-72ef00dc5862",
          "name": "groups_list",
          "request": {
            "url": "http://slack.com/api/groups.list?exclude_archived=%7B%7D&exclude_members=%7B%7D&token=%7B%7D",
            "method": "GET",
            "body": {
              "mode": "raw"
            },
            "description": "Lists private channels that the calling user has access to."
          },
          "response": [
            {
              "status": "OK",
              "code": 200,
              "name": "Response_200",
              "id": "9d4d8271-e81b-40fb-ba39-405ae4b8daf9"
            }
          ]
        },
        {
          "id": "e9df2351-21a7-44d9-a904-2b4292b78286",
          "name": "team_integrationLogs",
          "request": {
            "url": "http://slack.com/api/team.integrationLogs?app_id=%7B%7D&change_type=%7B%7D&count=%7B%7D&page=%7B%7D&service_id=%7B%7D&token=%7B%7D&user=%7B%7D",
            "method": "GET",
            "body": {
              "mode": "raw"
            },
            "description": "Gets the integration logs for the current team."
          },
          "response": [
            {
              "status": "OK",
              "code": 200,
              "name": "Response_200",
              "id": "e144a506-73b3-4c69-ab92-535564ae9174"
            }
          ]
        },
        {
          "id": "ca93df33-ca54-4ca2-91cb-0b0e0be024fe",
          "name": "groups_kick",
          "request": {
            "url": "http://slack.com/api/groups.kick",
            "method": "POST",
            "header": [
              {
                "key": "token",
                "value": "{}",
                "description": "Authentication token",
                "disabled": false
              }
            ],
            "body": {
              "mode": "urlencoded",
              "urlencoded": [
                {
                  "key": "channel",
                  "value": "{}",
                  "disabled": false,
                  "description": "Private channel to remove user from"
                },
                {
                  "key": "user",
                  "value": "{}",
                  "disabled": false,
                  "description": "User to remove from private channel"
                }
              ]
            },
            "description": "Removes a user from a private channel."
          },
          "response": [
            {
              "status": "OK",
              "code": 200,
              "name": "Response_200",
              "id": "c0bf21c6-2176-4561-81ee-6224f9ec161c"
            }
          ]
        },
        {
          "id": "ed279d39-4a91-4c16-af03-b193b7e93329",
          "name": "dnd_info",
          "request": {
            "url": "http://slack.com/api/dnd.info?token=%7B%7D&user=%7B%7D",
            "method": "GET",
            "body": {
              "mode": "raw"
            },
            "description": "Retrieves a user's current Do Not Disturb status."
          },
          "response": [
            {
              "status": "OK",
              "code": 200,
              "name": "Response_200",
              "id": "f7f16ee8-78cf-4399-beb6-6a2610cd6929"
            }
          ]
        },
        {
          "id": "52563ed8-c39e-4a7c-9f9e-7f714eca56c7",
          "name": "channels_archive",
          "request": {
            "url": "http://slack.com/api/channels.archive",
            "method": "POST",
            "header": [
              {
                "key": "token",
                "value": "{}",
                "description": "Authentication token",
                "disabled": false
              }
            ],
            "body": {
              "mode": "urlencoded",
              "urlencoded": [
                {
                  "key": "channel",
                  "value": "{}",
                  "disabled": false,
                  "description": "Channel to archive"
                }
              ]
            },
            "description": "Archives a channel."
          },
          "response": [
            {
              "status": "OK",
              "code": 200,
              "name": "Response_200",
              "id": "fcfd2b70-9488-485f-8afa-414fcdb6f6a5"
            }
          ]
        },
        {
          "id": "6a648059-fd30-4ad5-aad8-def4d5851894",
          "name": "reminders_info",
          "request": {
            "url": "http://slack.com/api/reminders.info?reminder=%7B%7D&token=%7B%7D",
            "method": "GET",
            "body": {
              "mode": "raw"
            },
            "description": "Gets information about a reminder."
          },
          "response": [
            {
              "status": "OK",
              "code": 200,
              "name": "Response_200",
              "id": "b5ab90a3-a022-4b74-8298-8c879ee72ea6"
            }
          ]
        },
        {
          "id": "4296c4dd-20fe-4c83-bda0-06b64da9cab4",
          "name": "channels_info",
          "request": {
            "url": "http://slack.com/api/channels.info?channel=%7B%7D&include_locale=%7B%7D&token=%7B%7D",
            "method": "GET",
            "body": {
              "mode": "raw"
            },
            "description": "Gets information about a channel."
          },
          "response": [
            {
              "status": "OK",
              "code": 200,
              "name": "Response_200",
              "id": "6f828369-4a7c-495f-9769-e2feaa8ee9fc"
            }
          ]
        },
        {
          "id": "0c3c038e-db57-4df4-b265-9470cfc2a8c8",
          "name": "channels_kick",
          "request": {
            "url": "http://slack.com/api/channels.kick",
            "method": "POST",
            "header": [
              {
                "key": "token",
                "value": "{}",
                "description": "Authentication token",
                "disabled": false
              }
            ],
            "body": {
              "mode": "urlencoded",
              "urlencoded": [
                {
                  "key": "channel",
                  "value": "{}",
                  "disabled": false,
                  "description": "Channel to remove user from"
                },
                {
                  "key": "user",
                  "value": "{}",
                  "disabled": false,
                  "description": "User to remove from channel"
                }
              ]
            },
            "description": "Removes a user from a channel."
          },
          "response": [
            {
              "status": "OK",
              "code": 200,
              "name": "Response_200",
              "id": "6efed6fe-87e4-4957-8b59-6b38cf39c71e"
            }
          ]
        },
        {
          "id": "c539d080-597d-4cd6-a89e-6bf7dd0e71bd",
          "name": "groups_mark",
          "request": {
            "url": "http://slack.com/api/groups.mark",
            "method": "POST",
            "header": [
              {
                "key": "token",
                "value": "{}",
                "description": "Authentication token",
                "disabled": false
              }
            ],
            "body": {
              "mode": "urlencoded",
              "urlencoded": [
                {
                  "key": "channel",
                  "value": "{}",
                  "disabled": false,
                  "description": "Private channel to set reading cursor in"
                },
                {
                  "key": "ts",
                  "value": "{}",
                  "disabled": false,
                  "description": "Timestamp of the most recently seen message"
                }
              ]
            },
            "description": "Sets the read cursor in a private channel."
          },
          "response": [
            {
              "status": "OK",
              "code": 200,
              "name": "Response_200",
              "id": "1f433044-70fc-41be-b24d-54b8c6ae6c39"
            }
          ]
        },
        {
          "id": "1581e1ce-0ed6-4453-aa23-3fd0aa74bf36",
          "name": "mpim_close",
          "request": {
            "url": "http://slack.com/api/mpim.close",
            "method": "POST",
            "header": [
              {
                "key": "token",
                "value": "{}",
                "description": "Authentication token",
                "disabled": false
              }
            ],
            "body": {
              "mode": "urlencoded",
              "urlencoded": [
                {
                  "key": "channel",
                  "value": "{}",
                  "disabled": false,
                  "description": "MPIM to close"
                }
              ]
            },
            "description": "Closes a multiparty direct message channel."
          },
          "response": [
            {
              "status": "OK",
              "code": 200,
              "name": "Response_200",
              "id": "64655fec-d50b-4444-a3a2-09bd8b0babd8"
            }
          ]
        },
        {
          "id": "056906ce-2491-4e0d-9065-a78f225c35ca",
          "name": "conversations_join",
          "request": {
            "url": "http://slack.com/api/conversations.join",
            "method": "POST",
            "header": [
              {
                "key": "token",
                "value": "{}",
                "description": "Authentication token",
                "disabled": false
              }
            ],
            "body": {
              "mode": "urlencoded",
              "urlencoded": [
                {
                  "key": "channel",
                  "value": "{}",
                  "disabled": false,
                  "description": "ID of conversation to join"
                }
              ]
            },
            "description": "Joins an existing conversation."
          },
          "response": [
            {
              "status": "OK",
              "code": 200,
              "name": "Response_200",
              "id": "e73c975a-68c0-427b-bc2b-eddb3e9d143f"
            }
          ]
        },
        {
          "id": "96ff56cd-1ff0-4ef5-a335-fd06262b33ff",
          "name": "channels_history",
          "request": {
            "url": "http://slack.com/api/channels.history?channel=%7B%7D&count=%7B%7D&inclusive=%7B%7D&latest=%7B%7D&oldest=%7B%7D&token=%7B%7D&unreads=%7B%7D",
            "method": "GET",
            "body": {
              "mode": "raw"
            },
            "description": "Fetches history of messages and events from a channel."
          },
          "response": [
            {
              "status": "OK",
              "code": 200,
              "name": "Response_200",
              "id": "9d13b7f5-136d-49bc-afbf-b10a28f2f5e0"
            }
          ]
        },
        {
          "id": "56f07288-2ff0-44df-ab6a-71db0b9f43c8",
          "name": "im_mark",
          "request": {
            "url": "http://slack.com/api/im.mark",
            "method": "POST",
            "header": [
              {
                "key": "token",
                "value": "{}",
                "description": "Authentication token",
                "disabled": false
              }
            ],
            "body": {
              "mode": "urlencoded",
              "urlencoded": [
                {
                  "key": "channel",
                  "value": "{}",
                  "disabled": false,
                  "description": "Direct message channel to set reading cursor in"
                },
                {
                  "key": "ts",
                  "value": "{}",
                  "disabled": false,
                  "description": "Timestamp of the most recently seen message"
                }
              ]
            },
            "description": "Sets the read cursor in a direct message channel."
          },
          "response": [
            {
              "status": "OK",
              "code": 200,
              "name": "Response_200",
              "id": "f7e6afb4-ab9f-44a5-944d-e2f4c7bc6a11"
            }
          ]
        },
        {
          "id": "c4d8f425-1977-4b5b-b9e0-80ca0eeb8f35",
          "name": "oauth_token",
          "request": {
            "url": "http://slack.com/api/oauth.token?client_id=%7B%7D&client_secret=%7B%7D&code=%7B%7D&redirect_uri=%7B%7D&single_channel=%7B%7D",
            "method": "GET",
            "body": {
              "mode": "raw"
            },
            "description": "Exchanges a temporary OAuth verifier code for a workspace token."
          },
          "response": [
            {
              "status": "OK",
              "code": 200,
              "name": "Response_200",
              "id": "9eacecbe-d58a-4001-a6ca-922e6e011d98"
            }
          ]
        },
        {
          "id": "e461d0aa-e56d-49de-aaff-193faba29bb6",
          "name": "files_upload",
          "request": {
            "url": "http://slack.com/api/files.upload",
            "method": "POST",
            "body": {
              "mode": "urlencoded",
              "urlencoded": [
                {
                  "key": "channels",
                  "value": "{}",
                  "disabled": false,
                  "description": "Comma-separated list of channel names or IDs where the file will be shared"
                },
                {
                  "key": "content",
                  "value": "{}",
                  "disabled": false,
                  "description": "File contents via a POST variable"
                },
                {
                  "key": "file",
                  "value": "{}",
                  "disabled": false,
                  "description": "File contents via `multipart/form-data`"
                },
                {
                  "key": "filename",
                  "value": "{}",
                  "disabled": false,
                  "description": "Filename of file"
                },
                {
                  "key": "filetype",
                  "value": "{}",
                  "disabled": false,
                  "description": "A [file type](/types/file#file_types) identifier"
                },
                {
                  "key": "initial_comment",
                  "value": "{}",
                  "disabled": false,
                  "description": "Initial comment to add to file"
                },
                {
                  "key": "title",
                  "value": "{}",
                  "disabled": false,
                  "description": "Title of file"
                },
                {
                  "key": "token",
                  "value": "{}",
                  "disabled": false,
                  "description": "Authentication token"
                }
              ]
            },
            "description": "Uploads or creates a file."
          },
          "response": [
            {
              "status": "OK",
              "code": 200,
              "name": "Response_200",
              "id": "c08a5a55-04d0-4eab-b67d-1039efb0a793"
            }
          ]
        },
        {
          "id": "89fd76ba-4341-42c6-9c5b-527c1de7d264",
          "name": "usergroups_users_list",
          "request": {
            "url": "http://slack.com/api/usergroups.users.list?include_disabled=%7B%7D&token=%7B%7D&usergroup=%7B%7D",
            "method": "GET",
            "body": {
              "mode": "raw"
            },
            "description": "List all users in a User Group"
          },
          "response": [
            {
              "status": "OK",
              "code": 200,
              "name": "Response_200",
              "id": "0ba93378-7639-46b2-81d3-e864ea56ab45"
            }
          ]
        },
        {
          "id": "0fcee10f-caa1-4533-949e-bd333defa8e6",
          "name": "users_info",
          "request": {
            "url": "http://slack.com/api/users.info?include_locale=%7B%7D&token=%7B%7D&user=%7B%7D",
            "method": "GET",
            "body": {
              "mode": "raw"
            },
            "description": "Gets information about a user."
          },
          "response": [
            {
              "status": "OK",
              "code": 200,
              "name": "Response_200",
              "id": "cdd251a8-517f-4cf7-afa2-a9a087fd511e"
            }
          ]
        },
        {
          "id": "ba15f6ba-05f6-45c9-a85a-5b440668e600",
          "name": "users_lookupByEmail",
          "request": {
            "url": "http://slack.com/api/users.lookupByEmail?email=%7B%7D&token=%7B%7D",
            "method": "GET",
            "body": {
              "mode": "raw"
            },
            "description": "Find a user with an email address."
          },
          "response": [
            {
              "status": "OK",
              "code": 200,
              "name": "Response_200",
              "id": "225a2a6a-4b4d-4faa-bc97-12e3c627d587"
            }
          ]
        },
        {
          "id": "3b198a47-0fc0-49cf-a222-90877f764d2c",
          "name": "reactions_list",
          "request": {
            "url": "http://slack.com/api/reactions.list?count=%7B%7D&full=%7B%7D&page=%7B%7D&token=%7B%7D&user=%7B%7D",
            "method": "GET",
            "body": {
              "mode": "raw"
            },
            "description": "Lists reactions made by a user."
          },
          "response": [
            {
              "status": "OK",
              "code": 200,
              "name": "Response_200",
              "id": "90ad0811-8c9d-418d-bf51-842a2487f55f"
            }
          ]
        },
        {
          "id": "77b931a4-061e-400e-b20c-d9d949248e78",
          "name": "conversations_create",
          "request": {
            "url": "http://slack.com/api/conversations.create",
            "method": "POST",
            "header": [
              {
                "key": "token",
                "value": "{}",
                "description": "Authentication token",
                "disabled": false
              }
            ],
            "body": {
              "mode": "urlencoded",
              "urlencoded": [
                {
                  "key": "is_private",
                  "value": "{}",
                  "disabled": false,
                  "description": "Create a private channel instead of a public one"
                },
                {
                  "key": "name",
                  "value": "{}",
                  "disabled": false,
                  "description": "Name of the public or private channel to create"
                }
              ]
            },
            "description": "Initiates a public or private channel-based conversation"
          },
          "response": [
            {
              "status": "OK",
              "code": 200,
              "name": "Response_200",
              "id": "f6132b48-9ad9-4cca-bece-e924a3da795f"
            }
          ]
        },
        {
          "id": "c3b53d02-3d28-4f78-a57d-f645df4da099",
          "name": "team_billableInfo",
          "request": {
            "url": "http://slack.com/api/team.billableInfo?token=%7B%7D&user=%7B%7D",
            "method": "GET",
            "body": {
              "mode": "raw"
            },
            "description": "Gets billable users information for the current team."
          },
          "response": [
            {
              "status": "OK",
              "code": 200,
              "name": "Response_200",
              "id": "7c32b233-d0b5-454e-a123-d44a4eb1eac7"
            }
          ]
        },
        {
          "id": "4e838f15-66b3-49c6-945b-2cffcd08a24c",
          "name": "dnd_endDnd",
          "request": {
            "url": "http://slack.com/api/dnd.endDnd",
            "method": "POST",
            "header": [
              {
                "key": "token",
                "value": "{}",
                "description": "Authentication token",
                "disabled": false
              }
            ],
            "body": {
              "mode": "raw"
            },
            "description": "Ends the current user's Do Not Disturb session immediately."
          },
          "response": [
            {
              "status": "OK",
              "code": 200,
              "name": "Response_200",
              "id": "ee3abfee-ce67-478e-9f69-de627269a5eb"
            }
          ]
        },
        {
          "id": "14249d69-0317-45f3-8c7f-c259021511fd",
          "name": "search_all",
          "request": {
            "url": "http://slack.com/api/search.all?count=%7B%7D&highlight=%7B%7D&page=%7B%7D&query=%7B%7D&sort=%7B%7D&sort_dir=%7B%7D&token=%7B%7D",
            "method": "GET",
            "body": {
              "mode": "raw"
            },
            "description": "Searches for messages and files matching a query."
          },
          "response": [
            {
              "status": "OK",
              "code": 200,
              "name": "Response_200",
              "id": "c1159c79-138c-43f9-a7ef-2e34392c37d6"
            }
          ]
        },
        {
          "id": "a1ccae91-16b0-4459-978d-e5a9c5ae297d",
          "name": "files_comments_delete",
          "request": {
            "url": "http://slack.com/api/files.comments.delete",
            "method": "POST",
            "header": [
              {
                "key": "token",
                "value": "{}",
                "description": "Authentication token",
                "disabled": false
              }
            ],
            "body": {
              "mode": "urlencoded",
              "urlencoded": [
                {
                  "key": "file",
                  "value": "{}",
                  "disabled": false,
                  "description": "File to delete a comment from"
                },
                {
                  "key": "id",
                  "value": "{}",
                  "disabled": false,
                  "description": "The comment to delete"
                }
              ]
            },
            "description": "Deletes an existing comment on a file."
          },
          "response": [
            {
              "status": "OK",
              "code": 200,
              "name": "Response_200",
              "id": "70108bb2-3fd2-4678-b97b-837c68e82214"
            }
          ]
        },
        {
          "id": "2d0d54fd-35f7-4e98-9fc7-933949ae7fe9",
          "name": "auth_revoke",
          "request": {
            "url": "http://slack.com/api/auth.revoke?test=%7B%7D&token=%7B%7D",
            "method": "GET",
            "body": {
              "mode": "raw"
            },
            "description": "Revokes a token."
          },
          "response": [
            {
              "status": "OK",
              "code": 200,
              "name": "Response_200",
              "id": "58a7f946-5ba9-4d59-b9a2-df4d2b351694"
            }
          ]
        },
        {
          "id": "a34dbdc6-1fd3-4478-982d-067e638bd9bb",
          "name": "reactions_add",
          "request": {
            "url": "http://slack.com/api/reactions.add",
            "method": "POST",
            "header": [
              {
                "key": "token",
                "value": "{}",
                "description": "Authentication token",
                "disabled": false
              }
            ],
            "body": {
              "mode": "urlencoded",
              "urlencoded": [
                {
                  "key": "channel",
                  "value": "{}",
                  "disabled": false,
                  "description": "Channel where the message to add reaction to was posted"
                },
                {
                  "key": "file",
                  "value": "{}",
                  "disabled": false,
                  "description": "File to add reaction to"
                },
                {
                  "key": "file_comment",
                  "value": "{}",
                  "disabled": false,
                  "description": "File comment to add reaction to"
                },
                {
                  "key": "name",
                  "value": "{}",
                  "disabled": false,
                  "description": "Reaction (emoji) name"
                },
                {
                  "key": "timestamp",
                  "value": "{}",
                  "disabled": false,
                  "description": "Timestamp of the message to add reaction to"
                }
              ]
            },
            "description": "Adds a reaction to an item."
          },
          "response": [
            {
              "status": "OK",
              "code": 200,
              "name": "Response_200",
              "id": "cd8bb6a4-3933-44ef-b77d-0a0c8ad83d7f"
            }
          ]
        },
        {
          "id": "a4710b5c-3ada-43ad-abd0-27349ed22390",
          "name": "stars_add",
          "request": {
            "url": "http://slack.com/api/stars.add",
            "method": "POST",
            "header": [
              {
                "key": "token",
                "value": "{}",
                "description": "Authentication token",
                "disabled": false
              }
            ],
            "body": {
              "mode": "urlencoded",
              "urlencoded": [
                {
                  "key": "channel",
                  "value": "{}",
                  "disabled": false,
                  "description": "Channel to add star to, or channel where the message to add star to was posted (used with `timestamp`)"
                },
                {
                  "key": "file",
                  "value": "{}",
                  "disabled": false,
                  "description": "File to add star to"
                },
                {
                  "key": "file_comment",
                  "value": "{}",
                  "disabled": false,
                  "description": "File comment to add star to"
                },
                {
                  "key": "timestamp",
                  "value": "{}",
                  "disabled": false,
                  "description": "Timestamp of the message to add star to"
                }
              ]
            },
            "description": "Adds a star to an item."
          },
          "response": [
            {
              "status": "OK",
              "code": 200,
              "name": "Response_200",
              "id": "f22ce1e0-3f5d-4d2e-b6e0-a2d005acf2ca"
            }
          ]
        },
        {
          "id": "5519a4d2-42f4-4f90-9352-13b26b038054",
          "name": "reminders_complete",
          "request": {
            "url": "http://slack.com/api/reminders.complete",
            "method": "POST",
            "header": [
              {
                "key": "token",
                "value": "{}",
                "description": "Authentication token",
                "disabled": false
              }
            ],
            "body": {
              "mode": "urlencoded",
              "urlencoded": [
                {
                  "key": "reminder",
                  "value": "{}",
                  "disabled": false,
                  "description": "The ID of the reminder to be marked as complete"
                }
              ]
            },
            "description": "Marks a reminder as complete."
          },
          "response": [
            {
              "status": "OK",
              "code": 200,
              "name": "Response_200",
              "id": "60e011e6-bf6e-4d66-a532-90f10eb30c7d"
            }
          ]
        },
        {
          "id": "cb092b24-21a2-4755-8c45-1537fc810563",
          "name": "conversations_unarchive",
          "request": {
            "url": "http://slack.com/api/conversations.unarchive",
            "method": "POST",
            "header": [
              {
                "key": "token",
                "value": "{}",
                "description": "Authentication token",
                "disabled": false
              }
            ],
            "body": {
              "mode": "urlencoded",
              "urlencoded": [
                {
                  "key": "channel",
                  "value": "{}",
                  "disabled": false,
                  "description": "ID of conversation to unarchive"
                }
              ]
            },
            "description": "Reverses conversation archival."
          },
          "response": [
            {
              "status": "OK",
              "code": 200,
              "name": "Response_200",
              "id": "e8500f24-0da5-4674-978c-2fb67dfbf86f"
            }
          ]
        },
        {
          "id": "206a5603-58e7-4147-be44-ebb9e69cb308",
          "name": "groups_info",
          "request": {
            "url": "http://slack.com/api/groups.info?channel=%7B%7D&include_locale=%7B%7D&token=%7B%7D",
            "method": "GET",
            "body": {
              "mode": "raw"
            },
            "description": "Gets information about a private channel."
          },
          "response": [
            {
              "status": "OK",
              "code": 200,
              "name": "Response_200",
              "id": "71aced53-d8d2-4dc0-bf7f-178a3caf9ae5"
            }
          ]
        },
        {
          "id": "fb3ab9d0-c737-46b2-95ef-f9da605a3117",
          "name": "files_revokePublicURL",
          "request": {
            "url": "http://slack.com/api/files.revokePublicURL",
            "method": "POST",
            "header": [
              {
                "key": "token",
                "value": "{}",
                "description": "Authentication token",
                "disabled": false
              }
            ],
            "body": {
              "mode": "urlencoded",
              "urlencoded": [
                {
                  "key": "file",
                  "value": "{}",
                  "disabled": false,
                  "description": "File to revoke"
                }
              ]
            },
            "description": "Revokes public/external sharing access for a file"
          },
          "response": [
            {
              "status": "OK",
              "code": 200,
              "name": "Response_200",
              "id": "266c4b1b-9ba4-4a1a-a3b3-0328dc502633"
            }
          ]
        },
        {
          "id": "a6b1b685-f891-4042-a2d3-f670c6a6dc19",
          "name": "conversations_list",
          "request": {
            "url": "http://slack.com/api/conversations.list?cursor=%7B%7D&exclude_archived=%7B%7D&limit=%7B%7D&token=%7B%7D&types=%7B%7D",
            "method": "GET",
            "body": {
              "mode": "raw"
            },
            "description": "Lists all channels in a Slack team."
          },
          "response": [
            {
              "status": "OK",
              "code": 200,
              "name": "Response_200",
              "id": "a36eef03-235b-4025-832f-d04c3b8bb26d"
            }
          ]
        },
        {
          "id": "d741d188-daae-465b-a496-24ef314148a0",
          "name": "stars_list",
          "request": {
            "url": "http://slack.com/api/stars.list?count=%7B%7D&page=%7B%7D&token=%7B%7D",
            "method": "GET",
            "body": {
              "mode": "raw"
            },
            "description": "Lists stars for a user."
          },
          "response": [
            {
              "status": "OK",
              "code": 200,
              "name": "Response_200",
              "id": "327c9268-9c60-4471-8c70-2e03e5f16ffa"
            }
          ]
        },
        {
          "id": "3776e5ba-b84d-4070-9006-37fc829255ae",
          "name": "reactions_get",
          "request": {
            "url": "http://slack.com/api/reactions.get?channel=%7B%7D&file=%7B%7D&file_comment=%7B%7D&full=%7B%7D&timestamp=%7B%7D&token=%7B%7D",
            "method": "GET",
            "body": {
              "mode": "raw"
            },
            "description": "Gets reactions for an item."
          },
          "response": [
            {
              "status": "OK",
              "code": 200,
              "name": "Response_200",
              "id": "f870e267-f372-4b24-9dbc-abc1bce989d7"
            }
          ]
        },
        {
          "id": "7eab084a-e4df-436b-b3a5-75f7bf9d5311",
          "name": "im_history",
          "request": {
            "url": "http://slack.com/api/im.history?channel=%7B%7D&count=%7B%7D&inclusive=%7B%7D&latest=%7B%7D&oldest=%7B%7D&token=%7B%7D&unreads=%7B%7D",
            "method": "GET",
            "body": {
              "mode": "raw"
            },
            "description": "Fetches history of messages and events from direct message channel."
          },
          "response": [
            {
              "status": "OK",
              "code": 200,
              "name": "Response_200",
              "id": "bc6959ae-8111-408c-a93f-0bde60ba233d"
            }
          ]
        },
        {
          "id": "3d1efb7c-a4c9-480a-be6f-f237576f0852",
          "name": "pins_add",
          "request": {
            "url": "http://slack.com/api/pins.add",
            "method": "POST",
            "header": [
              {
                "key": "token",
                "value": "{}",
                "description": "Authentication token",
                "disabled": false
              }
            ],
            "body": {
              "mode": "urlencoded",
              "urlencoded": [
                {
                  "key": "channel",
                  "value": "{}",
                  "disabled": false,
                  "description": "Channel to pin the item in"
                },
                {
                  "key": "file",
                  "value": "{}",
                  "disabled": false,
                  "description": "File to pin"
                },
                {
                  "key": "file_comment",
                  "value": "{}",
                  "disabled": false,
                  "description": "File comment to pin"
                },
                {
                  "key": "timestamp",
                  "value": "{}",
                  "disabled": false,
                  "description": "Timestamp of the message to pin"
                }
              ]
            },
            "description": "Pins an item to a channel."
          },
          "response": [
            {
              "status": "OK",
              "code": 200,
              "name": "Response_200",
              "id": "95095d60-a638-4691-9689-aa377666359b"
            }
          ]
        },
        {
          "id": "b86bf1c0-6b70-4b14-8cc1-de56b6185823",
          "name": "channels_leave",
          "request": {
            "url": "http://slack.com/api/channels.leave",
            "method": "POST",
            "header": [
              {
                "key": "token",
                "value": "{}",
                "description": "Authentication token",
                "disabled": false
              }
            ],
            "body": {
              "mode": "urlencoded",
              "urlencoded": [
                {
                  "key": "channel",
                  "value": "{}",
                  "disabled": false,
                  "description": "Channel to leave"
                }
              ]
            },
            "description": "Leaves a channel."
          },
          "response": [
            {
              "status": "OK",
              "code": 200,
              "name": "Response_200",
              "id": "a644f9b9-ad32-4624-974f-9f081212f1d1"
            }
          ]
        },
        {
          "id": "7e941fab-2073-472c-abd8-1ba8a996ce92",
          "name": "channels_rename",
          "request": {
            "url": "http://slack.com/api/channels.rename",
            "method": "POST",
            "header": [
              {
                "key": "token",
                "value": "{}",
                "description": "Authentication token",
                "disabled": false
              }
            ],
            "body": {
              "mode": "urlencoded",
              "urlencoded": [
                {
                  "key": "channel",
                  "value": "{}",
                  "disabled": false,
                  "description": "Channel to rename"
                },
                {
                  "key": "name",
                  "value": "{}",
                  "disabled": false,
                  "description": "New name for channel"
                },
                {
                  "key": "validate",
                  "value": "{}",
                  "disabled": false,
                  "description": "Whether to return errors on invalid channel name instead of modifying it to meet the specified criteria"
                }
              ]
            },
            "description": "Renames a channel."
          },
          "response": [
            {
              "status": "OK",
              "code": 200,
              "name": "Response_200",
              "id": "be2fb414-f264-49ed-a83e-d4d6d897944a"
            }
          ]
        },
        {
          "id": "ef9734f9-d40