{
  "info": {
    "name": "Freesound Details of a sound",
    "_postman_id": "4d17691e-f2a9-445b-af7c-5b59f703e2df",
    "description": "This resource allows the retrieval of detailed information about a sound.",
    "schema": "https://schema.getpostman.com/json/collection/v2.0.0/"
  },
  "item": [
    {
      "name": "sounds",
      "item": [
        {
          "id": "04508154-0bc0-4e14-afd5-ca98ef44e814",
          "name": "getSoundById",
          "request": {
            "url": {
              "protocol": "http",
              "host": "www.freesound.org",
              "path": [
                "apiv2",
                "sounds/:soundId"
              ],
              "variable": [
                {
                  "id": "soundId",
                  "value": "{}",
                  "type": "string"
                }
              ]
            },
            "method": "GET",
            "body": {
              "mode": "raw"
            },
            "description": "This resource allows the retrieval of detailed information about a sound"
          },
          "response": [
            {
              "status": "OK",
              "code": 200,
              "name": "Response_200",
              "id": "405879ae-4b32-4849-90f0-c758b9e96b30"
            }
          ]
        }
      ]
    }
  ]
}