{
  "info": {
    "name": "Flat List user's scores",
    "_postman_id": "ce102c98-41e5-4c47-8536-4cd5bc3f9521",
    "description": "Get the list of scores owned by the User",
    "schema": "https://schema.getpostman.com/json/collection/v2.0.0/"
  },
  "item": [
    {
      "name": "List",
      "item": [
        {
          "id": "405ee6f9-3810-4bcf-8f51-85f5d6b25c32",
          "name": "getUserScores",
          "request": {
            "url": {
              "protocol": "http",
              "host": "api.flat.io",
              "path": [
                "v2",
                "users/:user/scores"
              ],
              "query": [
                {
                  "key": "No Name",
                  "value": "%7B%7D",
                  "disabled": false
                },
                {
                  "key": "parent",
                  "value": "%7B%7D",
                  "disabled": false
                }
              ],
              "variable": [
                {
                  "id": "user",
                  "value": "user",
                  "type": "string"
                }
              ]
            },
            "method": "GET",
            "body": {
              "mode": "raw"
            },
            "description": "Get the list of scores owned by the User"
          },
          "response": [
            {
              "status": "OK",
              "code": 200,
              "name": "Response_200",
              "id": "b0df750c-616d-4583-b42b-5246dc529626"
            }
          ]
        }
      ]
    }
  ]
}