{
  "info": {
    "name": "NatWest Get Commercial Credit Cards",
    "_postman_id": "0e7fdfbd-36f7-40d7-a71e-2b4e3fd11af7",
    "description": "This endpoint can contain multiple brands owned by a particular banking group. Each brand can own multiple SME Commercial Credit Card products.",
    "schema": "https://schema.getpostman.com/json/collection/v2.0.0/"
  },
  "item": [
    {
      "id": "ff039caa-38ef-4797-8ced-c85ccc06e834",
      "name": "getATMS",
      "request": {
        "url": "http://openapi.natwest.com/open-banking/v2.1/atms/",
        "method": "GET",
        "body": {
          "mode": "raw"
        },
        "description": "This endpoint can contain multiple brands owned by a particular banking group. Each brand can provide multiple ATMs."
      },
      "response": [
        {
          "status": "OK",
          "code": 200,
          "name": "Response_200",
          "id": "e63e1977-97fb-4822-8fcd-dad8e033061d"
        }
      ]
    },
    {
      "id": "c56a0f92-714e-40d2-bebe-454681d08b31",
      "name": "getBranches",
      "request": {
        "url": "http://openapi.natwest.com/open-banking/v2.1/branches/",
        "method": "GET",
        "body": {
          "mode": "raw"
        },
        "description": "This endpoint can contain multiple brands owned by a particular banking group. Each brand can own multiple branches."
      },
      "response": [
        {
          "status": "OK",
          "code": 200,
          "name": "Response_200",
          "id": "343f5033-bf75-484b-9095-32ff7d115c64"
        }
      ]
    },
    {
      "id": "35789b08-74a0-44fd-90e6-af2d00b0612f",
      "name": "getCurrentPersonalAccounts",
      "request": {
        "url": "http://openapi.natwest.com/open-banking/v2.1/personal-current-accounts/",
        "method": "GET",
        "body": {
          "mode": "raw"
        },
        "description": "This endpoint can contain multiple brands owned by a particular banking group. Each brand can own multiple PCA products."
      },
      "response": [
        {
          "status": "OK",
          "code": 200,
          "name": "Response_200",
          "id": "ed799279-af64-499a-9b99-f4789bfc56d5"
        }
      ]
    },
    {
      "id": "ae77c171-55a3-431e-a5d1-0cf2830be581",
      "name": "getCurentBusinessAccounts",
      "request": {
        "url": "http://openapi.natwest.com/open-banking/v2.1/business-current-accounts/",
        "method": "GET",
        "body": {
          "mode": "raw"
        },
        "description": "This endpoint can contain multiple brands owned by a particular banking group. Each brand can own multiple BCA products."
      },
      "response": [
        {
          "status": "OK",
          "code": 200,
          "name": "Response_200",
          "id": "9cbccde6-675d-496e-9522-b807bdc4624a"
        }
      ]
    },
    {
      "id": "e36816b1-c480-4947-b590-983c4bc68916",
      "name": "pathOperation",
      "request": {
        "url": "http://openapi.natwest.com/open-banking/v2.1/unsecured-sme-loans/",
        "method": "GET",
        "body": {
          "mode": "raw"
        },
        "description": "This endpoint can contain multiple brands owned by a particular banking group. Each brand can own multiple SME Unsecured Loan products."
      },
      "response": [
        {
          "status": "OK",
          "code": 200,
          "name": "Response_200",
          "id": "8c7822ef-5772-49a6-ba55-c7e9d77c1a21"
        }
      ]
    },
    {
      "id": "3d46b7e1-bf8b-4eca-92be-2a300230d381",
      "name": "getCommercialCreditCards",
      "request": {
        "url": "http://openapi.natwest.com/open-banking/v2.1/commercial-credit-cards/",
        "method": "GET",
        "body": {
          "mode": "raw"
        },
        "description": "This endpoint can contain multiple brands owned by a particular banking group. Each brand can own multiple SME Commercial Credit Card products."
      },
      "response": [
        {
          "status": "OK",
          "code": 200,
          "name": "Response_200",
          "id": "2bac49ee-a737-42eb-ae5d-96bce51d0a57"
        }
      ]
    }
  ]
}