{
  "info": {
    "name": "Weather Underground Get Key Geolookup Conditions Forecast Q Ca San Francisco",
    "_postman_id": "c4d10de9-81c1-42b7-8628-0aa99690920e",
    "description": "This example will return the geographical, current conditions and 3 day forecast summary for San Francisco, California",
    "schema": "https://schema.getpostman.com/json/collection/v2.0.0/"
  },
  "item": [
    {
      "name": "Weather",
      "item": [
        {
          "id": "e6f29ecd-565d-436b-a547-a0b18763bcc7",
          "name": "Get_USA_Geolocate_example_",
          "request": {
            "url": {
              "protocol": "http",
              "host": "api.wunderground.com",
              "path": [
                "api",
                ":key/geolookup/q/CA/San_Francisco.json"
              ],
              "variable": [
                {
                  "id": "key",
                  "value": "key",
                  "type": "string"
                }
              ]
            },
            "method": "GET",
            "body": {
              "mode": "raw"
            },
            "description": "This example will return the geographic attributes of San Francisco CA.    Use {2 letter state code} /    {City Name}"
          },
          "response": [
            {
              "status": "OK",
              "code": 200,
              "name": "Response_200",
              "id": "54e03d87-f966-4c95-a832-26fcff1614d0"
            }
          ]
        },
        {
          "id": "4f7cb679-8dcb-4f7a-b288-5e43d70bfd5c",
          "name": "Get_Outside_of_USA_Geolocate_example_",
          "request": {
            "url": {
              "protocol": "http",
              "host": "api.wunderground.com",
              "path": [
                "api",
                ":key/geolookup/q/France/Paris.json"
              ],
              "variable": [
                {
                  "id": "key",
                  "value": "key",
                  "type": "string"
                }
              ]
            },
            "method": "GET",
            "body": {
              "mode": "raw"
            },
            "description": "This example will return the geographic attributes of Paris, France. Use {Full Country Name} / {City Name}"
          },
          "response": [
            {
              "status": "OK",
              "code": 200,
              "name": "Response_200",
              "id": "989ccb1e-0527-44fa-aa0b-6eee3b61a7a8"
            }
          ]
        },
        {
          "id": "25e2aa38-78c9-42c1-9615-de68e5543d22",
          "name": "Get_IPAddress_example_",
          "request": {
            "url": {
              "protocol": "http",
              "host": "api.wunderground.com",
              "path": [
                "api",
                ":key/geolookup/q/autoip.json"
              ],
              "variable": [
                {
                  "id": "key",
                  "value": "key",
                  "type": "string"
                }
              ]
            },
            "method": "GET",
            "body": {
              "mode": "raw"
            },
            "description": "This example will return the geographic attributes associated with the IP address location of the user."
          },
          "response": [
            {
              "status": "OK",
              "code": 200,
              "name": "Response_200",
              "id": "27b9c1c2-e01d-4201-bb5c-569225890fb6"
            }
          ]
        },
        {
          "id": "3f0c1c68-1015-4fca-86c3-de78a01ad48f",
          "name": "Get_ZIP_geolocate_example_",
          "request": {
            "url": {
              "protocol": "http",
              "host": "api.wunderground.com",
              "path": [
                "api",
                ":key/geolookup/q/94107.json"
              ],
              "variable": [
                {
                  "id": "key",
                  "value": "key",
                  "type": "string"
                }
              ]
            },
            "method": "GET",
            "body": {
              "mode": "raw"
            },
            "description": "This example will return the geographic attributes of zip code 94107"
          },
          "response": [
            {
              "status": "OK",
              "code": 200,
              "name": "Response_200",
              "id": "dca65c6e-351c-4262-b321-b6a3ce54fe55"
            }
          ]
        },
        {
          "id": "e2dabe67-37cc-4fd8-a295-3f407346e53e",
          "name": "Get_Airport_geolocate_example_",
          "request": {
            "url": {
              "protocol": "http",
              "host": "api.wunderground.com",
              "path": [
                "api",
                ":key/geolookup/q/SFO.json"
              ],
              "variable": [
                {
                  "id": "key",
                  "value": "key",
                  "type": "string"
                }
              ]
            },
            "method": "GET",
            "body": {
              "mode": "raw"
            },
            "description": "This example will return the geographic attributes of San Francisco International Airport (Airport Code: SFO)"
          },
          "response": [
            {
              "status": "OK",
              "code": 200,
              "name": "Response_200",
              "id": "1fddf3c5-21c2-41a1-bf7b-81d6728ddb75"
            }
          ]
        },
        {
          "id": "4c69ca1d-92d6-42c5-9485-0e611774bd60",
          "name": "Get_Lat_Long_geolocate_example_",
          "request": {
            "url": {
              "protocol": "http",
              "host": "api.wunderground.com",
              "path": [
                "api",
                ":key/geolookup/q/37.776289,-122.395234.json"
              ],
              "variable": [
                {
                  "id": "key",
                  "value": "key",
                  "type": "string"
                }
              ]
            },
            "method": "GET",
            "body": {
              "mode": "raw"
            },
            "description": "This example will return the the geographic attributes of Latitude 37.776289 N, Longitude 122.395234 W"
          },
          "response": [
            {
              "status": "OK",
              "code": 200,
              "name": "Response_200",
              "id": "33d91ca7-086f-4cb2-98da-8f259aa9d3a9"
            }
          ]
        },
        {
          "id": "a10f4764-b6d9-47d2-995e-fb0e27b46c82",
          "name": "Get_pws_example_",
          "request": {
            "url": {
              "protocol": "http",
              "host": "api.wunderground.com",
              "path": [
                "api",
                ":key/conditions/q/pws:KCATAHOE2.json"
              ],
              "variable": [
                {
                  "id": "key",
                  "value": "key",
                  "type": "string"
                }
              ]
            },
            "method": "GET",
            "body": {
              "mode": "raw"
            },
            "description": "This example will return the the current weather conditions at the Personal Weather Station (pws) KCATAHOE2"
          },
          "response": [
            {
              "status": "OK",
              "code": 200,
              "name": "Response_200",
              "id": "38684d8a-e137-4951-bba1-b4d126f03b1b"
            }
          ]
        },
        {
          "id": "2eb9c7c3-464e-40ff-9c75-c70a3b420e39",
          "name": "Get_Conditions_example_",
          "request": {
            "url": {
              "protocol": "http",
              "host": "api.wunderground.com",
              "path": [
                "api",
                ":key/conditions/q/CA/San_Francisco.json"
              ],
              "variable": [
                {
                  "id": "key",
                  "value": "key",
                  "type": "string"
                }
              ]
            },
            "method": "GET",
            "body": {
              "mode": "raw"
            },
            "description": "This example will return the current conditions in San Francisco, California"
          },
          "response": [
            {
              "status": "OK",
              "code": 200,
              "name": "Response_200",
              "id": "1fec1f33-3b48-4339-9032-c1b45bbcaefe"
            }
          ]
        },
        {
          "id": "9c57fcb3-3775-4ffb-9416-15847cab2b0c",
          "name": "Get_Astronomy_example_",
          "request": {
            "url": {
              "protocol": "http",
              "host": "api.wunderground.com",
              "path": [
                "api",
                ":key/astronomy/q/CA/San_Francisco.json"
              ],
              "variable": [
                {
                  "id": "key",
                  "value": "key",
                  "type": "string"
                }
              ]
            },
            "method": "GET",
            "body": {
              "mode": "raw"
            },
            "description": "This example will return the Astronomy of San Francisco, California"
          },
          "response": [
            {
              "status": "OK",
              "code": 200,
              "name": "Response_200",
              "id": "a35e5945-5a52-4037-adcb-f841d43b9b90"
            }
          ]
        },
        {
          "id": "62eea949-0bac-4701-ad68-e47f2b899760",
          "name": "Get_forecast3_example_",
          "request": {
            "url": {
              "protocol": "http",
              "host": "api.wunderground.com",
              "path": [
                "api",
                ":key/forecast/q/CA/San_Francisco.json"
              ],
              "variable": [
                {
                  "id": "key",
                  "value": "key",
                  "type": "string"
                }
              ]
            },
            "method": "GET",
            "body": {
              "mode": "raw"
            },
            "description": "This example will return the 3 Day Forecast Summary for San Francisco, California"
          },
          "response": [
            {
              "status": "OK",
              "code": 200,
              "name": "Response_200",
              "id": "a8007f99-d78d-46e4-82a8-32e81eec6d59"
            }
          ]
        },
        {
          "id": "1e78d36d-2d74-4fde-9922-e73fa4f45f41",
          "name": "Get_almanac_example_",
          "request": {
            "url": {
              "protocol": "http",
              "host": "api.wunderground.com",
              "path": [
                "api",
                ":key/almanac/q/CA/San_Francisco.json"
              ],
              "variable": [
                {
                  "id": "key",
                  "value": "key",
                  "type": "string"
                }
              ]
            },
            "method": "GET",
            "body": {
              "mode": "raw"
            },
            "description": "This example will return Today's Average Highs/Lows and Record Highs/Lows for San Francisco, California."
          },
          "response": [
            {
              "status": "OK",
              "code": 200,
              "name": "Response_200",
              "id": "3fab36e3-41d7-4ad0-be1a-b1e9d48da79c"
            }
          ]
        },
        {
          "id": "096de483-9104-44ad-9771-7203486deb58",
          "name": "Get_French_example_",
          "request": {
            "url": {
              "protocol": "http",
              "host": "api.wunderground.com",
              "path": [
                "api",
                ":key/conditions/forecast/lang:FR/q/France/Paris.json"
              ],
              "variable": [
                {
                  "id": "key",
                  "value": "key",
                  "type": "string"
                }
              ]
            },
            "method": "GET",
            "body": {
              "mode": "raw"
            },
            "description": "This example will return Current Conditions and a 3 day simple Forecast for Paris France in French. See documentation page for full list of language code options."
          },
          "response": [
            {
              "status": "OK",
              "code": 200,
              "name": "Response_200",
              "id": "5a019864-a060-4227-b0d2-056bbf02219f"
            }
          ]
        },
        {
          "id": "d9ca5c05-70cd-485b-9cc8-ddc6934bfdf3",
          "name": "Get_Spanish_example_",
          "request": {
            "url": {
              "protocol": "http",
              "host": "api.wunderground.com",
              "path": [
                "api",
                ":key/conditions/forecast/lang:SP/q/Spain/Alicante.json"
              ],
              "variable": [
                {
                  "id": "key",
                  "value": "key",
                  "type": "string"
                }
              ]
            },
            "method": "GET",
            "body": {
              "mode": "raw"
            },
            "description": "This example will return Current Conditions and a 3 day simple Forecast for Alicante, Spain in Spanish. See documentation page for full list of language code options."
          },
          "response": [
            {
              "status": "OK",
              "code": 200,
              "name": "Response_200",
              "id": "3e177844-48d7-4172-8b54-bbf5747de657"
            }
          ]
        },
        {
          "id": "e4343c8d-6a30-45b6-ae84-cd5b8ef967a0",
          "name": "Get_forecast10_example_",
          "request": {
            "url": {
              "protocol": "http",
              "host": "api.wunderground.com",
              "path": [
                "api",
                ":key/forecast10day/q/CA/San_Francisco.json"
              ],
              "variable": [
                {
                  "id": "key",
                  "value": "key",
                  "type": "string"
                }
              ]
            },
            "method": "GET",
            "body": {
              "mode": "raw"
            },
            "description": "This example will return the 10 Day Forecast Summary for San Francisco, California"
          },
          "response": [
            {
              "status": "OK",
              "code": 200,
              "name": "Response_200",
              "id": "6e3ba9f0-cd0d-4a8e-a571-126d28d564cd"
            }
          ]
        },
        {
          "id": "c9646e72-f113-45fa-98ff-143f44848080",
          "name": "Get_OneDay_hourly_example_",
          "request": {
            "url": {
              "protocol": "http",
              "host": "api.wunderground.com",
              "path": [
                "api",
                ":key/hourly/q/CA/San_Francisco.json"
              ],
              "variable": [
                {
                  "id": "key",
                  "value": "key",
                  "type": "string"
                }
              ]
            },
            "method": "GET",
            "body": {
              "mode": "raw"
            },
            "description": "This example will return a detailed hourly forecast for the 'next' 36 hours in San Francisco, California"
          },
          "response": [
            {
              "status": "OK",
              "code": 200,
              "name": "Response_200",
              "id": "3caeb4cb-98ce-474a-80cc-f421919f6252"
            }
          ]
        },
        {
          "id": "ce85d56e-4171-46e2-8a47-b5d1bc1d9d0b",
          "name": "Get_satellite_example_",
          "request": {
            "url": {
              "protocol": "http",
              "host": "api.wunderground.com",
              "path": [
                "api",
                ":key/satellite/q/CA/San_Francisco.json"
              ],
              "variable": [
                {
                  "id": "key",
                  "value": "key",
                  "type": "string"
                }
              ]
            },
            "method": "GET",
            "body": {
              "mode": "raw"
            },
            "description": "This example will return URL's for satellite (visual and IR) images for San Francisco, California"
          },
          "response": [
            {
              "status": "OK",
              "code": 200,
              "name": "Response_200",
              "id": "261a63b2-ea49-4337-bca7-9a99218c40dc"
            }
          ]
        },
        {
          "id": "964e2106-d302-4071-90bd-c0c7decdbacd",
          "name": "Get_radar_example_",
          "request": {
            "url": {
              "protocol": "http",
              "host": "api.wunderground.com",
              "path": [
                "api",
                ":key/radar/image.gif?maxlat=42.35%26maxlon=-109.311%26minlat=39.27%26minlon=-114.644%26width=600%26height=480%26newmaps=0"
              ],
              "variable": [
                {
                  "id": "key",
                  "value": "key",
                  "type": "string"
                }
              ]
            },
            "method": "GET",
            "body": {
              "mode": "raw"
            },
            "description": "This example will return dynamic radar image around Salt Lake City, UT with a transparent background. See Docs for all the options for creating these images."
          },
          "response": [
            {
              "status": "OK",
              "code": 200,
              "name": "Response_200",
              "id": "0d57566a-2e3c-4c62-9066-5d4008919e27"
            }
          ]
        },
        {
          "id": "a3f3b201-705f-4ede-9376-65efd0a42d74",
          "name": "Get_radar_example2_",
          "request": {
            "url": {
              "protocol": "http",
              "host": "api.wunderground.com",
              "path": [
                "api",
                ":key/radar/image.gif?maxlat=42.35%26maxlon=-109.311%26minlat=39.27%26minlon=-114.644%26width=600%26height=480%26newmaps=1"
              ],
              "variable": [
                {
                  "id": "key",
                  "value": "key",
                  "type": "string"
                }
              ]
            },
            "method": "GET",
            "body": {
              "mode": "raw"
            },
            "description": "This example will return dynamic radar image around Salt Lake City, UT with a Base Map background. See Docs for all the options for creating these images."
          },
          "response": [
            {
              "status": "OK",
              "code": 200,
              "name": "Response_200",
              "id": "a02f9555-036d-4942-9da9-350a7fd24ceb"
            }
          ]
        },
        {
          "id": "0d2e8d68-849b-4199-af1f-47e87176e019",
          "name": "Get_alerts_example_",
          "request": {
            "url": {
              "protocol": "http",
              "host": "api.wunderground.com",
              "path": [
                "api",
                ":key/alerts/q/CA/San_Francisco.json"
              ],
              "variable": [
                {
                  "id": "key",
                  "value": "key",
                  "type": "string"
                }
              ]
            },
            "method": "GET",
            "body": {
              "mode": "raw"
            },
            "description": "This example will return active severe alerts for San Francisco, California.    This request only works in the USA, Canada and Europe."
          },
          "response": [
            {
              "status": "OK",
              "code": 200,
              "name": "Response_200",
              "id": "ca6b7a95-7a89-45c5-a699-249ce563b485"
            }
          ]
        },
        {
          "id": "a64f47bc-2e78-4a32-a21a-d00308188c88",
          "name": "Get_Tide_example1_",
          "request": {
            "url": {
              "protocol": "http",
              "host": "api.wunderground.com",
              "path": [
                "api",
                ":key/tide/q/CA/San_Francisco.json"
              ],
              "variable": [
                {
                  "id": "key",
                  "value": "key",
                  "type": "string"
                }
              ]
            },
            "method": "GET",
            "body": {
              "mode": "raw"
            },
            "description": "This example will return 4 days of tides for San Francisco, California starting 'today'.    This request only works in the USA."
          },
          "response": [
            {
              "status": "OK",
              "code": 200,
              "name": "Response_200",
              "id": "aa2ea856-8968-4d16-b773-59e982f1d174"
            }
          ]
        },
        {
          "id": "ce771b83-7744-4de3-b503-019bc370e65f",
          "name": "Get_Tide_example2_",
          "request": {
            "url": {
              "protocol": "http",
              "host": "api.wunderground.com",
              "path": [
                "api",
                ":key/tide_20160312/q/CA/San_Francisco.json"
              ],
              "variable": [
                {
                  "id": "key",
                  "value": "key",
                  "type": "string"
                }
              ]
            },
            "method": "GET",
            "body": {
              "mode": "raw"
            },
            "description": "This example will return 4 days of tides for San Francisco, California following March 3 2012.    This request only works in the USA."
          },
          "response": [
            {
              "status": "OK",
              "code": 200,
              "name": "Response_200",
              "id": "d7ca47f8-b2ca-4da1-86d9-f06fca95ab72"
            }
          ]
        },
        {
          "id": "8aab436d-3065-4951-b3da-907a0fce1263",
          "name": "Get_Tide_RAW_example_",
          "request": {
            "url": {
              "protocol": "http",
              "host": "api.wunderground.com",
              "path": [
                "api",
                ":key/rawtide_20160312/q/CA/San_Francisco.json"
              ],
              "variable": [
                {
                  "id": "key",
                  "value": "key",
                  "type": "string"
                }
              ]
            },
            "method": "GET",
            "body": {
              "mode": "raw"
            },
            "description": "This example will return raw tide data for San Francisco, California on March 3 2016.    This request only works in the USA."
          },
          "response": [
            {
              "status": "OK",
              "code": 200,
              "name": "Response_200",
              "id": "03607d00-7f17-4feb-bb11-7d31cd3effa1"
            }
          ]
        },
        {
          "id": "ca08f324-480b-44b0-a18c-bdf6ed7ad3db",
          "name": "Get_TenDay_hourly_example_",
          "request": {
            "url": {
              "protocol": "http",
              "host": "api.wunderground.com",
              "path": [
                "api",
                ":key/hourly10day/q/CA/San_Francisco.json"
              ],
              "variable": [
                {
                  "id": "key",
                  "value": "key",
                  "type": "string"
                }
              ]
            },
            "method": "GET",
            "body": {
              "mode": "raw"
            },
            "description": "This example will return a detailed hourly forecast for the next 10 days in San Francisco, California"
          },
          "response": [
            {
              "status": "OK",
              "code": 200,
              "name": "Response_200",
              "id": "4fbc47e0-5929-44e3-a7c4-3cbd080fc856"
            }
          ]
        },
        {
          "id": "d077d216-a83b-4bec-999f-614dc02f5c62",
          "name": "Get_yesterday_example_",
          "request": {
            "url": {
              "protocol": "http",
              "host": "api.wunderground.com",
              "path": [
                "api",
                ":key/yesterday/q/CA/San_Francisco.json"
              ],
              "variable": [
                {
                  "id": "key",
                  "value": "key",
                  "type": "string"
                }
              ]
            },
            "method": "GET",
            "body": {
              "mode": "raw"
            },
            "description": "This example will return yesterday's weather in San Francisco, California."
          },
          "response": [
            {
              "status": "OK",
              "code": 200,
              "name": "Response_200",
              "id": "dcedaeb5-94ec-4db6-bd3c-d76c88f2171a"
            }
          ]
        },
        {
          "id": "4be766cb-6759-4a31-a3a1-d3e91a45005d",
          "name": "Get_Planner_example_",
          "request": {
            "url": {
              "protocol": "http",
              "host": "api.wunderground.com",
              "path": [
                "api",
                ":key/planner_10051031/q/CA/San_Francisco.json"
              ],
              "variable": [
                {
                  "id": "key",
                  "value": "key",
                  "type": "string"
                }
              ]
            },
            "method": "GET",
            "body": {
              "mode": "raw"
            },
            "description": "This example will return a Historical roll up of weather data in San Francisco from Oct 5 to Oct 31. An example application: http://www.wunderground.com/travelplanner/index.asp"
          },
          "response": [
            {
              "status": "OK",
              "code": 200,
              "name": "Response_200",
              "id": "e2739445-c743-4d3e-a99f-b6cf91604eca"
            }
          ]
        },
        {
          "id": "d17ccbb9-9e20-48d6-b67a-18309cec0ceb",
          "name": "Get_cams_example_",
          "request": {
            "url": {
              "protocol": "http",
              "host": "api.wunderground.com",
              "path": [
                "api",
                ":key/webcams/q/CA/San_Francisco.json"
              ],
              "variable": [
                {
                  "id": "key",
                  "value": "key",
                  "type": "string"
                }
              ]
            },
            "method": "GET",
            "body": {
              "mode": "raw"
            },
            "description": "This example will return URL's to webcam images in San Francisco, California.    It will also return information about the webcam, including it's location in Lat,Long coordinates."
          },
          "response": [
            {
              "status": "OK",
              "code": 200,
              "name": "Response_200",
              "id": "425fb4b3-249b-46d3-8f8b-91e3d228324a"
            }
          ]
        },
        {
          "id": "0701995f-62fc-483e-afa9-4e443c0e7e4c",
          "name": "Get_radar_example3_",
          "request": {
            "url": {
              "protocol": "http",
              "host": "api.wunderground.com",
              "path": [
                "api",
                ":key/animatedradar/image.gif?maxlat=42.35%26maxlon=-109.311%26minlat=39.27%26minlon=-114.644%26width=600%26height=480%26newmaps=1"
              ],
              "variable": [
                {
                  "id": "key",
                  "value": "key",
                  "type": "string"
                }
              ]
            },
            "method": "GET",
            "body": {
              "mode": "raw"
            },
            "description": "This example will return dynamic animated radar image around Salt Lake City, UT with a base map background. See Docs for all the options for creating these images."
          },
          "response": [
            {
              "status": "OK",
              "code": 200,
              "name": "Response_200",
              "id": "cc63c8aa-34c3-48a1-a02d-f297c8b42688"
            }
          ]
        },
        {
          "id": "c42176e3-fa4b-4480-a9a6-9cc7bbac9b55",
          "name": "Get_radar_example4_",
          "request": {
            "url": {
              "protocol": "http",
              "host": "api.wunderground.com",
              "path": [
                "api",
                ":key/animatedradar/image.gif?maxlat=42.35%26maxlon=-109.311%26minlat=39.27%26minlon=-114.644%26width=600%26height=480%26newmaps=0"
              ],
              "variable": [
                {
                  "id": "key",
                  "value": "key",
                  "type": "string"
                }
              ]
            },
            "method": "GET",
            "body": {
              "mode": "raw"
            },
            "description": "This example will return dynamic animated radar image around Salt Lake City, UT with a transparent background. See Docs for all the options for creating these images."
          },
          "response": [
            {
              "status": "OK",
              "code": 200,
              "name": "Response_200",
              "id": "3f246f37-7c7c-494e-a1b2-a85973847881"
            }
          ]
        },
        {
          "id": "80d42cba-c545-4118-bea6-986da72d0a14",
          "name": "Get_History_example_",
          "request": {
            "url": {
              "protocol": "http",
              "host": "api.wunderground.com",
              "path": [
                "api",
                ":key/history_20101018/q/SFO.json"
              ],
              "variable": [
                {
                  "id": "key",
                  "value": "key",
                  "type": "string"
                }
              ]
            },
            "method": "GET",
            "body": {
              "mode": "raw"
            },
            "description": "This example will return historical data for San Francisco, California for the specified date.    If you search by zip or lat/long you will get nearest airport."
          },
          "response": [
            {
              "status": "OK",
              "code": 200,
              "name": "Response_200",
              "id": "04cec2ad-46b4-4635-b05c-7a6b22085f04"
            }
          ]
        },
        {
          "id": "254f1d18-8206-4b8a-8c52-87cdcdc05aa8",
          "name": "Get_History_example_pws_",
          "request": {
            "url": {
              "protocol": "http",
              "host": "api.wunderground.com",
              "path": [
                "api",
                ":key/history_20101018/q/pws:KCASANFR14.json"
              ],
              "variable": [
                {
                  "id": "key",
                  "value": "key",
                  "type": "string"
                }
              ]
            },
            "method": "GET",
            "body": {
              "mode": "raw"
            },
            "description": "This example will return historical data for a Personal Weather Station for the specified date.    The feature only works with JSON.    XML will come out soon."
          },
          "response": [
            {
              "status": "OK",
              "code": 200,
              "name": "Response_200",
              "id": "f91c9b6b-44d7-442e-9cd1-f226ad02287e"
            }
          ]
        },
        {
          "id": "53ecbe00-fdfe-4133-b604-2391573ebc8f",
          "name": "Get_Geolocate_current_example_",
          "request": {
            "url": {
              "protocol": "http",
              "host": "api.wunderground.com",
              "path": [
                "api",
                ":key/geolookup/conditions/q/CA/San_Francisco.json"
              ],
              "variable": [
                {
                  "id": "key",
                  "value": "key",
                  "type": "string"
                }
              ]
            },
            "method": "GET",
            "body": {
              "mode": "raw"
            },
            "description": "This example will return the geographical and current conditions for San Francisco, California"
          },
          "response": [
            {
              "status": "OK",
              "code": 200,
              "name": "Response_200",
              "id": "251cc79b-f010-4266-883e-051452e6c2fb"
            }
          ]
        },
        {
          "id": "18639744-25a4-439d-b05d-793b7d276212",
          "name": "Get_Geolocate_current_forecast_example_",
          "request": {
            "url": {
              "protocol": "http",
              "host": "api.wunderground.com",
              "path": [
                "api",
                ":key/geolookup/conditions/forecast/q/CA/San_Francisco.json"
              ],
              "variable": [
                {
                  "id": "key",
                  "value": "key",
                  "type": "string"
                }
              ]
            },
            "method": "GET",
            "body": {
              "mode": "raw"
            },
            "description": "This example will return the geographical, current conditions and 3 day forecast summary for San Francisco, California"
          },
          "response": [
            {
              "status": "OK",
              "code": 200,
              "name": "Response_200",
              "id": "ae2c1fad-8366-4181-af2a-e95e57464410"
            }
          ]
        }
      ]
    }
  ]
}