{
  "info": {
    "name": "Digital River Shopper API Get Shoppers Token",
    "_postman_id": "0cd838d1-9970-4fd3-9c8c-80d47ef2de47",
    "description": "Get shoppers token.",
    "schema": "https://schema.getpostman.com/json/collection/v2.0.0/"
  },
  "item": [
    {
      "name": "Oauth20",
      "item": [
        {
          "id": "b6cce2e8-022a-4c2a-b968-781c2221f3e2",
          "name": "getOauth20Authorize",
          "request": {
            "url": "http://store.digitalriver.com/store/TODO Add Value for parameter.../oauth20/authorize",
            "method": "GET",
            "body": {
              "mode": "raw"
            },
            "description": "Get oauth20 authorize."
          },
          "response": [
            {
              "status": "OK",
              "code": 200,
              "name": "Response_200",
              "id": "4ca55b25-41f6-452b-96b0-7bd21cff70bd"
            }
          ]
        },
        {
          "id": "4aa6e05c-1edd-46e3-82a8-d7a23a11642a",
          "name": "postOauth20Token",
          "request": {
            "url": "http://store.digitalriver.com/store/TODO Add Value for parameter.../oauth20/token",
            "method": "POST",
            "body": {
              "mode": "raw"
            },
            "description": "Post oauth20 token."
          },
          "response": [
            {
              "status": "OK",
              "code": 200,
              "name": "Response_200",
              "id": "7859f8b0-5b06-4bde-b879-2f3ca57dbc24"
            }
          ]
        }
      ]
    },
    {
      "name": "Shoppers",
      "item": [
        {
          "id": "961cd00b-5506-4580-9233-df513b9b5009",
          "name": "postV1Shoppers",
          "request": {
            "url": "http://store.digitalriver.com/store/TODO Add Value for parameter.../v1/shoppers",
            "method": "POST",
            "body": {
              "mode": "raw"
            },
            "description": "Post shoppers."
          },
          "response": [
            {
              "status": "OK",
              "code": 200,
              "name": "Response_200",
              "id": "64860088-c7ff-451f-957c-222141b6403a"
            }
          ]
        },
        {
          "id": "46147489-17c0-4cb2-b024-c47b93924b8f",
          "name": "getV1ShoppersApi",
          "request": {
            "url": "http://store.digitalriver.com/store/TODO Add Value for parameter.../v1/shoppers-api",
            "method": "GET",
            "body": {
              "mode": "raw"
            },
            "description": "Get shoppers api."
          },
          "response": [
            {
              "status": "OK",
              "code": 200,
              "name": "Response_200",
              "id": "d243192a-1654-4138-a8c4-01942ae5e12a"
            }
          ]
        },
        {
          "id": "34e19bd8-49cd-4c12-b865-74c1a77e1473",
          "name": "getV1ShoppersMe",
          "request": {
            "url": "http://store.digitalriver.com/store/TODO Add Value for parameter.../v1/shoppers/me",
            "method": "GET",
            "body": {
              "mode": "raw"
            },
            "description": "Get shoppers me."
          },
          "response": [
            {
              "status": "OK",
              "code": 200,
              "name": "Response_200",
              "id": "ce1197bd-2284-4cc1-af4c-a85e47e1c144"
            }
          ]
        },
        {
          "id": "21d5c56b-b6ac-483e-a141-49aff1a623eb",
          "name": "postV1ShoppersMe",
          "request": {
            "url": "http://store.digitalriver.com/store/TODO Add Value for parameter.../v1/shoppers/me",
            "method": "POST",
            "body": {
              "mode": "raw"
            },
            "description": "Post shoppers me."
          },
          "response": [
            {
              "status": "OK",
              "code": 200,
              "name": "Response_200",
              "id": "52584f1c-2780-4443-927e-940c3eeb4385"
            }
          ]
        },
        {
          "id": "cdfceca8-b906-4e76-851a-9a83043a2d4d",
          "name": "getV1ShoppersMeAccount",
          "request": {
            "url": "http://store.digitalriver.com/store/TODO Add Value for parameter.../v1/shoppers/me/account",
            "method": "GET",
            "body": {
              "mode": "raw"
            },
            "description": "Get shoppers me account."
          },
          "response": [
            {
              "status": "OK",
              "code": 200,
              "name": "Response_200",
              "id": "e3699982-506a-45d7-9daf-415adbc21975"
            }
          ]
        },
        {
          "id": "25feb71e-8017-4707-8275-c459b8aeebd4",
          "name": "getV1ShoppersMeAddresses",
          "request": {
            "url": "http://store.digitalriver.com/store/TODO Add Value for parameter.../v1/shoppers/me/addresses",
            "method": "GET",
            "body": {
              "mode": "raw"
            },
            "description": "Get shoppers me addresses."
          },
          "response": [
            {
              "status": "OK",
              "code": 200,
              "name": "Response_200",
              "id": "24643240-d4c1-4fa2-a6f7-1193e5000eab"
            }
          ]
        },
        {
          "id": "af5d0407-dbe8-45fc-a763-b06c7fbfcee0",
          "name": "getV1ShoppersMeAddresses",
          "request": {
            "url": {
              "protocol": "http",
              "host": "store.digitalriver.com",
              "path": [
                "store",
                "TODO%20Add%20Value%20for%20parameter...",
                "v1/shoppers/me/addresses/:id"
              ],
              "variable": [
                {
                  "id": "id",
                  "value": "{}",
                  "type": "string"
                }
              ]
            },
            "method": "GET",
            "body": {
              "mode": "raw"
            },
            "description": "Get shoppers me addresses."
          },
          "response": [
            {
              "status": "OK",
              "code": 200,
              "name": "Response_200",
              "id": "263f61ff-609e-475a-94f1-698afa523bb7"
            }
          ]
        },
        {
          "id": "27d41248-d1b3-442a-816b-f0263efc5e33",
          "name": "getV1ShoppersMeCartsActive",
          "request": {
            "url": "http://store.digitalriver.com/store/TODO Add Value for parameter.../v1/shoppers/me/carts/active",
            "method": "GET",
            "body": {
              "mode": "raw"
            },
            "description": "Get shoppers me carts active."
          },
          "response": [
            {
              "status": "OK",
              "code": 200,
              "name": "Response_200",
              "id": "5f4d9325-ad7c-4fc2-a4de-448f65abcc7a"
            }
          ]
        },
        {
          "id": "d9df4495-df90-4cf8-81fa-83c1ef2ba6b0",
          "name": "postV1ShoppersMeCartsActive",
          "request": {
            "url": "http://store.digitalriver.com/store/TODO Add Value for parameter.../v1/shoppers/me/carts/active",
            "method": "POST",
            "body": {
              "mode": "raw"
            },
            "description": "Post shoppers me carts active."
          },
          "response": [
            {
              "status": "OK",
              "code": 200,
              "name": "Response_200",
              "id": "4ba93e24-ec17-4a4c-b8ed-19286b671c3b"
            }
          ]
        },
        {
          "id": "50624486-a27c-41a1-bb16-60c03dae12b8",
          "name": "postV1ShoppersMeCartsActiveApplyShippingOption",
          "request": {
            "url": "http://store.digitalriver.com/store/TODO Add Value for parameter.../v1/shoppers/me/carts/active/apply-shipping-option",
            "method": "POST",
            "body": {
              "mode": "raw"
            },
            "description": "Post shoppers me carts active apply shipping option."
          },
          "response": [
            {
              "status": "OK",
              "code": 200,
              "name": "Response_200",
              "id": "64d67f22-6750-4dee-a2f8-2871e1de30db"
            }
          ]
        },
        {
          "id": "81bd3411-3aac-469c-897f-92520f560c38",
          "name": "postV1ShoppersMeCartsActiveApplyShopper",
          "request": {
            "url": "http://store.digitalriver.com/store/TODO Add Value for parameter.../v1/shoppers/me/carts/active/apply-shopper",
            "method": "POST",
            "body": {
              "mode": "raw"
            },
            "description": "Post shoppers me carts active apply shopper."
          },
          "response": [
            {
              "status": "OK",
              "code": 200,
              "name": "Response_200",
              "id": "f0891b69-5bfc-4334-805b-f6edd4387e8e"
            }
          ]
        },
        {
          "id": "8b5e6d10-c77b-4aa5-917f-a9c38bc52a64",
          "name": "getV1ShoppersMeCartsActiveBillingAddress",
          "request": {
            "url": "http://store.digitalriver.com/store/TODO Add Value for parameter.../v1/shoppers/me/carts/active/billing-address",
            "method": "GET",
            "body": {
              "mode": "raw"
            },
            "description": "Get shoppers me carts active billing address."
          },
          "response": [
            {
              "status": "OK",
              "code": 200,
              "name": "Response_200",
              "id": "afb07ff5-3660-4d24-890e-7d3f03ade61f"
            }
          ]
        },
        {
          "id": "b08533a4-3984-4ddf-adfc-c8a5b818e1e7",
          "name": "putV1ShoppersMeCartsActiveBillingAddress",
          "request": {
            "url": "http://store.digitalriver.com/store/TODO Add Value for parameter.../v1/shoppers/me/carts/active/billing-address",
            "method": "PUT",
            "body": {
              "mode": "raw"
            },
            "description": "Put shoppers me carts active billing address."
          },
          "response": [
            {
              "status": "OK",
              "code": 200,
              "name": "Response_200",
              "id": "5c605836-4d18-43fd-bf3a-92949b2fbb89"
            }
          ]
        },
        {
          "id": "86289aec-299b-4b01-96b2-257c3577bc02",
          "name": "getV1ShoppersMeCartsActiveLineItems",
          "request": {
            "url": "http://store.digitalriver.com/store/TODO Add Value for parameter.../v1/shoppers/me/carts/active/line-items",
            "method": "GET",
            "body": {
              "mode": "raw"
            },
            "description": "Get shoppers me carts active line items."
          },
          "response": [
            {
              "status": "OK",
              "code": 200,
              "name": "Response_200",
              "id": "95d6b59c-f4ad-40e6-8f31-f9652c476249"
            }
          ]
        },
        {
          "id": "f38f96d4-a62e-415e-91e5-dca7e887a79a",
          "name": "postV1ShoppersMeCartsActiveLineItems",
          "request": {
            "url": "http://store.digitalriver.com/store/TODO Add Value for parameter.../v1/shoppers/me/carts/active/line-items",
            "method": "POST",
            "body": {
              "mode": "raw"
            },
            "description": "Post shoppers me carts active line items."
          },
          "response": [
            {
              "status": "OK",
              "code": 200,
              "name": "Response_200",
              "id": "3cad7af4-08a7-442b-b10f-2ae8d178a846"
            }
          ]
        },
        {
          "id": "477237ef-620c-48ca-b8f1-452f63dfc726",
          "name": "deleteV1ShoppersMeCartsActiveLineItems",
          "request": {
            "url": "http://store.digitalriver.com/store/TODO Add Value for parameter.../v1/shoppers/me/carts/active/line-items",
            "method": "DELETE",
            "body": {
              "mode": "raw"
            },
            "description": "Delete shoppers me carts active line items."
          },
          "response": [
            {
              "status": "OK",
              "code": 200,
              "name": "Response_200",
              "id": "efbec2d8-6374-47c8-aa52-b2191fe4a5ef"
            }
          ]
        },
        {
          "id": "59ca2837-f46e-4a5b-baee-f417e8971780",
          "name": "getV1ShoppersMeCartsActiveLineItems",
          "request": {
            "url": {
              "protocol": "http",
              "host": "store.digitalriver.com",
              "path": [
                "store",
                "TODO%20Add%20Value%20for%20parameter...",
                "v1/shoppers/me/carts/active/line-items/:id"
              ],
              "variable": [
                {
                  "id": "id",
                  "value": "{}",
                  "type": "string"
                }
              ]
            },
            "method": "GET",
            "body": {
              "mode": "raw"
            },
            "description": "Get shoppers me carts active line items."
          },
          "response": [
            {
              "status": "OK",
              "code": 200,
              "name": "Response_200",
              "id": "dae558d7-514d-470d-af28-6fe90dccb188"
            }
          ]
        },
        {
          "id": "af515be3-d29a-40ef-ab0a-271dfdcf1be6",
          "name": "postV1ShoppersMeCartsActiveLineItems",
          "request": {
            "url": {
              "protocol": "http",
              "host": "store.digitalriver.com",
              "path": [
                "store",
                "TODO%20Add%20Value%20for%20parameter...",
                "v1/shoppers/me/carts/active/line-items/:id"
              ],
              "variable": [
                {
                  "id": "id",
                  "value": "{}",
                  "type": "string"
                }
              ]
            },
            "method": "POST",
            "body": {
              "mode": "raw"
            },
            "description": "Post shoppers me carts active line items."
          },
          "response": [
            {
              "status": "OK",
              "code": 200,
              "name": "Response_200",
              "id": "868e2383-67f6-4fc7-b419-91c075b35068"
            }
          ]
        },
        {
          "id": "29b30b42-2298-450d-a11d-7ff8f041f37d",
          "name": "deleteV1ShoppersMeCartsActiveLineItems",
          "request": {
            "url": {
              "protocol": "http",
              "host": "store.digitalriver.com",
              "path": [
                "store",
                "TODO%20Add%20Value%20for%20parameter...",
                "v1/shoppers/me/carts/active/line-items/:id"
              ],
              "variable": [
                {
                  "id": "id",
                  "value": "{}",
                  "type": "string"
                }
              ]
            },
            "method": "DELETE",
            "body": {
              "mode": "raw"
            },
            "description": "Delete shoppers me carts active line items."
          },
          "response": [
            {
              "status": "OK",
              "code": 200,
              "name": "Response_200",
              "id": "68650043-3d4a-4c91-95c1-b6eccf9215e2"
            }
          ]
        },
        {
          "id": "c161ce96-c728-4cd2-b2f6-a150d0efe36b",
          "name": "getV1ShoppersMeCartsActivePointOfPromotionsOffers",
          "request": {
            "url": {
              "protocol": "http",
              "host": "store.digitalriver.com",
              "path": [
                "store",
                "TODO%20Add%20Value%20for%20parameter...",
                "v1/shoppers/me/carts/active/point-of-promotions/:id/offers"
              ],
              "variable": [
                {
                  "id": "id",
                  "value": "{}",
                  "type": "string"
                }
              ]
            },
            "method": "GET",
            "body": {
              "mode": "raw"
            },
            "description": "Get shoppers me carts active point of promotions offers."
          },
          "response": [
            {
              "status": "OK",
              "code": 200,
              "name": "Response_200",
              "id": "e041e9b6-c3e7-4d14-a79f-63db8ae6a36d"
            }
          ]
        },
        {
          "id": "2bbbd254-5ff4-44a1-9bad-4cee51326b08",
          "name": "getV1ShoppersMeCartsActiveShippingAddress",
          "request": {
            "url": "http://store.digitalriver.com/store/TODO Add Value for parameter.../v1/shoppers/me/carts/active/shipping-address",
            "method": "GET",
            "body": {
              "mode": "raw"
            },
            "description": "Get shoppers me carts active shipping address."
          },
          "response": [
            {
              "status": "OK",
              "code": 200,
              "name": "Response_200",
              "id": "e098a73f-ba7d-4d5b-91fe-48c352b79911"
            }
          ]
        },
        {
          "id": "16e787da-bb33-479a-afc2-badacc327376",
          "name": "putV1ShoppersMeCartsActiveShippingAddress",
          "request": {
            "url": "http://store.digitalriver.com/store/TODO Add Value for parameter.../v1/shoppers/me/carts/active/shipping-address",
            "method": "PUT",
            "body": {
              "mode": "raw"
            },
            "description": "Put shoppers me carts active shipping address."
          },
          "response": [
            {
              "status": "OK",
              "code": 200,
              "name": "Response_200",
              "id": "c1b5089a-78e8-4bad-a59c-2d47dab5fca6"
            }
          ]
        },
        {
          "id": "aaa2f514-efbc-4ee6-8ff9-5224733b41e0",
          "name": "getV1ShoppersMeCartsActiveShippingOptions",
          "request": {
            "url": "http://store.digitalriver.com/store/TODO Add Value for parameter.../v1/shoppers/me/carts/active/shipping-options",
            "method": "GET",
            "body": {
              "mode": "raw"
            },
            "description": "Get shoppers me carts active shipping options."
          },
          "response": [
            {
              "status": "OK",
              "code": 200,
              "name": "Response_200",
              "id": "e03a8744-0225-4f39-9642-980c9eebb241"
            }
          ]
        },
        {
          "id": "fb86b353-355f-4c58-8a93-d7f3069e50f5",
          "name": "getV1ShoppersMeCartsActiveShippingOptions",
          "request": {
            "url": {
              "protocol": "http",
              "host": "store.digitalriver.com",
              "path": [
                "store",
                "TODO%20Add%20Value%20for%20parameter...",
                "v1/shoppers/me/carts/active/shipping-options/:id"
              ],
              "variable": [
                {
                  "id": "id",
                  "value": "{}",
                  "type": "string"
                }
              ]
            },
            "method": "GET",
            "body": {
              "mode": "raw"
            },
            "description": "Get shoppers me carts active shipping options."
          },
          "response": [
            {
              "status": "OK",
              "code": 200,
              "name": "Response_200",
              "id": "dd3e5bee-a156-4299-a928-b93f80ddc88a"
            }
          ]
        },
        {
          "id": "7e7fa979-115a-46c9-b5b8-9f51e90cc2a6",
          "name": "postV1ShoppersMeCartsActiveSubmitCart",
          "request": {
            "url": "http://store.digitalriver.com/store/TODO Add Value for parameter.../v1/shoppers/me/carts/active/submit-cart",
            "method": "POST",
            "body": {
              "mode": "raw"
            },
            "description": "Post shoppers me carts active submit cart."
          },
          "response": [
            {
              "status": "OK",
              "code": 200,
              "name": "Response_200",
              "id": "d73b6a12-a995-43b2-9713-85090142a708"
            }
          ]
        },
        {
          "id": "c1b279c1-75a9-416e-90d8-69b60c35b0a2",
          "name": "getV1ShoppersMeCartsActiveWebCheckout",
          "request": {
            "url": "http://store.digitalriver.com/store/TODO Add Value for parameter.../v1/shoppers/me/carts/active/web-checkout",
            "method": "GET",
            "body": {
              "mode": "raw"
            },
            "description": "Get shoppers me carts active web checkout."
          },
          "response": [
            {
              "status": "OK",
              "code": 200,
              "name": "Response_200",
              "id": "3c34af73-dc32-458f-acf6-aa4c8e767f21"
            }
          ]
        },
        {
          "id": "06c7f092-ea92-44aa-b5d6-0a4dca87ba14",
          "name": "postV1ShoppersMeCartsActiveWebCheckout",
          "request": {
            "url": "http://store.digitalriver.com/store/TODO Add Value for parameter.../v1/shoppers/me/carts/active/web-checkout",
            "method": "POST",
            "body": {
              "mode": "raw"
            },
            "description": "Post shoppers me carts active web checkout."
          },
          "response": [
            {
              "status": "OK",
              "code": 200,
              "name": "Response_200",
              "id": "79fe60b3-3a9d-4cf4-bd65-64f3a89e8a18"
            }
          ]
        },
        {
          "id": "685f06aa-9eee-4004-bbb0-88ad2d1e1ef5",
          "name": "getV1ShoppersMeCategories",
          "request": {
            "url": "http://store.digitalriver.com/store/TODO Add Value for parameter.../v1/shoppers/me/categories",
            "method": "GET",
            "body": {
              "mode": "raw"
            },
            "description": "Get shoppers me categories."
          },
          "response": [
            {
              "status": "OK",
              "code": 200,
              "name": "Response_200",
              "id": "6ef34425-a88e-47d3-8f03-23c2d99bfca0"
            }
          ]
        },
        {
          "id": "8014770d-604b-41ce-90a8-96859e95835e",
          "name": "getV1ShoppersMeCategories",
          "request": {
            "url": {
              "protocol": "http",
              "host": "store.digitalriver.com",
              "path": [
                "store",
                "TODO%20Add%20Value%20for%20parameter...",
                "v1/shoppers/me/categories/:id"
              ],
              "variable": [
                {
                  "id": "id",
                  "value": "{}",
                  "type": "string"
                }
              ]
            },
            "method": "GET",
            "body": {
              "mode": "raw"
            },
            "description": "Get shoppers me categories."
          },
          "response": [
            {
              "status": "OK",
              "code": 200,
              "name": "Response_200",
              "id": "e8ef7432-98be-4ab3-b623-f4d71e52c7d9"
            }
          ]
        },
        {
          "id": "aca5f405-db58-4575-842d-2a4a55fd3ee6",
          "name": "getV1ShoppersMeCategoriesProducts",
          "request": {
            "url": {
              "protocol": "http",
              "host": "store.digitalriver.com",
              "path": [
                "store",
                "TODO%20Add%20Value%20for%20parameter...",
                "v1/shoppers/me/categories/:id/products"
              ],
              "variable": [
                {
                  "id": "id",
                  "value": "{}",
                  "type": "string"
                }
              ]
            },
            "method": "GET",
            "body": {
              "mode": "raw"
            },
            "description": "Get shoppers me categories products."
          },
          "response": [
            {
              "status": "OK",
              "code": 200,
              "name": "Response_200",
              "id": "09545a0a-b9c7-4b24-8c85-9f73d5271378"
            }
          ]
        },
        {
          "id": "24909de4-1c85-4a62-a72b-903c880a2fe8",
          "name": "getV1ShoppersMeOrders",
          "request": {
            "url": "http://store.digitalriver.com/store/TODO Add Value for parameter.../v1/shoppers/me/orders",
            "method": "GET",
            "body": {
              "mode": "raw"
            },
            "description": "Get shoppers me orders."
          },
          "response": [
            {
              "status": "OK",
              "code": 200,
              "name": "Response_200",
              "id": "be746223-8b42-41d2-b359-6a55b1c54895"
            }
          ]
        },
        {
          "id": "1617e609-fa25-443a-be9e-8e9e5d646a87",
          "name": "postV1ShoppersMeOrders",
          "request": {
            "url": "http://store.digitalriver.com/store/TODO Add Value for parameter.../v1/shoppers/me/orders",
            "method": "POST",
            "body": {
              "mode": "raw"
            },
            "description": "Post shoppers me orders."
          },
          "response": [
            {
              "status": "OK",
              "code": 200,
              "name": "Response_200",
              "id": "6ca60d2d-08c4-47e2-9a1a-4f601745ff3a"
            }
          ]
        },
        {
          "id": "cd184843-a54d-42d5-8619-a228365fa0a6",
          "name": "getV1ShoppersMeOrders",
          "request": {
            "url": {
              "protocol": "http",
              "host": "store.digitalriver.com",
              "path": [
                "store",
                "TODO%20Add%20Value%20for%20parameter...",
                "v1/shoppers/me/orders/:id"
              ],
              "variable": [
                {
                  "id": "id",
                  "value": "{}",
                  "type": "string"
                }
              ]
            },
            "method": "GET",
            "body": {
              "mode": "raw"
            },
            "description": "Get shoppers me orders."
          },
          "response": [
            {
              "status": "OK",
              "code": 200,
              "name": "Response_200",
              "id": "938b821f-f3d4-4314-aba0-531f218ebd66"
            }
          ]
        },
        {
          "id": "178b3f3f-945a-47ba-98fe-503b3b46615d",
          "name": "getV1ShoppersMeOrdersBillingAddress",
          "request": {
            "url": {
              "protocol": "http",
              "host": "store.digitalriver.com",
              "path": [
                "store",
                "TODO%20Add%20Value%20for%20parameter...",
                "v1/shoppers/me/orders/:id/billing-address"
              ],
              "variable": [
                {
                  "id": "id",
                  "value": "{}",
                  "type": "string"
                }
              ]
            },
            "method": "GET",
            "body": {
              "mode": "raw"
            },
            "description": "Get shoppers me orders billing address."
          },
          "response": [
            {
              "status": "OK",
              "code": 200,
              "name": "Response_200",
              "id": "71100b91-5867-4215-b9bc-72c9437ff256"
            }
          ]
        },
        {
          "id": "96dbf00e-0e13-4ccd-9de8-75d0db68706d",
          "name": "getV1ShoppersMeOrdersLineItems",
          "request": {
            "url": {
              "protocol": "http",
              "host": "store.digitalriver.com",
              "path": [
                "store",
                "TODO%20Add%20Value%20for%20parameter...",
                "v1/shoppers/me/orders/:id/line-items"
              ],
              "variable": [
                {
                  "id": "id",
                  "value": "{}",
                  "type": "string"
                }
              ]
            },
            "method": "GET",
            "body": {
              "mode": "raw"
            },
            "description": "Get shoppers me orders line items."
          },
          "response": [
            {
              "status": "OK",
              "code": 200,
              "name": "Response_200",
              "id": "eb854f9e-8246-484b-9b6c-6926637da640"
            }
          ]
        },
        {
          "id": "4e9f3ecc-30d4-4cad-a434-00e1333d0601",
          "name": "getV1ShoppersMeOrdersLineItemsLineitem",
          "request": {
            "url": {
              "protocol": "http",
              "host": "store.digitalriver.com",
              "path": [
                "store",
                "TODO%20Add%20Value%20for%20parameter...",
                "v1/shoppers/me/orders/:id/line-items/:lineItemId"
              ],
              "variable": [
                {
                  "id": "id",
                  "value": "{}",
                  "type": "string"
                },
                {
                  "id": "lineItemId",
                  "value": "{}",
                  "type": "string"
                }
              ]
            },
            "method": "GET",
            "body": {
              "mode": "raw"
            },
            "description": "Get shoppers me orders line items lineitemid."
          },
          "response": [
            {
              "status": "OK",
              "code": 200,
              "name": "Response_200",
              "id": "0531cc71-1b9e-4fac-a478-73257f028fc7"
            }
          ]
        },
        {
          "id": "57173a1a-fb6c-4fd6-999c-7be3d09a7d6e",
          "name": "getV1ShoppersMeOrdersShippingAddress",
          "request": {
            "url": {
              "protocol": "http",
              "host": "store.digitalriver.com",
              "path": [
                "store",
                "TODO%20Add%20Value%20for%20parameter...",
                "v1/shoppers/me/orders/:id/shipping-address"
              ],
              "variable": [
                {
                  "id": "id",
                  "value": "{}",
                  "type": "string"
                }
              ]
            },
            "method": "GET",
            "body": {
              "mode": "raw"
            },
            "description": "Get shoppers me orders shipping address."
          },
          "response": [
            {
              "status": "OK",
              "code": 200,
              "name": "Response_200",
              "id": "ab9af268-c451-44f9-8bbe-957a3e2bbcc4"
            }
          ]
        },
        {
          "id": "d76e796a-7f13-4d9f-9b2c-5eb447dac70c",
          "name": "getV1ShoppersMePaymentOptions",
          "request": {
            "url": "http://store.digitalriver.com/store/TODO Add Value for parameter.../v1/shoppers/me/payment-options",
            "method": "GET",
            "body": {
              "mode": "raw"
            },
            "description": "Get shoppers me payment options."
          },
          "response": [
            {
              "status": "OK",
              "code": 200,
              "name": "Response_200",
              "id": "74604d39-d109-4a1b-bea4-48a2d42a6d93"
            }
          ]
        },
        {
          "id": "ab77cdb6-ebed-400a-90cc-5f4a707a970d",
          "name": "getV1ShoppersMePaymentOptions",
          "request": {
            "url": {
              "protocol": "http",
              "host": "store.digitalriver.com",
              "path": [
                "store",
                "TODO%20Add%20Value%20for%20parameter...",
                "v1/shoppers/me/payment-options/:id"
              ],
              "variable": [
                {
                  "id": "id",
                  "value": "{}",
                  "type": "string"
                }
              ]
            },
            "method": "GET",
            "body": {
              "mode": "raw"
            },
            "description": "Get shoppers me payment options."
          },
          "response": [
            {
              "status": "OK",
              "code": 200,
              "name": "Response_200",
              "id": "8a2e4cb1-ab4c-4e42-b94d-34178c0796f4"
            }
          ]
        },
        {
          "id": "83c5dd6a-15fa-41ad-a177-968c9dc57074",
          "name": "getV1ShoppersMePointOfPromotionsOffers",
          "request": {
            "url": {
              "protocol": "http",
              "host": "store.digitalriver.com",
              "path": [
                "store",
                "TODO%20Add%20Value%20for%20parameter...",
                "v1/shoppers/me/point-of-promotions/:id/offers"
              ],
              "variable": [
                {
                  "id": "id",
                  "value": "{}",
                  "type": "string"
                }
              ]
            },
            "method": "GET",
            "body": {
              "mode": "raw"
            },
            "description": "Get shoppers me point of promotions offers."
          },
          "response": [
            {
              "status": "OK",
              "code": 200,
              "name": "Response_200",
              "id": "6ab17229-11b3-4170-bab1-f5bc18a6c0dc"
            }
          ]
        },
        {
          "id": "e10e4d2e-43ea-4187-b2da-945dd7072cc3",
          "name": "getV1ShoppersMePointOfPromotionsOffersOffer",
          "request": {
            "url": {
              "protocol": "http",
              "host": "store.digitalriver.com",
              "path": [
                "store",
                "TODO%20Add%20Value%20for%20parameter...",
                "v1/shoppers/me/point-of-promotions/:id/offers/:offerId"
              ],
              "variable": [
                {
                  "id": "id",
                  "value": "{}",
                  "type": "string"
                },
                {
                  "id": "offerId",
                  "value": "{}",
                  "type": "string"
                }
              ]
            },
            "method": "GET",
            "body": {
              "mode": "raw"
            },
            "description": "Get shoppers me point of promotions offers offerid."
          },
          "response": [
            {
              "status": "OK",
              "code": 200,
              "name": "Response_200",
              "id": "55ff6a85-9e99-4a67-9ec2-496f7f567493"
            }
          ]
        },
        {
          "id": "83b0a7b9-60e2-462b-96dd-76f6f92ba5a4",
          "name": "getV1ShoppersMePointOfPromotionsOffersOfferProductOffers",
          "request": {
            "url": {
              "protocol": "http",
              "host": "store.digitalriver.com",
              "path": [
                "store",
                "TODO%20Add%20Value%20for%20parameter...",
                "v1/shoppers/me/point-of-promotions/:id/offers/:offerId/product-offers"
              ],
              "variable": [
                {
                  "id": "id",
                  "value": "{}",
                  "type": "string"
                },
                {
                  "id": "offerId",
                  "value": "{}",
                  "type": "string"
                }
              ]
            },
            "method": "GET",
            "body": {
              "mode": "raw"
            },
            "description": "Get shoppers me point of promotions offers offerid product offers."
          },
          "response": [
            {
              "status": "OK",
              "code": 200,
              "name": "Response_200",
              "id": "9b596f11-571e-4c46-8369-c62f8641407d"
            }
          ]
        },
        {
          "id": "5adc29fb-73ca-43f7-a6ad-aed50664c6d0",
          "name": "getV1ShoppersMePointOfPromotionsOffersOfferProductOffersProduct",
          "request": {
            "url": {
              "protocol": "http",
              "host": "store.digitalriver.com",
              "path": [
                "store",
                "TODO%20Add%20Value%20for%20parameter...",
                "v1/shoppers/me/point-of-promotions/:id/offers/:offerId/product-offers/:productId"
              ],
              "variable": [
                {
                  "id": "id",
                  "value": "{}",
                  "type": "string"
                },
                {
                  "id": "offerId",
                  "value": "{}",
                  "type": "string"
                },
                {
                  "id": "productId",
                  "value": "{}",
                  "type": "string"
                }
              ]
            },
            "method": "GET",
            "body": {
              "mode": "raw"
            },
            "description": "Get shoppers me point of promotions offers offerid product offers productid."
          },
          "response": [
            {
              "status": "OK",
              "code": 200,
              "name": "Response_200",
              "id": "fd27c121-9ee5-4830-a964-4436ebc4e517"
            }
          ]
        },
        {
          "id": "4b3f698e-f101-4ba1-b217-420fb06364f4",
          "name": "getV1ShoppersMeProductSearch",
          "request": {
            "url": "http://store.digitalriver.com/store/TODO Add Value for parameter.../v1/shoppers/me/product-search",
            "method": "GET",
            "body": {
              "mode": "raw"
            },
            "description": "Get shoppers me product search."
          },
          "response": [
            {
              "status": "OK",
              "code": 200,
              "name": "Response_200",
              "id": "07604e18-830a-41e8-a81f-673bfe093027"
            }
          ]
        },
        {
          "id": "6d5735d4-bdd0-47cf-9728-6f5c04c732a4",
          "name": "getV1ShoppersMeProducts",
          "request": {
            "url": "http://store.digitalriver.com/store/TODO Add Value for parameter.../v1/shoppers/me/products",
            "method": "GET",
            "body": {
              "mode": "raw"
            },
            "description": "Get shoppers me products."
          },
          "response": [
            {
              "status": "OK",
              "code": 200,
              "name": "Response_200",
              "id": "b967acaf-82a5-4109-9bbb-59e7b48070f7"
            }
          ]
        },
        {
          "id": "b9f74658-c5d1-40e0-a5e6-5348412eb37b",
          "name": "getV1ShoppersMeProducts",
          "request": {
            "url": {
              "protocol": "http",
              "host": "store.digitalriver.com",
              "path": [
                "store",
                "TODO%20Add%20Value%20for%20parameter...",
                "v1/shoppers/me/products/:id"
              ],
              "variable": [
                {
                  "id": "id",
                  "value": "{}",
                  "type": "string"
                }
              ]
            },
            "method": "GET",
            "body": {
              "mode": "raw"
            },
            "description": "Get shoppers me products."
          },
          "response": [
            {
              "status": "OK",
              "code": 200,
              "name": "Response_200",
              "id": "c08c8486-8b4e-494d-97cd-6c903f0cc4d6"
            }
          ]
        },
        {
          "id": "03393e06-9e88-4503-afeb-42ae30be0458",
          "name": "getV1ShoppersMeProductsPointOfPromotionsPopOffers",
          "request": {
            "url": {
              "protocol": "http",
              "host": "store.digitalriver.com",
              "path": [
                "store",
                "TODO%20Add%20Value%20for%20parameter...",
                "v1/shoppers/me/products/:id/point-of-promotions/:popId/offers"
              ],
              "variable": [
                {
                  "id": "id",
                  "value": "{}",
                  "type": "string"
                },
                {
                  "id": "popId",
                  "value": "{}",
                  "type": "string"
                }
              ]
            },
            "method": "GET",
            "body": {
              "mode": "raw"
            },
            "description": "Get shoppers me products point of promotions popid offers."
          },
          "response": [
            {
              "status": "OK",
              "code": 200,
              "name": "Response_200",
              "id": "10193a98-3033-4ec4-81d4-d99fb3e6dd6b"
            }
          ]
        },
        {
          "id": "d5cc21d4-b637-4cce-abe0-43ddf91824e4",
          "name": "postV1ShoppersMeProductsPurchase",
          "request": {
            "url": {
              "protocol": "http",
              "host": "store.digitalriver.com",
              "path": [
                "store",
                "TODO%20Add%20Value%20for%20parameter...",
                "v1/shoppers/me/products/:id/purchase"
              ],
              "variable": [
                {
                  "id": "id",
                  "value": "{}",
                  "type": "string"
                }
              ]
            },
            "method": "POST",
            "body": {
              "mode": "raw"
            },
            "description": "Post shoppers me products purchase."
          },
          "response": [
            {
              "status": "OK",
              "code": 200,
              "name": "Response_200",
              "id": "46943889-eff9-4b5e-8300-d10a77e7a5fa"
            }
          ]
        },
        {
          "id": "6d54918f-9354-42ed-8a0e-e3de302b87a4",
          "name": "getV1ShoppersMeProductsVariations",
          "request": {
            "url": {
              "protocol": "http",
              "host": "store.digitalriver.com",
              "path": [
                "store",
                "TODO%20Add%20Value%20for%20parameter...",
                "v1/shoppers/me/products/:id/variations"
              ],
              "variable": [
                {
                  "id": "id",
                  "value": "{}",
                  "type": "string"
                }
              ]
            },
            "method": "GET",
            "body": {
              "mode": "raw"
            },
            "description": "Get shoppers me products variations."
          },
          "response": [
            {
              "status": "OK",
              "code": 200,
              "name": "Response_200",
              "id": "85d9bb28-af38-494c-968c-ecbe1c060039"
            }
          ]
        },
        {
          "id": "0ba9f847-7a37-41a6-bfd1-ba6e02555721",
          "name": "postV1ShoppersMePurchasePlanAuthorize",
          "request": {
            "url": "http://store.digitalriver.com/store/TODO Add Value for parameter.../v1/shoppers/me/purchase-plan/authorize",
            "method": "POST",
            "body": {
              "mode": "raw"
            },
            "description": "Post shoppers me purchase plan authorize."
          },
          "response": [
            {
              "status": "OK",
              "code": 200,
              "name": "Response_200",
              "id": "656a59e9-a4bf-41c6-857d-2b8f84e42f1a"
            }
          ]
        },
        {
          "id": "64a9292c-f46a-4c02-8e77-999642310c4a",
          "name": "getV1ShoppersMePurchasePlanSearch",
          "request": {
            "url": "http://store.digitalriver.com/store/TODO Add Value for parameter.../v1/shoppers/me/purchase-plan/search",
            "method": "GET",
            "body": {
              "mode": "raw"
            },
            "description": "Get shoppers me purchase plan search."
          },
          "response": [
            {
              "status": "OK",
              "code": 200,
              "name": "Response_200",
              "id": "3531ded0-f4b6-4417-accd-7de1e515cb19"
            }
          ]
        },
        {
          "id": "55c63943-e27c-4983-b168-d0ed74bdaf2c",
          "name": "getV1ShoppersToken",
          "request": {
            "url": "http://store.digitalriver.com/store/TODO Add Value for parameter.../v1/shoppers/token",
            "method": "GET",
            "body": {
              "mode": "raw"
            },
            "description": "Get shoppers token."
          },
          "response": [
            {
              "status": "OK",
              "code": 200,
              "name": "Response_200",
              "id": "443542b0-866d-4ea9-a540-f3f93811c4fc"
            }
          ]
        }
      ]
    }
  ]
}