{
  "info": {
    "name": "San Francisco California 311 Id Of Service_request Via Token",
    "_postman_id": "2e6260ce-a814-4291-9d65-92ecba66abdb",
    "description": "Get the service_request_id from a temporary token. This is unnecessary if the response from creating a service request does not contain a token.",
    "schema": "https://schema.getpostman.com/json/collection/v2.0.0/"
  },
  "item": [
    {
      "name": "311",
      "item": [
        {
          "id": "3cc85d8a-7b4c-40d9-beef-0b623e5e95e9",
          "name": "get-the-service-request-id-from-a-temporary-token-this-is-unnecessary-if-the-response-from-creating-",
          "request": {
            "url": {
              "protocol": "http",
              "host": "mobile311.sfgov.org",
              "path": [
                "open311",
                "v2",
                "tokens/:token_id.:response_format"
              ],
              "query": [
                {
                  "key": "No Name",
                  "value": "%7B%7D",
                  "disabled": false
                }
              ],
              "variable": [
                {
                  "id": "token_id",
                  "value": "{}",
                  "type": "string"
                },
                {
                  "id": "response_format",
                  "value": "response_format",
                  "type": "string"
                }
              ]
            },
            "method": "GET",
            "header": [
              {
                "key": "Accept",
                "value": "*/*",
                "disabled": false
              }
            ],
            "body": {
              "mode": "raw"
            },
            "description": "Get the service_request_id from a temporary token. This is unnecessary if the response from creating a service request does not contain a token."
          },
          "response": [
            {
              "status": "OK",
              "code": 200,
              "name": "Response_200",
              "id": "afbc5601-b77c-43d4-b541-21e2d1c664ef"
            }
          ]
        }
      ]
    }
  ]
}