{
  "info": {
    "name": "APIs.guru Get basic metrics",
    "_postman_id": "fab46777-b577-4947-b5ae-e7d5b24f3490",
    "description": "Some basic metrics for the entire directory.\nJust stunning numbers to put on a front page and are intended purely for WoW effect :)",
    "schema": "https://schema.getpostman.com/json/collection/v2.0.0/"
  },
  "item": [
    {
      "name": "APIs",
      "item": [
        {
          "id": "4e9dfb40-016c-433f-b0e8-c40fadbdb2d6",
          "name": "listAPIs",
          "request": {
            "url": "http://api.apis.guru/v2/list.json",
            "method": "GET",
            "body": {
              "mode": "raw"
            },
            "description": "List all APIs in the directory.\nReturns links to OpenAPI specification for each API in the directory.\nIf API exist in multiple versions `preferred` one is explicitly marked.\n\nSome basic info from OpenAPI spec is cached inside each object.\nThis allows to generate some simple views without need to fetch OpenAPI spec for each API."
          },
          "response": [
            {
              "status": "OK",
              "code": 200,
              "name": "Response_200",
              "id": "832f2e90-c211-4877-8371-89822f9ea38e"
            }
          ]
        },
        {
          "id": "20f4fb41-13ac-4128-a3b8-7ea27c3bd2fd",
          "name": "getMetrics",
          "request": {
            "url": "http://api.apis.guru/v2/metrics.json",
            "method": "GET",
            "body": {
              "mode": "raw"
            },
            "description": "Some basic metrics for the entire directory.\nJust stunning numbers to put on a front page and are intended purely for WoW effect :)"
          },
          "response": [
            {
              "status": "OK",
              "code": 200,
              "name": "Response_200",
              "id": "fc03fdcb-db96-45a2-91c4-d5e539117cbb"
            }
          ]
        }
      ]
    }
  ]
}