{
  "info": {
    "name": "VersaPay Open and Closed Disputes",
    "_postman_id": "0801c781-1e58-4b86-a4b9-a49e42884661",
    "description": "Open and closed disputes since watermark, limited to 100 disputes at a time.",
    "schema": "https://schema.getpostman.com/json/collection/v2.0.0/"
  },
  "item": [
    {
      "name": "openclosed",
      "item": [
        {
          "id": "1344b4ff-a396-4738-9588-dc478963577b",
          "name": "getDisputes",
          "request": {
            "url": "http://secure.versapay.com/api/exports/disputes?watermark=%7B%7D",
            "method": "GET",
            "body": {
              "mode": "raw"
            },
            "description": "Open and closed disputes since watermark, limited to 100 disputes at a time"
          },
          "response": [
            {
              "status": "OK",
              "code": 200,
              "name": "Response_200",
              "id": "315c5e2f-0024-44f8-89d3-adfa197d09eb"
            }
          ]
        }
      ]
    }
  ]
}