{
  "info": {
    "name": "IDX Broker Get Partners Property Types",
    "_postman_id": "d8581834-89a5-49c1-b1eb-69a7c842be4e",
    "description": "Gives the names and IDs of all available property types. This method differs from the property type lookup method in the client API component in that it can look up property types for any active Platinum MLS, not just those for which the client is a member.",
    "schema": "https://schema.getpostman.com/json/collection/v2.0.0/"
  },
  "item": [
    {
      "name": "Approved",
      "item": [
        {
          "id": "7325a881-1021-42d7-8fc9-b044a0a5c219",
          "name": "MlsApprovedmlsGet",
          "request": {
            "url": "http://example.com/mls/approvedmls",
            "method": "GET",
            "header": [
              {
                "key": "accesskey",
                "value": "{}",
                "description": "",
                "disabled": false
              },
              {
                "key": "ancillarykey",
                "value": "{}",
                "description": "",
                "disabled": false
              },
              {
                "key": "apiversion",
                "value": "{}",
                "description": "",
                "disabled": false
              },
              {
                "key": "Content-Type",
                "value": "{}",
                "description": "",
                "disabled": false
              },
              {
                "key": "outputtype",
                "value": "{}",
                "description": "",
                "disabled": false
              },
              {
                "key": "Accept",
                "value": "*/*",
                "disabled": false
              }
            ],
            "body": {
              "mode": "raw"
            },
            "description": "This method provides all of the IDX IDs and names for all of the paperwork approved MLSs on the client's account.\n\nNote: This method was previously camelcased as \"approvedMLS\" but was made lower case to fit the API naming convention. Calls to \"approvedMLS\" will be forwarded to \"approvedmls\" and \"approvedMLS\" is listed as deprecated in the method list."
          },
          "response": [
            {
              "status": "OK",
              "code": 200,
              "name": "Response_200",
              "id": "8e134b5c-17eb-408a-ac5e-e264f57814fa"
            }
          ]
        }
      ]
    },
    {
      "name": "Mls",
      "item": [
        {
          "id": "51ed8bb0-e2bb-4b5e-ace9-611954c04555",
          "name": "MlsAgeByApprovedMLSGet",
          "request": {
            "url": {
              "protocol": "http",
              "host": "example.com",
              "path": [
                "mls/age/:approvedMLS"
              ],
              "variable": [
                {
                  "id": "approvedMLS",
                  "value": "{}",
                  "type": "string"
                }
              ]
            },
            "method": "GET",
            "header": [
              {
                "key": "accesskey",
                "value": "{}",
                "description": "",
                "disabled": false
              },
              {
                "key": "ancillarykey",
                "value": "{}",
                "description": "",
                "disabled": false
              },
              {
                "key": "apiversion",
                "value": "{}",
                "description": "",
                "disabled": false
              },
              {
                "key": "Content-Type",
                "value": "{}",
                "description": "",
                "disabled": false
              },
              {
                "key": "outputtype",
                "value": "{}",
                "description": "",
                "disabled": false
              },
              {
                "key": "Accept",
                "value": "*/*",
                "disabled": false
              }
            ],
            "body": {
              "mode": "raw"
            },
            "description": "TODO: Add Description"
          },
          "response": [
            {
              "status": "OK",
              "code": 200,
              "name": "Response_200",
              "id": "f723eb05-7d8b-47bb-a955-c94d0383fc22"
            }
          ]
        },
        {
          "id": "6eeba8a1-95c9-4603-9d68-5da8facd6043",
          "name": "MlsCitiesByApprovedMLSGet",
          "request": {
            "url": {
              "protocol": "http",
              "host": "example.com",
              "path": [
                "mls/cities/:approvedMLS"
              ],
              "variable": [
                {
                  "id": "approvedMLS",
                  "value": "{}",
                  "type": "string"
                }
              ]
            },
            "method": "GET",
            "header": [
              {
                "key": "accesskey",
                "value": "{}",
                "description": "",
                "disabled": false
              },
              {
                "key": "ancillarykey",
                "value": "{}",
                "description": "",
                "disabled": false
              },
              {
                "key": "apiversion",
                "value": "{}",
                "description": "",
                "disabled": false
              },
              {
                "key": "Content-Type",
                "value": "{}",
                "description": "",
                "disabled": false
              },
              {
                "key": "outputtype",
                "value": "{}",
                "description": "",
                "disabled": false
              },
              {
                "key": "Accept",
                "value": "*/*",
                "disabled": false
              }
            ],
            "body": {
              "mode": "raw"
            },
            "description": "All cities represented in the current set of MLS data are available from this method."
          },
          "response": [
            {
              "status": "OK",
              "code": 200,
              "name": "Response_200",
              "id": "6b894d39-92f7-4d77-a974-ec2345859e81"
            }
          ]
        },
        {
          "id": "b0882fc1-861b-4550-955d-fbcc59fdcbed",
          "name": "MlsListcomponentsGet",
          "request": {
            "url": "http://example.com/mls/listcomponents",
            "method": "GET",
            "header": [
              {
                "key": "accesskey",
                "value": "{}",
                "description": "",
                "disabled": false
              },
              {
                "key": "ancillarykey",
                "value": "{}",
                "description": "",
                "disabled": false
              },
              {
                "key": "apiversion",
                "value": "{}",
                "description": "",
                "disabled": false
              },
              {
                "key": "Content-Type",
                "value": "{}",
                "description": "",
                "disabled": false
              },
              {
                "key": "outputtype",
                "value": "{}",
                "description": "",
                "disabled": false
              },
              {
                "key": "Accept",
                "value": "*/*",
                "disabled": false
              }
            ],
            "body": {
              "mode": "raw"
            },
            "description": "This is a simple, access anywhere, method for getting a list of all API components available."
          },
          "response": [
            {
              "status": "OK",
              "code": 200,
              "name": "Response_200",
              "id": "7a34f0a2-aae7-4fca-ad1a-69fb82f8cc07"
            }
          ]
        },
        {
          "id": "e02b07e2-d5cb-4e64-88a1-667eb53da045",
          "name": "MlsListmethodsGet",
          "request": {
            "url": "http://example.com/mls/listmethods",
            "method": "GET",
            "header": [
              {
                "key": "accesskey",
                "value": "{}",
                "description": "",
                "disabled": false
              },
              {
                "key": "ancillarykey",
                "value": "{}",
                "description": "",
                "disabled": false
              },
              {
                "key": "apiversion",
                "value": "{}",
                "description": "",
                "disabled": false
              },
              {
                "key": "Content-Type",
                "value": "{}",
                "description": "",
                "disabled": false
              },
              {
                "key": "outputtype",
                "value": "{}",
                "description": "",
                "disabled": false
              },
              {
                "key": "Accept",
                "value": "*/*",
                "disabled": false
              }
            ],
            "body": {
              "mode": "raw"
            },
            "description": "A simple method for listing all available methods in the current API component. This method will also list which request methods (GET, PUT, POST, or DELETE) are supported by each method in addition to each method status."
          },
          "response": [
            {
              "status": "OK",
              "code": 200,
              "name": "Response_200",
              "id": "ffa99ed6-607f-4cb5-9f72-bec86663d266"
            }
          ]
        },
        {
          "id": "78c5e0d1-77fd-4061-ba73-ca85ac56af3f",
          "name": "MlsPostalcodesByApprovedMLSGet",
          "request": {
            "url": {
              "protocol": "http",
              "host": "example.com",
              "path": [
                "mls/postalcodes/:approvedMLS"
              ],
              "variable": [
                {
                  "id": "approvedMLS",
                  "value": "{}",
                  "type": "string"
                }
              ]
            },
            "method": "GET",
            "header": [
              {
                "key": "accesskey",
                "value": "{}",
                "description": "",
                "disabled": false
              },
              {
                "key": "ancillarykey",
                "value": "{}",
                "description": "",
                "disabled": false
              },
              {
                "key": "apiversion",
                "value": "{}",
                "description": "",
                "disabled": false
              },
              {
                "key": "Content-Type",
                "value": "{}",
                "description": "",
                "disabled": false
              },
              {
                "key": "outputtype",
                "value": "{}",
                "description": "",
                "disabled": false
              },
              {
                "key": "Accept",
                "value": "*/*",
                "disabled": false
              }
            ],
            "body": {
              "mode": "raw"
            },
            "description": "All postal codes represented in the current set of MLS data are available from this method."
          },
          "response": [
            {
              "status": "OK",
              "code": 200,
              "name": "Response_200",
              "id": "138a9b12-1c09-4bb4-ac3c-175d1ac44ed8"
            }
          ]
        },
        {
          "id": "b80a266b-c2e8-4036-a3f9-6191dd221edc",
          "name": "MlsPricesByApprovedMLSGet",
          "request": {
            "url": {
              "protocol": "http",
              "host": "example.com",
              "path": [
                "mls/prices/:approvedMLS"
              ],
              "variable": [
                {
                  "id": "approvedMLS",
                  "value": "{}",
                  "type": "string"
                }
              ]
            },
            "method": "GET",
            "header": [
              {
                "key": "accesskey",
                "value": "{}",
                "description": "",
                "disabled": false
              },
              {
                "key": "ancillarykey",
                "value": "{}",
                "description": "",
                "disabled": false
              },
              {
                "key": "apiversion",
                "value": "{}",
                "description": "",
                "disabled": false
              },
              {
                "key": "Content-Type",
                "value": "{}",
                "description": "",
                "disabled": false
              },
              {
                "key": "outputtype",
                "value": "{}",
                "description": "",
                "disabled": false
              },
              {
                "key": "Accept",
                "value": "*/*",
                "disabled": false
              }
            ],
            "body": {
              "mode": "raw"
            },
            "description": "The sum total of properties listed in a given MLS as well as sums for each property type in the MLS."
          },
          "response": [
            {
              "status": "OK",
              "code": 200,
              "name": "Response_200",
              "id": "55a7e185-9940-47f1-a226-2a4cd5c002a9"
            }
          ]
        },
        {
          "id": "e02f8fc4-6480-4433-bcc7-f09e4ca5fdc9",
          "name": "MlsPropertycountByApprovedMLSGet",
          "request": {
            "url": {
              "protocol": "http",
              "host": "example.com",
              "path": [
                "mls/propertycount/:approvedMLS"
              ],
              "query": [
                {
                  "key": "countSpecifier",
                  "value": "%7B%7D",
                  "disabled": false
                },
                {
                  "key": "countType",
                  "value": "%7B%7D",
                  "disabled": false
                }
              ],
              "variable": [
                {
                  "id": "approvedMLS",
                  "value": "{}",
                  "type": "string"
                }
              ]
            },
            "method": "GET",
            "header": [
              {
                "key": "accesskey",
                "value": "{}",
                "description": "",
                "disabled": false
              },
              {
                "key": "ancillarykey",
                "value": "{}",
                "description": "",
                "disabled": false
              },
              {
                "key": "apiversion",
                "value": "{}",
                "description": "",
                "disabled": false
              },
              {
                "key": "Content-Type",
                "value": "{}",
                "description": "",
                "disabled": false
              },
              {
                "key": "outputtype",
                "value": "{}",
                "description": "",
                "disabled": false
              },
              {
                "key": "Accept",
                "value": "*/*",
                "disabled": false
              }
            ],
            "body": {
              "mode": "raw"
            },
            "description": "Gives a total number of listings available for a given city, county, or zipcode"
          },
          "response": [
            {
              "status": "OK",
              "code": 200,
              "name": "Response_200",
              "id": "df0ddf8a-ef02-4a1d-9158-337c874cb2a0"
            }
          ]
        },
        {
          "id": "0a6fe848-1b00-4646-ba09-a641c0813d66",
          "name": "MlsPropertytypesByApprovedMLSGet",
          "request": {
            "url": {
              "protocol": "http",
              "host": "example.com",
              "path": [
                "mls/propertytypes/:approvedMLS"
              ],
              "variable": [
                {
                  "id": "approvedMLS",
                  "value": "{}",
                  "type": "string"
                }
              ]
            },
            "method": "GET",
            "header": [
              {
                "key": "accesskey",
                "value": "{}",
                "description": "",
                "disabled": false
              },
              {
                "key": "ancillarykey",
                "value": "{}",
                "description": "",
                "disabled": false
              },
              {
                "key": "apiversion",
                "value": "{}",
                "description": "",
                "disabled": false
              },
              {
                "key": "Content-Type",
                "value": "{}",
                "description": "",
                "disabled": false
              },
              {
                "key": "outputtype",
                "value": "{}",
                "description": "",
                "disabled": false
              },
              {
                "key": "Accept",
                "value": "*/*",
                "disabled": false
              }
            ],
            "body": {
              "mode": "raw"
            },
            "description": "Gives the property type information for all types that are available on a given MLS."
          },
          "response": [
            {
              "status": "OK",
              "code": 200,
              "name": "Response_200",
              "id": "7d178a8d-c777-4242-8ab7-d983554f3ed5"
            }
          ]
        },
        {
          "id": "e37cd4a7-eb26-4218-8b3e-46f153b9418a",
          "name": "MlsSearchfieldsByApprovedMLSGet",
          "request": {
            "url": {
              "protocol": "http",
              "host": "example.com",
              "path": [
                "mls/searchfields/:approvedMLS"
              ],
              "variable": [
                {
                  "id": "approvedMLS",
                  "value": "{}",
                  "type": "string"
                }
              ]
            },
            "method": "GET",
            "header": [
              {
                "key": "accesskey",
                "value": "{}",
                "description": "",
                "disabled": false
              },
              {
                "key": "ancillarykey",
                "value": "{}",
                "description": "",
                "disabled": false
              },
              {
                "key": "apiversion",
                "value": "{}",
                "description": "",
                "disabled": false
              },
              {
                "key": "Content-Type",
                "value": "{}",
                "description": "",
                "disabled": false
              },
              {
                "key": "outputtype",
                "value": "{}",
                "description": "",
                "disabled": false
              },
              {
                "key": "Accept",
                "value": "*/*",
                "disabled": false
              }
            ],
            "body": {
              "mode": "raw"
            },
            "description": "All the fields in a given MLS that are currently allowed to be searched according to MLS guidelines."
          },
          "response": [
            {
              "status": "OK",
              "code": 200,
              "name": "Response_200",
              "id": "49d4e376-da60-4d96-942c-d0c00cdc9cd2"
            }
          ]
        },
        {
          "id": "a00a29ef-de77-4c8c-af82-657b9098ad51",
          "name": "MlsSearchfieldvaluesByApprovedMLSGet",
          "request": {
            "url": {
              "protocol": "http",
              "host": "example.com",
              "path": [
                "mls/searchfieldvalues/:approvedMLS"
              ],
              "query": [
                {
                  "key": "mlsPtID",
                  "value": "%7B%7D",
                  "disabled": false
                },
                {
                  "key": "name",
                  "value": "%7B%7D",
                  "disabled": false
                }
              ],
              "variable": [
                {
                  "id": "approvedMLS",
                  "value": "{}",
                  "type": "string"
                }
              ]
            },
            "method": "GET",
            "header": [
              {
                "key": "accesskey",
                "value": "{}",
                "description": "",
                "disabled": false
              },
              {
                "key": "ancillarykey",
                "value": "{}",
                "description": "",
                "disabled": false
              },
              {
                "key": "apiversion",
                "value": "{}",
                "description": "",
                "disabled": false
              },
              {
                "key": "Content-Type",
                "value": "{}",
                "description": "",
                "disabled": false
              },
              {
                "key": "outputtype",
                "value": "{}",
                "description": "",
                "disabled": false
              },
              {
                "key": "Accept",
                "value": "*/*",
                "disabled": false
              }
            ],
            "body": {
              "mode": "raw"
            },
            "description": "Field values in a given MLS that are currently allowed to be searched according to MLS guidelines."
          },
          "response": [
            {
              "status": "OK",
              "code": 200,
              "name": "Response_200",
              "id": "ae9eef3c-0f7c-4dc2-be0c-a56e0244b526"
            }
          ]
        },
        {
          "id": "42fd10b0-2e90-43bf-839c-f94d61e3c142",
          "name": "MlsZipcodesByApprovedMLSGet",
          "request": {
            "url": {
              "protocol": "http",
              "host": "example.com",
              "path": [
                "mls/zipcodes/:approvedMLS"
              ],
              "variable": [
                {
                  "id": "approvedMLS",
                  "value": "{}",
                  "type": "string"
                }
              ]
            },
            "method": "GET",
            "header": [
              {
                "key": "accesskey",
                "value": "{}",
                "description": "",
                "disabled": false
              },
              {
                "key": "ancillarykey",
                "value": "{}",
                "description": "",
                "disabled": false
              },
              {
                "key": "apiversion",
                "value": "{}",
                "description": "",
                "disabled": false
              },
              {
                "key": "Content-Type",
                "value": "{}",
                "description": "",
                "disabled": false
              },
              {
                "key": "outputtype",
                "value": "{}",
                "description": "",
                "disabled": false
              },
              {
                "key": "Accept",
                "value": "*/*",
                "disabled": false
              }
            ],
            "body": {
              "mode": "raw"
            },
            "description": "All zip codes represented in the current set of MLS data are available from this method."
          },
          "response": [
            {
              "status": "OK",
              "code": 200,
              "name": "Response_200",
              "id": "33dc197d-3913-4973-937e-77a7ae1c1236"
            }
          ]
        }
      ]
    },
    {
      "name": "Agents",
      "item": [
        {
          "id": "41be2221-cbdf-4cf1-a673-15b8fa3b4396",
          "name": "ClientsAgentsGet",
          "request": {
            "url": "http://example.com/clients/agents",
            "method": "GET",
            "header": [
              {
                "key": "accesskey",
                "value": "{}",
                "description": "",
                "disabled": false
              },
              {
                "key": "ancillarykey",
                "value": "{}",
                "description": "",
                "disabled": false
              },
              {
                "key": "apiversion",
                "value": "{}",
                "description": "",
                "disabled": false
              },
              {
                "key": "Content-Type",
                "value": "{}",
                "description": "",
                "disabled": false
              },
              {
                "key": "outputtype",
                "value": "{}",
                "description": "",
                "disabled": false
              },
              {
                "key": "Accept",
                "value": "*/*",
                "disabled": false
              }
            ],
            "body": {
              "mode": "raw"
            },
            "description": "View agent information on a multi-user account."
          },
          "response": [
            {
              "status": "OK",
              "code": 200,
              "name": "Response_200",
              "id": "68ed5dfb-f5f8-4a5e-a6db-799f9566fc30"
            }
          ]
        }
      ]
    },
    {
      "name": "Apiversion",
      "item": [
        {
          "id": "8cf60392-ffc0-497e-940e-2acdbdaf7f5d",
          "name": "ClientsApiversionGet",
          "request": {
            "url": "http://example.com/clients/apiversion",
            "method": "GET",
            "header": [
              {
                "key": "accesskey",
                "value": "{}",
                "description": "",
                "disabled": false
              },
              {
                "key": "ancillarykey",
                "value": "{}",
                "description": "",
                "disabled": false
              },
              {
                "key": "apiversion",
                "value": "{}",
                "description": "",
                "disabled": false
              },
              {
                "key": "Content-Type",
                "value": "{}",
                "description": "",
                "disabled": false
              },
              {
                "key": "outputtype",
                "value": "{}",
                "description": "",
                "disabled": false
              },
              {
                "key": "Accept",
                "value": "*/*",
                "disabled": false
              }
            ],
            "body": {
              "mode": "raw"
            },
            "description": "Get the default api version."
          },
          "response": [
            {
              "status": "OK",
              "code": 200,
              "name": "Response_200",
              "id": "6eab1724-5338-42ed-af64-0512030a7e0e"
            }
          ]
        }
      ]
    },
    {
      "name": "Cities",
      "item": [
        {
          "id": "3131c424-597d-440f-9d26-2cc63fae4509",
          "name": "ClientsCitiesGet",
          "request": {
            "url": "http://example.com/clients/cities",
            "method": "GET",
            "header": [
              {
                "key": "accesskey",
                "value": "{}",
                "description": "",
                "disabled": false
              },
              {
                "key": "ancillarykey",
                "value": "{}",
                "description": "",
                "disabled": false
              },
              {
                "key": "apiversion",
                "value": "{}",
                "description": "",
                "disabled": false
              },
              {
                "key": "Content-Type",
                "value": "{}",
                "description": "",
                "disabled": false
              },
              {
                "key": "outputtype",
                "value": "{}",
                "description": "",
                "disabled": false
              },
              {
                "key": "Accept",
                "value": "*/*",
                "disabled": false
              }
            ],
            "body": {
              "mode": "raw"
            },
            "description": "Returns the cities available in each of a client's city lists."
          },
          "response": [
            {
              "status": "OK",
              "code": 200,
              "name": "Response_200",
              "id": "761d47e5-dff4-4b17-b9fc-0f6e0a157a6f"
            }
          ]
        },
        {
          "id": "0f6c5ead-2525-4f62-b0cf-e8d55fe2cadb",
          "name": "ClientsCitieslistnameGet",
          "request": {
            "url": "http://example.com/clients/citieslistname",
            "method": "GET",
            "header": [
              {
                "key": "accesskey",
                "value": "{}",
                "description": "",
                "disabled": false
              },
              {
                "key": "ancillarykey",
                "value": "{}",
                "description": "",
                "disabled": false
              },
              {
                "key": "apiversion",
                "value": "{}",
                "description": "",
                "disabled": false
              },
              {
                "key": "Content-Type",
                "value": "{}",
                "description": "",
                "disabled": false
              },
              {
                "key": "outputtype",
                "value": "{}",
                "description": "",
                "disabled": false
              },
              {
                "key": "Accept",
                "value": "*/*",
                "disabled": false
              }
            ],
            "body": {
              "mode": "raw"
            },
            "description": "Returns the IDs and names for each of a client's city lists including MLS city lists."
          },
          "response": [
            {
              "status": "OK",
              "code": 200,
              "name": "Response_200",
              "id": "0cbf2d36-2208-4bb8-bb37-cb36158066e9"
            }
          ]
        }
      ]
    },
    {
      "name": "Counties",
      "item": [
        {
          "id": "2c3d1c89-bc8d-4fb6-aacc-f5c7ef9767da",
          "name": "ClientsCountiesGet",
          "request": {
            "url": "http://example.com/clients/counties",
            "method": "GET",
            "header": [
              {
                "key": "accesskey",
                "value": "{}",
                "description": "",
                "disabled": false
              },
              {
                "key": "ancillarykey",
                "value": "{}",
                "description": "",
                "disabled": false
              },
              {
                "key": "apiversion",
                "value": "{}",
                "description": "",
                "disabled": false
              },
              {
                "key": "Content-Type",
                "value": "{}",
                "description": "",
                "disabled": false
              },
              {
                "key": "outputtype",
                "value": "{}",
                "description": "",
                "disabled": false
              },
              {
                "key": "Accept",
                "value": "*/*",
                "disabled": false
              }
            ],
            "body": {
              "mode": "raw"
            },
            "description": "Returns the counties available in each of a client's county lists."
          },
          "response": [
            {
              "status": "OK",
              "code": 200,
              "name": "Response_200",
              "id": "32c2ca8d-e982-4559-8663-e67a14bc755e"
            }
          ]
        }
      ]
    },
    {
      "name": "Countieslistname",
      "item": [
        {
          "id": "93bc5079-a6c2-4f3f-a4dd-6be1c22e866b",
          "name": "ClientsCountieslistnameGet",
          "request": {
            "url": "http://example.com/clients/countieslistname",
            "method": "GET",
            "header": [
              {
                "key": "accesskey",
                "value": "{}",
                "description": "",
                "disabled": false
              },
              {
                "key": "ancillarykey",
                "value": "{}",
                "description": "",
                "disabled": false
              },
              {
                "key": "apiversion",
                "value": "{}",
                "description": "",
                "disabled": false
              },
              {
                "key": "Content-Type",
                "value": "{}",
                "description": "",
                "disabled": false
              },
              {
                "key": "outputtype",
                "value": "{}",
                "description": "",
                "disabled": false
              },
              {
                "key": "Accept",
                "value": "*/*",
                "disabled": false
              }
            ],
            "body": {
              "mode": "raw"
            },
            "description": "Returns the IDs and names for each of a client's counties lists including MLS counties lists."
          },
          "response": [
            {
              "status": "OK",
              "code": 200,
              "name": "Response_200",
              "id": "1ed0cd8d-bea0-4745-b686-4ae8adfc6c8b"
            }
          ]
        }
      ]
    },
    {
      "name": "Dynamicwrapperurl",
      "item": [
        {
          "id": "5971c733-947e-4c54-bc24-23df57975b0d",
          "name": "ClientsDynamicwrapperurlPost",
          "request": {
            "url": "http://example.com/clients/dynamicwrapperurl",
            "method": "POST",
            "header": [
              {
                "key": "accesskey",
                "value": "{}",
                "description": "",
                "disabled": false
              },
              {
                "key": "apiversion",
                "value": "{}",
                "description": "",
                "disabled": false
              },
              {
                "key": "Content-Type",
                "value": "{}",
                "description": "",
                "disabled": false
              },
              {
                "key": "outputtype",
                "value": "{}",
                "description": "",
                "disabled": false
              },
              {
                "key": "Accept",
                "value": "*/*",
                "disabled": false
              }
            ],
            "body": {
              "mode": "urlencoded",
              "urlencoded": [
                {
                  "key": "dynamicURL",
                  "value": "{}",
                  "disabled": false,
                  "description": ""
                }
              ]
            },
            "description": "Set wrapper URL. This is the global url."
          },
          "response": [
            {
              "status": "OK",
              "code": 200,
              "name": "Response_200",
              "id": "0194547e-1cf7-439f-a4a7-7705c8fd3f21"
            }
          ]
        }
      ]
    },
    {
      "name": "Featured",
      "item": [
        {
          "id": "e75a656d-36e8-4cf5-92c6-6fdcb0ae010d",
          "name": "ClientsFeaturedGet",
          "request": {
            "url": "http://example.com/clients/featured",
            "method": "GET",
            "header": [
              {
                "key": "accesskey",
                "value": "{}",
                "description": "",
                "disabled": false
              },
              {
                "key": "ancillarykey",
                "value": "{}",
                "description": "",
                "disabled": false
              },
              {
                "key": "apiversion",
                "value": "{}",
                "description": "",
                "disabled": false
              },
              {
                "key": "Content-Type",
                "value": "{}",
                "description": "",
                "disabled": false
              },
              {
                "key": "outputtype",
                "value": "{}",
                "description": "",
                "disabled": false
              },
              {
                "key": "Accept",
                "value": "*/*",
                "disabled": false
              }
            ],
            "body": {
              "mode": "raw"
            },
            "description": "Returns a basic set of information for all of the client's featured (active) properties"
          },
          "response": [
            {
              "status": "OK",
              "code": 200,
              "name": "Response_200",
              "id": "f1e03d31-a044-47ce-bd27-601f418a91a3"
            }
          ]
        }
      ]
    },
    {
      "name": "List",
      "item": [
        {
          "id": "5827016f-03a8-44d7-9a6b-593e50cb9663",
          "name": "ClientsListallowedfieldsByApprovedMLSAndFeaturedIdGet",
          "request": {
            "url": {
              "protocol": "http",
              "host": "example.com",
              "path": [
                "clients/listallowedfields/:approvedMLS/:featuredId"
              ],
              "variable": [
                {
                  "id": "approvedMLS",
                  "value": "{}",
                  "type": "string"
                },
                {
                  "id": "featuredId",
                  "value": "{}",
                  "type": "string"
                }
              ]
            },
            "method": "GET",
            "header": [
              {
                "key": "accesskey",
                "value": "{}",
                "description": "",
                "disabled": false
              },
              {
                "key": "ancillarykey",
                "value": "{}",
                "description": "",
                "disabled": false
              },
              {
                "key": "apiversion",
                "value": "{}",
                "description": "",
                "disabled": false
              },
              {
                "key": "Content-Type",
                "value": "{}",
                "description": "",
                "disabled": false
              },
              {
                "key": "outputtype",
                "value": "{}",
                "description": "",
                "disabled": false
              },
              {
                "key": "Accept",
                "value": "*/*",
                "disabled": false
              }
            ],
            "body": {
              "mode": "raw"
            },
            "description": "Returns the allowed returnable fields for a given listingID."
          },
          "response": [
            {
              "status": "OK",
              "code": 200,
              "name": "Response_200",
              "id": "227a7024-617a-41a8-9cca-4c56e4ad9928"
            }
          ]
        },
        {
          "id": "233bdfa3-f2ec-4fb8-9afa-efae777e96fe",
          "name": "ClientsListmethodsGet",
          "request": {
            "url": "http://example.com/clients/listmethods",
            "method": "GET",
            "header": [
              {
                "key": "accesskey",
                "value": "{}",
                "description": "",
                "disabled": false
              },
              {
                "key": "ancillarykey",
                "value": "{}",
                "description": "",
                "disabled": false
              },
              {
                "key": "apiversion",
                "value": "{}",
                "description": "",
                "disabled": false
              },
              {
                "key": "Content-Type",
                "value": "{}",
                "description": "",
                "disabled": false
              },
              {
                "key": "outputtype",
                "value": "{}",
                "description": "",
                "disabled": false
              },
              {
                "key": "Accept",
                "value": "*/*",
                "disabled": false
              }
            ],
            "body": {
              "mode": "raw"
            },
            "description": "A simple method for listing all available methods in the current API component."
          },
          "response": [
            {
              "status": "OK",
              "code": 200,
              "name": "Response_200",
              "id": "2bc366b1-92c4-467d-9f2f-a680892670a2"
            }
          ]
        }
      ]
    },
    {
      "name": "Listcomponents",
      "item": [
        {
          "id": "6abffe95-9d1a-45d0-a20c-ecbe89ee1961",
          "name": "ClientsListcomponentsGet",
          "request": {
            "url": "http://example.com/clients/listcomponents",
            "method": "GET",
            "header": [
              {
                "key": "accesskey",
                "value": "{}",
                "description": "",
                "disabled": false
              },
              {
                "key": "ancillarykey",
                "value": "{}",
                "description": "",
                "disabled": false
              },
              {
                "key": "apiversion",
                "value": "{}",
                "description": "",
                "disabled": false
              },
              {
                "key": "Content-Type",
                "value": "{}",
                "description": "",
                "disabled": false
              },
              {
                "key": "outputtype",
                "value": "{}",
                "description": "",
                "disabled": false
              },
              {
                "key": "Accept",
                "value": "*/*",
                "disabled": false
              }
            ],
            "body": {
              "mode": "raw"
            },
            "description": "This is a simple, access anywhere, method for getting a list of all API components available."
          },
          "response": [
            {
              "status": "OK",
              "code": 200,
              "name": "Response_200",
              "id": "ec858b54-7ead-47c6-be78-77e96df603bb"
            }
          ]
        }
      ]
    },
    {
      "name": "Listing",
      "item": [
        {
          "id": "7bbefd83-cdc1-45c4-ba33-30e841d3cea8",
          "name": "ClientsListingByApprovedMLSAndFeaturedIdGet",
          "request": {
            "url": {
              "protocol": "http",
              "host": "example.com",
              "path": [
                "clients/listing/:approvedMLS/:featuredId"
              ],
              "variable": [
                {
                  "id": "approvedMLS",
                  "value": "{}",
                  "type": "string"
                },
                {
                  "id": "featuredId",
                  "value": "{}",
                  "type": "string"
                }
              ]
            },
            "method": "GET",
            "header": [
              {
                "key": "accesskey",
                "value": "{}",
                "description": "",
                "disabled": false
              },
              {
                "key": "ancillarykey",
                "value": "{}",
                "description": "",
                "disabled": false
              },
              {
                "key": "apiversion",
                "value": "{}",
                "description": "",
                "disabled": false
              },
              {
                "key": "Content-Type",
                "value": "{}",
                "description": "",
                "disabled": false
              },
              {
                "key": "outputtype",
                "value": "{}",
                "description": "",
                "disabled": false
              },
              {
                "key": "Accept",
                "value": "*/*",
                "disabled": false
              }
            ],
            "body": {
              "mode": "raw"
            },
            "description": "Returns the detailed information for a given listingID."
          },
          "response": [
            {
              "status": "OK",
              "code": 200,
              "name": "Response_200",
              "id": "c11c033d-7e46-4f5e-857d-28657b95f423"
            }
          ]
        }
      ]
    },
    {
      "name": "Offices",
      "item": [
        {
          "id": "e784fe6b-1eb8-4b16-a2ab-84716f250867",
          "name": "ClientsOfficesGet",
          "request": {
            "url": "http://example.com/clients/offices",
            "method": "GET",
            "header": [
              {
                "key": "accesskey",
                "value": "{}",
                "description": "",
                "disabled": false
              },
              {
                "key": "ancillarykey",
                "value": "{}",
                "description": "",
                "disabled": false
              },
              {
                "key": "apiversion",
                "value": "{}",
                "description": "",
                "disabled": false
              },
              {
                "key": "Content-Type",
                "value": "{}",
                "description": "",
                "disabled": false
              },
              {
                "key": "outputtype",
                "value": "{}",
                "description": "",
                "disabled": false
              },
              {
                "key": "Accept",
                "value": "*/*",
                "disabled": false
              }
            ],
            "body": {
              "mode": "raw"
            },
            "description": "View all offices on a mutli-user account."
          },
          "response": [
            {
              "status": "OK",
              "code": 200,
              "name": "Response_200",
              "id": "d07ece1b-0846-4cbd-8cc9-609b11044a12"
            }
          ]
        }
      ]
    },
    {
      "name": "Alcodes",
      "item": [
        {
          "id": "ab666bb6-7150-4cb2-8704-93af9a1e1c4b",
          "name": "ClientsPostalcodesGet",
          "request": {
            "url": "http://example.com/clients/postalcodes",
            "method": "GET",
            "header": [
              {
                "key": "accesskey",
                "value": "{}",
                "description": "",
                "disabled": false
              },
              {
                "key": "ancillarykey",
                "value": "{}",
                "description": "",
                "disabled": false
              },
              {
                "key": "apiversion",
                "value": "{}",
                "description": "",
                "disabled": false
              },
              {
                "key": "Content-Type",
                "value": "{}",
                "description": "",
                "disabled": false
              },
              {
                "key": "outputtype",
                "value": "{}",
                "description": "",
                "disabled": false
              },
              {
                "key": "Accept",
                "value": "*/*",
                "disabled": false
              }
            ],
            "body": {
              "mode": "raw"
            },
            "description": "Returns the postalcodes available in each of a client's postalcode lists."
          },
          "response": [
            {
              "status": "OK",
              "code": 200,
              "name": "Response_200",
              "id": "e10a8a91-9462-483e-8312-c346670d475d"
            }
          ]
        }
      ]
    },
    {
      "name": "Alcodeslistname",
      "item": [
        {
          "id": "88be81cd-3596-4942-b4a5-13a0a282c0fa",
          "name": "ClientsPostalcodeslistnameGet",
          "request": {
            "url": "http://example.com/clients/postalcodeslistname",
            "method": "GET",
            "header": [
              {
                "key": "accesskey",
                "value": "{}",
                "description": "",
                "disabled": false
              },
              {
                "key": "ancillarykey",
                "value": "{}",
                "description": "",
                "disabled": false
              },
              {
                "key": "apiversion",
                "value": "{}",
                "description": "",
                "disabled": false
              },
              {
                "key": "Content-Type",
                "value": "{}",
                "description": "",
                "disabled": false
              },
              {
                "key": "outputtype",
                "value": "{}",
                "description": "",
                "disabled": false
              },
              {
                "key": "Accept",
                "value": "*/*",
                "disabled": false
              }
            ],
            "body": {
              "mode": "raw"
            },
            "description": "Returns the IDs and names for each of a client's postalcode lists including MLS postalcode lists."
          },
          "response": [
            {
              "status": "OK",
              "code": 200,
              "name": "Response_200",
              "id": "7d3cefda-3ab6-4f27-a5a1-8dc60c846ca5"
            }
          ]
        }
      ]
    },
    {
      "name": "Saved",
      "item": [
        {
          "id": "bc7c5819-625e-4421-9f9e-60fa7b683544",
          "name": "ClientsSavedlinksGet",
          "request": {
            "url": "http://example.com/clients/savedlinks",
            "method": "GET",
            "header": [
              {
                "key": "accesskey",
                "value": "{}",
                "description": "",
                "disabled": false
              },
              {
                "key": "ancillarykey",
                "value": "{}",
                "description": "",
                "disabled": false
              },
              {
                "key": "apiversion",
                "value": "{}",
                "description": "",
                "disabled": false
              },
              {
                "key": "Content-Type",
                "value": "{}",
                "description": "",
                "disabled": false
              },
              {
                "key": "outputtype",
                "value": "{}",
                "description": "",
                "disabled": false
              },
              {
                "key": "Accept",
                "value": "*/*",
                "disabled": false
              }
            ],
            "body": {
              "mode": "raw"
            },
            "description": "Getclient saved links"
          },
          "response": [
            {
              "status": "OK",
              "code": 200,
              "name": "Response_200",
              "id": "5e9a1001-3b0c-4e56-9cd7-13db5ba5cfb3"
            }
          ]
        },
        {
          "id": "30f45ea6-529f-4fd7-bdc4-311ef6cc6e45",
          "name": "ClientsSavedlinksPut",
          "request": {
            "url": "http://example.com/clients/savedlinks",
            "method": "PUT",
            "header": [
              {
                "key": "accesskey",
                "value": "{}",
                "description": "",
                "disabled": false
              },
              {
                "key": "ancillarykey",
                "value": "{}",
                "description": "",
                "disabled": false
              },
              {
                "key": "apiversion",
                "value": "{}",
                "description": "",
                "disabled": false
              },
              {
                "key": "Content-Type",
                "value": "{}",
                "description": "",
                "disabled": false
              },
              {
                "key": "outputtype",
                "value": "{}",
                "description": "",
                "disabled": false
              },
              {
                "key": "Accept",
                "value": "*/*",
                "disabled": false
              }
            ],
            "body": {
              "mode": "urlencoded",
              "urlencoded": [
                {
                  "key": "linkName",
                  "value": "{}",
                  "disabled": false,
                  "description": ""
                },
                {
                  "key": "linkTitle",
                  "value": "{}",
                  "disabled": false,
                  "description": ""
                },
                {
                  "key": "pageTitle",
                  "value": "{}",
                  "disabled": false,
                  "description": ""
                },
                {
                  "key": "queryString[hp]",
                  "value": "{}",
                  "disabled": false,
                  "description": ""
                },
                {
                  "key": "queryString[idxID]",
                  "value": "{}",
                  "disabled": false,
                  "description": ""
                }
              ]
            },
            "description": "Create a new client saved link"
          },
          "response": [
            {
              "status": "OK",
              "code": 200,
              "name": "Response_200",
              "id": "ff1948ee-0f86-4988-a965-11053a6ec70f"
            }
          ]
        },
        {
          "id": "fd9cb1b2-edcc-40e3-aeea-8ebef23b4909",
          "name": "ClientsSavedlinksBySavedLinkIdPost",
          "request": {
            "url": {
              "protocol": "http",
              "host": "example.com",
              "path": [
                "clients/savedlinks/:savedLinkId"
              ],
              "variable": [
                {
                  "id": "savedLinkId",
                  "value": "{}",
                  "type": "string"
                }
              ]
            },
            "method": "POST",
            "header": [
              {
                "key": "accesskey",
                "value": "{}",
                "description": "",
                "disabled": false
              },
              {
                "key": "ancillarykey",
                "value": "{}",
                "description": "",
                "disabled": false
              },
              {
                "key": "apiversion",
                "value": "{}",
                "description": "",
                "disabled": false
              },
              {
                "key": "Content-Type",
                "value": "{}",
                "description": "",
                "disabled": false
              },
              {
                "key": "outputtype",
                "value": "{}",
                "description": "",
                "disabled": false
              },
              {
                "key": "Accept",
                "value": "*/*",
                "disabled": false
              }
            ],
            "body": {
              "mode": "urlencoded",
              "urlencoded": [
                {
                  "key": "linkName",
                  "value": "{}",
                  "disabled": false,
                  "description": ""
                },
                {
                  "key": "linkTitle",
                  "value": "{}",
                  "disabled": false,
                  "description": ""
                },
                {
                  "key": "pageTitle",
                  "value": "{}",
                  "disabled": false,
                  "description": ""
                },
                {
                  "key": "queryString[hp]",
                  "value": "{}",
                  "disabled": false,
                  "description": ""
                },
                {
                  "key": "queryString[idxID]",
                  "value": "{}",
                  "disabled": false,
                  "description": ""
                }
              ]
            },
            "description": "Update a client saved link"
          },
          "response": [
            {
              "status": "OK",
              "code": 200,
              "name": "Response_200",
              "id": "26fa0a81-90f3-47b9-966b-3e27b04228ce"
            }
          ]
        },
        {
          "id": "4a62b283-078f-4d71-874a-8c4af9d1955f",
          "name": "ClientsSavedlinksBySavedLinkIdDelete",
          "request": {
            "url": {
              "protocol": "http",
              "host": "example.com",
              "path": [
                "clients/savedlinks/:savedLinkId"
              ],
              "variable": [
                {
                  "id": "savedLinkId",
                  "value": "{}",
                  "type": "string"
                }
              ]
            },
            "method": "DELETE",
            "header": [
              {
                "key": "accesskey",
                "value": "{}",
                "description": "",
                "disabled": false
              },
              {
                "key": "ancillarykey",
                "value": "{}",
                "description": "",
                "disabled": false
              },
              {
                "key": "apiversion",
                "value": "{}",
                "description": "",
                "disabled": false
              },
              {
                "key": "Content-Type",
                "value": "{}",
                "description": "",
                "disabled": false
              },
              {
                "key": "outputtype",
                "value": "{}",
                "description": "",
                "disabled": false
              },
              {
                "key": "Accept",
                "value": "*/*",
                "disabled": false
              }
            ],
            "body": {
              "mode": "urlencoded",
              "urlencoded": [
                {
                  "key": "linkName",
                  "value": "{}",
                  "disabled": false,
                  "description": ""
                },
                {
                  "key": "linkTitle",
                  "value": "{}",
                  "disabled": false,
                  "description": ""
                },
                {
                  "key": "pageTitle",
                  "value": "{}",
                  "disabled": false,
                  "description": ""
                },
                {
                  "key": "queryString[hp]",
                  "value": "{}",
                  "disabled": false,
                  "description": ""
                },
                {
                  "key": "queryString[idxID]",
                  "value": "{}",
                  "disabled": false,
                  "description": ""
                }
              ]
            },
            "description": "Delete a client saved link"
          },
          "response": [
            {
              "status": "OK",
              "code": 200,
              "name": "Response_200",
              "id": "2307a025-49be-4990-a6a3-50089620a6c3"
            }
          ]
        }
      ]
    },
    {
      "name": "Properties",
      "item": [
        {
          "id": "17cb1e4f-5459-4b40-a137-f0af1d86e2f9",
          "name": "ClientsPropertiesBySavedLinkIdGet",
          "request": {
            "url": {
              "protocol": "http",
              "host": "example.com",
              "path": [
                "clients/properties/:savedLinkId"
              ],
              "variable": [
                {
                  "id": "savedLinkId",
                  "value": "{}",
                  "type": "string"
                }
              ]
            },
            "method": "GET",
            "header": [
              {
                "key": "accesskey",
                "value": "{}",
                "description": "",
                "disabled": false
              },
              {
                "key": "ancillarykey",
                "value": "{}",
                "description": "",
                "disabled": false
              },
              {
                "key": "apiversion",
                "value": "{}",
                "description": "",
                "disabled": false
              },
              {
                "key": "Content-Type",
                "value": "{}",
                "description": "",
                "disabled": false
              },
              {
                "key": "outputtype",
                "value": "{}",
                "description": "",
                "disabled": false
              },
              {
                "key": "Accept",
                "value": "*/*",
                "disabled": false
              }
            ],
            "body": {
              "mode": "raw"
            },
            "description": "Get client saved links results"
          },
          "response": [
            {
              "status": "OK",
              "code": 200,
              "name": "Response_200",
              "id": "9ec8c341-ecad-415f-b65a-83bff3