{
  "info": {
    "name": "Cloud Elements - Dropbox For Business API Get Storage",
    "_postman_id": "3a79571f-00b2-435c-8b9d-20a83411ab5b",
    "description": "Get storage.",
    "schema": "https://schema.getpostman.com/json/collection/v2.0.0/"
  },
  "item": [
    {
      "name": "Info",
      "item": [
        {
          "id": "41cfa9a7-c93f-4d48-96f0-4125e540d6c9",
          "name": "postGetInfo",
          "request": {
            "url": "http://api.dropbox.com/1/team/get_info",
            "method": "POST",
            "body": {
              "mode": "raw"
            },
            "description": "Get info."
          },
          "response": [
            {
              "status": "OK",
              "code": 200,
              "name": "Response_200",
              "id": "b94bb877-1a6b-4927-beae-dc8e9a9e2368"
            }
          ]
        },
        {
          "id": "b840099d-20a1-413d-b85b-d1bdd08ef3fe",
          "name": "postMembersGetInfoBatch",
          "request": {
            "url": "http://api.dropbox.com/1/team/members/get_info_batch?emails=%7B%7D&external_ids=%7B%7D&member_ids=%7B%7D",
            "method": "POST",
            "body": {
              "mode": "raw"
            },
            "description": "Get info batch."
          },
          "response": [
            {
              "status": "OK",
              "code": 200,
              "name": "Response_200",
              "id": "40a96e20-b0d9-4598-85e3-6d3af00103ce"
            }
          ]
        }
      ]
    },
    {
      "name": "Events",
      "item": [
        {
          "id": "419bd936-71cb-4381-9e04-9e07f32abb59",
          "name": "postLogGetEvents",
          "request": {
            "url": "http://api.dropbox.com/1/team/log/get_events?category=%7B%7D&cursor=%7B%7D&end_ts=%7B%7D&limit=%7B%7D&start_ts=%7B%7D&user=%7B%7D",
            "method": "POST",
            "body": {
              "mode": "raw"
            },
            "description": "Get events."
          },
          "response": [
            {
              "status": "OK",
              "code": 200,
              "name": "Response_200",
              "id": "755ab108-12d9-40f5-9679-fc424c954bb4"
            }
          ]
        }
      ]
    },
    {
      "name": "Member",
      "item": [
        {
          "id": "29ff0e13-3b8d-4f0d-b598-b0af8a18d32f",
          "name": "postMembersAdd",
          "request": {
            "url": "http://api.dropbox.com/1/team/members/add?member_email=%7B%7D&member_external_id=%7B%7D&member_given_name=%7B%7D&member_surname=%7B%7D&send_welcome_email=%7B%7D",
            "method": "POST",
            "body": {
              "mode": "raw"
            },
            "description": "Add member."
          },
          "response": [
            {
              "status": "OK",
              "code": 200,
              "name": "Response_200",
              "id": "21653bf8-f540-4f91-8e5b-a1e869c8a06a"
            }
          ]
        },
        {
          "id": "9058588a-bd07-4b18-8e20-db00c871b231",
          "name": "postMembersGetInfo",
          "request": {
            "url": "http://api.dropbox.com/1/team/members/get_info?email=%7B%7D&external_id=%7B%7D&member_id=%7B%7D",
            "method": "POST",
            "body": {
              "mode": "raw"
            },
            "description": "Get member info."
          },
          "response": [
            {
              "status": "OK",
              "code": 200,
              "name": "Response_200",
              "id": "ef49d2d8-78a6-4fbe-9c0c-84395dc030a4"
            }
          ]
        }
      ]
    },
    {
      "name": "List",
      "item": [
        {
          "id": "fd024d0a-45eb-4fdc-8bfb-9527ef74abe3",
          "name": "postMembersList",
          "request": {
            "url": "http://api.dropbox.com/1/team/members/list?cursor=%7B%7D&limit=%7B%7D",
            "method": "POST",
            "body": {
              "mode": "raw"
            },
            "description": "List members."
          },
          "response": [
            {
              "status": "OK",
              "code": 200,
              "name": "Response_200",
              "id": "74ab2978-9d9b-4446-858f-21dee01dde01"
            }
          ]
        }
      ]
    },
    {
      "name": "Remove",
      "item": [
        {
          "id": "8fa1377a-5c51-453d-86a8-941b473f8f6a",
          "name": "postMembersRemove",
          "request": {
            "url": "http://api.dropbox.com/1/team/members/remove?delete_data=%7B%7D&external_id=%7B%7D&member_id=%7B%7D&transfer_admin_member_id=%7B%7D&transfer_dest_member_id=%7B%7D",
            "method": "POST",
            "body": {
              "mode": "raw"
            },
            "description": "Remove."
          },
          "response": [
            {
              "status": "OK",
              "code": 200,
              "name": "Response_200",
              "id": "569d2300-d72f-4d83-bcd2-11900b577bb2"
            }
          ]
        }
      ]
    },
    {
      "name": "Set",
      "item": [
        {
          "id": "26f71416-f8dd-43b6-8510-92a0fd3e5f4d",
          "name": "postMembersSetPermissions",
          "request": {
            "url": "http://api.dropbox.com/1/team/members/set_permissions?external_id=%7B%7D&member_id=%7B%7D&new_is_admin=%7B%7D",
            "method": "POST",
            "body": {
              "mode": "raw"
            },
            "description": "Set member permissions."
          },
          "response": [
            {
              "status": "OK",
              "code": 200,
              "name": "Response_200",
              "id": "5c5c23f9-421b-4229-8ae1-ff0355c2ff6c"
            }
          ]
        },
        {
          "id": "066fa1d6-2ce5-44e9-9772-8ac83d4365ba",
          "name": "getMembersSetProfile",
          "request": {
            "url": "http://api.dropbox.com/1/team/members/set_profile?external_id=%7B%7D&member_id=%7B%7D&new_email=%7B%7D&new_external_id=%7B%7D&new_given_name=%7B%7D&new_surname=%7B%7D",
            "method": "GET",
            "body": {
              "mode": "raw"
            },
            "description": "Set profile."
          },
          "response": [
            {
              "status": "OK",
              "code": 200,
              "name": "Response_200",
              "id": "6401222e-6641-4b86-a977-e082c49007b9"
            }
          ]
        }
      ]
    },
    {
      "name": "Activity",
      "item": [
        {
          "id": "ba334ac0-5a93-48e2-9d89-88f07788b905",
          "name": "postReportsGetActivity",
          "request": {
            "url": "http://api.dropbox.com/1/team/reports/get_activity?end_date=%7B%7D&start_date=%7B%7D",
            "method": "POST",
            "body": {
              "mode": "raw"
            },
            "description": "Get activity."
          },
          "response": [
            {
              "status": "OK",
              "code": 200,
              "name": "Response_200",
              "id": "bacc067b-fade-48d5-a854-e4dd3b2b0271"
            }
          ]
        }
      ]
    },
    {
      "name": "Devices",
      "item": [
        {
          "id": "023ac6a1-dd06-4924-8cbe-7a280ffd53cd",
          "name": "postReportsGetDevices",
          "request": {
            "url": "http://api.dropbox.com/1/team/reports/get_devices?end_date=%7B%7D&start_date=%7B%7D",
            "method": "POST",
            "body": {
              "mode": "raw"
            },
            "description": "Get devices."
          },
          "response": [
            {
              "status": "OK",
              "code": 200,
              "name": "Response_200",
              "id": "7dba294b-6050-41a5-ae90-056fa9c93f92"
            }
          ]
        }
      ]
    },
    {
      "name": "Membership",
      "item": [
        {
          "id": "fb2fb3a5-3632-4298-b06c-addf536af947",
          "name": "postReportsGetMembership",
          "request": {
            "url": "http://api.dropbox.com/1/team/reports/get_membership?end_date=%7B%7D&start_date=%7B%7D",
            "method": "POST",
            "body": {
              "mode": "raw"
            },
            "description": "Get membership."
          },
          "response": [
            {
              "status": "OK",
              "code": 200,
              "name": "Response_200",
              "id": "a2b48d97-d363-4e08-a8c0-3da7767f4887"
            }
          ]
        }
      ]
    },
    {
      "name": "Storage",
      "item": [
        {
          "id": "9d2ccff9-82c0-458f-8a53-de823945c3aa",
          "name": "postReportsGetStorage",
          "request": {
            "url": "http://api.dropbox.com/1/team/reports/get_storage?end_date=%7B%7D&start_date=%7B%7D",
            "method": "POST",
            "body": {
              "mode": "raw"
            },
            "description": "Get storage."
          },
          "response": [
            {
              "status": "OK",
              "code": 200,
              "name": "Response_200",
              "id": "87c38e97-9e99-4fd5-bd42-034d20cb03a6"
            }
          ]
        }
      ]
    }
  ]
}