{
  "info": {
    "name": "Dropbox Datastore API Get Thumbnails",
    "_postman_id": "e915c6cd-a777-4d62-9e6c-8e02f634c865",
    "description": "/thumbnails",
    "schema": "https://schema.getpostman.com/json/collection/v2.0.0/"
  },
  "item": [
    {
      "name": "Chunked",
      "item": [
        {
          "id": "a33e7ffd-b04f-4c92-9bab-d131b888cf74",
          "name": "chunked-upload",
          "request": {
            "url": "http://api.dropbox.com/1/chunked_upload?offset=%7B%7D&upload_id=%7B%7D",
            "method": "PUT",
            "body": {
              "mode": "raw"
            },
            "description": "/chunked_upload"
          },
          "response": [
            {
              "status": "OK",
              "code": 200,
              "name": "Response_200",
              "id": "2c1b8f4f-7137-4429-9aa0-66e2cbfb09ca"
            }
          ]
        }
      ]
    },
    {
      "name": "Delta",
      "item": [
        {
          "id": "d31cedc3-5e21-425b-84be-94a6d5c846df",
          "name": "deltalatest-cursor",
          "request": {
            "url": "http://api.dropbox.com/1/delta/latest_cursor?include_media_info=%7B%7D&path_prefix=%7B%7D",
            "method": "POST",
            "body": {
              "mode": "raw"
            },
            "description": "/delta/latest_cursor"
          },
          "response": [
            {
              "status": "OK",
              "code": 200,
              "name": "Response_200",
              "id": "3558685b-205d-43f2-99d9-2d175599fd51"
            }
          ]
        }
      ]
    },
    {
      "name": "Disable",
      "item": [
        {
          "id": "d54d525a-f9ae-435a-8cf4-e17e6b4f0efa",
          "name": "disable-access-token",
          "request": {
            "url": "http://api.dropbox.com/1/disable_access_token",
            "method": "POST",
            "body": {
              "mode": "raw"
            },
            "description": "/disable_access_token"
          },
          "response": [
            {
              "status": "OK",
              "code": 200,
              "name": "Response_200",
              "id": "d5923c77-eb03-4b4a-97c0-a82fafc6f5b2"
            }
          ]
        }
      ]
    },
    {
      "name": "Fileops",
      "item": [
        {
          "id": "0e696b8e-5a17-4217-a675-e034ad90f385",
          "name": "fileopscreate-folder",
          "request": {
            "url": "http://api.dropbox.com/1/fileops/create_folder?locale=%7B%7D&path=%7B%7D&root=%7B%7D",
            "method": "POST",
            "body": {
              "mode": "raw"
            },
            "description": "/fileops/create_folder"
          },
          "response": [
            {
              "status": "OK",
              "code": 200,
              "name": "Response_200",
              "id": "4b5317e7-e619-4943-b20b-47e873ee6206"
            }
          ]
        }
      ]
    },
    {
      "name": "Files",
      "item": [
        {
          "id": "50643cf5-b49d-4b2f-87a6-d365743c417a",
          "name": "files-get",
          "request": {
            "url": "http://api.dropbox.com/1/files?path=%7B%7D&rev=%7B%7D",
            "method": "GET",
            "body": {
              "mode": "raw"
            },
            "description": "/files (GET)"
          },
          "response": [
            {
              "status": "OK",
              "code": 200,
              "name": "Response_200",
              "id": "2deb1e08-d284-4223-bda1-d57deadae5ef"
            }
          ]
        }
      ]
    },
    {
      "name": "Media",
      "item": [
        {
          "id": "7243ca1b-6d91-4a69-9f85-f5f6653ebf10",
          "name": "media",
          "request": {
            "url": "http://api.dropbox.com/1/media?locale=%7B%7D",
            "method": "POST",
            "body": {
              "mode": "raw"
            },
            "description": "/media"
          },
          "response": [
            {
              "status": "OK",
              "code": 200,
              "name": "Response_200",
              "id": "9880510b-e25f-4d4b-8b20-143f8fc784ea"
            }
          ]
        }
      ]
    },
    {
      "name": "Metadata",
      "item": [
        {
          "id": "f8fc32b4-a41c-4589-b526-159f57aa5e37",
          "name": "metadata",
          "request": {
            "url": "http://api.dropbox.com/1/metadata?file_limit=%7B%7D&hash=%7B%7D&include_deleted=%7B%7D&include_media_info=%7B%7D&include_membership=%7B%7D&list=%7B%7D&locale=%7B%7D&rev=%7B%7D",
            "method": "GET",
            "body": {
              "mode": "raw"
            },
            "description": "/metadata"
          },
          "response": [
            {
              "status": "OK",
              "code": 200,
              "name": "Response_200",
              "id": "ca7879d1-930c-4ddb-9919-ccdc82ad7c1d"
            }
          ]
        }
      ]
    },
    {
      "name": "Oauth",
      "item": [
        {
          "id": "38c29800-1161-45ee-b09e-d1553f3a4bb0",
          "name": "oauthaccess-token",
          "request": {
            "url": "http://api.dropbox.com/1/oauth/access_token",
            "method": "POST",
            "body": {
              "mode": "raw"
            },
            "description": "/oauth/access_token"
          },
          "response": [
            {
              "status": "OK",
              "code": 200,
              "name": "Response_200",
              "id": "30157cc3-6990-4193-86a0-cd42498596c8"
            }
          ]
        },
        {
          "id": "2e443b95-1a74-4b63-9335-a72495bf0688",
          "name": "oauthrequest-token",
          "request": {
            "url": "http://api.dropbox.com/1/oauth/request_token",
            "method": "POST",
            "body": {
              "mode": "raw"
            },
            "description": "/oauth/request_token"
          },
          "response": [
            {
              "status": "OK",
              "code": 200,
              "name": "Response_200",
              "id": "a6c13eaa-2133-4f98-8509-87262e3841fe"
            }
          ]
        }
      ]
    },
    {
      "name": "Oauth2",
      "item": [
        {
          "id": "68b72deb-79ad-4052-8164-e07de2793dbf",
          "name": "oauth2token",
          "request": {
            "url": "http://api.dropbox.com/1/oauth2/token?client_id=%7B%7D&client_secret=%7B%7D&code=%7B%7D&grant_type=%7B%7D&redirect_uri=%7B%7D",
            "method": "POST",
            "body": {
              "mode": "raw"
            },
            "description": "/oauth2/token"
          },
          "response": [
            {
              "status": "OK",
              "code": 200,
              "name": "Response_200",
              "id": "0673ef0e-e37f-413c-85a4-e214c42c64ac"
            }
          ]
        }
      ]
    },
    {
      "name": "Revisions",
      "item": [
        {
          "id": "1ad4a222-dba1-4a4d-82ff-d6f95e0b7b00",
          "name": "revisions",
          "request": {
            "url": "http://api.dropbox.com/1/revisions?locale=%7B%7D&rev_limit=%7B%7D",
            "method": "GET",
            "body": {
              "mode": "raw"
            },
            "description": "/revisions"
          },
          "response": [
            {
              "status": "OK",
              "code": 200,
              "name": "Response_200",
              "id": "7e5313de-ec79-4549-9b92-8d8452050b66"
            }
          ]
        }
      ]
    },
    {
      "name": "Search",
      "item": [
        {
          "id": "2a14396f-a5f5-4d92-b10f-4303f5034160",
          "name": "search",
          "request": {
            "url": "http://api.dropbox.com/1/search?file_limit=%7B%7D&include_deleted=%7B%7D&include_membership=%7B%7D&locale=%7B%7D&query=%7B%7D",
            "method": "GET",
            "body": {
              "mode": "raw"
            },
            "description": "/search"
          },
          "response": [
            {
              "status": "OK",
              "code": 200,
              "name": "Response_200",
              "id": "e9e73a7a-e599-4ae7-8c72-ab31b30a8498"
            }
          ]
        }
      ]
    },
    {
      "name": "Shared",
      "item": [
        {
          "id": "2c628d48-3361-4ca8-b142-b83e2b4bfd86",
          "name": "shared-folders",
          "request": {
            "url": "http://api.dropbox.com/1/shared_folders?id=%7B%7D",
            "method": "GET",
            "body": {
              "mode": "raw"
            },
            "description": "/shared_folders"
          },
          "response": [
            {
              "status": "OK",
              "code": 200,
              "name": "Response_200",
              "id": "b0c5cc3f-cd1b-4d22-9fc6-69b8de39480c"
            }
          ]
        }
      ]
    },
    {
      "name": "Thumbnails",
      "item": [
        {
          "id": "22754afc-3a7f-4279-8ea2-07b863e3f8d1",
          "name": "thumbnails",
          "request": {
            "url": "http://api.dropbox.com/1/thumbnails?format=%7B%7D&size=%7B%7D",
            "method": "GET",
            "body": {
              "mode": "raw"
            },
            "description": "/thumbnails"
          },
          "response": [
            {
              "status": "OK",
              "code": 200,
              "name": "Response_200",
              "id": "5a94ac9c-02f6-4de4-ba7c-82f1b4909050"
            }
          ]
        }
      ]
    }
  ]
}