{
  "info": {
    "name": "Rite Kit Hashtag Stats",
    "_postman_id": "73491b1b-0675-45c1-a7e3-4476d2897d48",
    "description": "Returns real-time stats for up to 100 hashtags (updated hourly).",
    "schema": "https://schema.getpostman.com/json/collection/v2.0.0/"
  },
  "item": [
    {
      "id": "6e4af05d-162d-4ef5-9061-4238a5377f65",
      "name": "v1.emoji.auto_emojify.get",
      "request": {
        "url": "http://api.ritekit.com/v1/emoji/auto-emojify?text=%7B%7D",
        "method": "GET",
        "header": [
          {
            "key": "Accept",
            "value": "*/*",
            "disabled": false
          }
        ],
        "body": {
          "mode": "raw"
        },
        "description": "Returns text of the post with emoji added"
      },
      "response": [
        {
          "status": "OK",
          "code": 200,
          "name": "Response_200",
          "id": "6bdcc54c-6d2c-4db8-9378-64de673ea7ce"
        }
      ]
    },
    {
      "id": "7db330f7-4ea6-4c45-b671-cc9499f4b4c1",
      "name": "v1.emoji.suggestions.get",
      "request": {
        "url": "http://api.ritekit.com/v1/emoji/suggestions?text=%7B%7D",
        "method": "GET",
        "header": [
          {
            "key": "Accept",
            "value": "*/*",
            "disabled": false
          }
        ],
        "body": {
          "mode": "raw"
        },
        "description": "Returns list of emoji suggestions for a given text of the post"
      },
      "response": [
        {
          "status": "OK",
          "code": 200,
          "name": "Response_200",
          "id": "30b32a76-cc43-409f-9a0a-20e853c485fe"
        }
      ]
    },
    {
      "id": "05ee8021-6ec0-490f-93c2-4d4e6056be17",
      "name": "v1.images.animate.get",
      "request": {
        "url": "http://api.ritekit.com/v1/images/animate?type=%7B%7D&url=%7B%7D",
        "method": "GET",
        "header": [
          {
            "key": "Accept",
            "value": "*/*",
            "disabled": false
          }
        ],
        "body": {
          "mode": "raw"
        },
        "description": "Returns URL of an animated GIF."
      },
      "response": [
        {
          "status": "OK",
          "code": 200,
          "name": "Response_200",
          "id": "2b41c84f-2a31-44f7-9389-6c73cc672fbd"
        }
      ]
    },
    {
      "id": "8d37e469-3d59-4842-936b-a7de78720ab6",
      "name": "v1.images.logo.get",
      "request": {
        "url": "http://api.ritekit.com/v1/images/logo?domain=%7B%7D",
        "method": "GET",
        "header": [
          {
            "key": "Accept",
            "value": "*/*",
            "disabled": false
          }
        ],
        "body": {
          "mode": "raw"
        },
        "description": "Returns a company logo based on website domain. If the logo is not in our database yet, it will be extracted from the site on the fly. White logo background is automatically removed to make the logo look better on color backgrounds."
      },
      "response": [
        {
          "status": "OK",
          "code": 200,
          "name": "Response_200",
          "id": "d2339e10-9cbb-4328-97ac-d79430c238f3"
        }
      ]
    },
    {
      "id": "2bc95715-b4f6-4e83-9ae2-f4b4a13fe5e8",
      "name": "v1.images.quote.get",
      "request": {
        "url": "http://api.ritekit.com/v1/images/quote?author=%7B%7D&authorFont=%7B%7D&authorFontColor=%7B%7D&backgroundColor=%7B%7D&bgType=%7B%7D&brandLogo=%7B%7D&enableHighlight=%7B%7D&fontSize=%7B%7D&gradientColor1=%7B%7D&gradientColor2=%7B%7D&gradientType=%7B%7D&highlightColor=%7B%7D&quote=%7B%7D&quoteFont=%7B%7D&quoteFontColor=%7B%7D",
        "method": "GET",
        "header": [
          {
            "key": "Accept",
            "value": "*/*",
            "disabled": false
          }
        ],
        "body": {
          "mode": "raw"
        },
        "description": "Returns URL of an image created from text according to given style parameters"
      },
      "response": [
        {
          "status": "OK",
          "code": 200,
          "name": "Response_200",
          "id": "ef7a8e71-fbd6-4e99-bf60-03b63f2138b2"
        }
      ]
    },
    {
      "id": "4b3bc771-5a18-454c-8f8c-573bc2b63d15",
      "name": "v1.influencers.hashtag.hashtag.get",
      "request": {
        "url": {
          "protocol": "http",
          "host": "api.ritekit.com",
          "path": [
            "v1/influencers/hashtag/:hashtag"
          ],
          "variable": [
            {
              "id": "hashtag",
              "value": "{}",
              "type": "string"
            }
          ]
        },
        "method": "GET",
        "header": [
          {
            "key": "Accept",
            "value": "*/*",
            "disabled": false
          }
        ],
        "body": {
          "mode": "raw"
        },
        "description": "Returns list of Twitter influencers for a given hashtag"
      },
      "response": [
        {
          "status": "OK",
          "code": 200,
          "name": "Response_200",
          "id": "afb6bb36-82cb-4012-9ec7-338e84e6b743"
        }
      ]
    },
    {
      "id": "7f2e0b08-1bcd-44a4-8fbb-5ee1ee5ebcc4",
      "name": "v1.link.cta.get",
      "request": {
        "url": "http://api.ritekit.com/v1/link/cta",
        "method": "GET",
        "header": [
          {
            "key": "Accept",
            "value": "*/*",
            "disabled": false
          }
        ],
        "body": {
          "mode": "raw"
        },
        "description": "Returns list of available CTA for current user. Requires each user to authenticate with RiteKit"
      },
      "response": [
        {
          "status": "OK",
          "code": 200,
          "name": "Response_200",
          "id": "308a5f11-34fa-4931-afc3-fe569b940b92"
        }
      ]
    },
    {
      "id": "7b3805d2-9ab2-4695-af85-e72784fd3f05",
      "name": "v1.link.short_link.get",
      "request": {
        "url": "http://api.ritekit.com/v1/link/short-link?cta=%7B%7D&url=%7B%7D",
        "method": "GET",
        "header": [
          {
            "key": "Accept",
            "value": "*/*",
            "disabled": false
          }
        ],
        "body": {
          "mode": "raw"
        },
        "description": "Returns a shorten link with a given CTA."
      },
      "response": [
        {
          "status": "OK",
          "code": 200,
          "name": "Response_200",
          "id": "5445ac82-ded8-4861-9d23-9aa19bd7cc45"
        }
      ]
    },
    {
      "id": "9b37a0e0-3d49-44ed-94f6-9e50bb2e9b91",
      "name": "v1.search.trending.get",
      "request": {
        "url": "http://api.ritekit.com/v1/search/trending?green=%7B%7D&latin=%7B%7D",
        "method": "GET",
        "header": [
          {
            "key": "Accept",
            "value": "*/*",
            "disabled": false
          }
        ],
        "body": {
          "mode": "raw"
        },
        "description": "Returns list of hashtags currently trending on Twitter"
      },
      "response": [
        {
          "status": "OK",
          "code": 200,
          "name": "Response_200",
          "id": "7ded379a-6f0f-4f36-bfba-cb76db040ed0"
        }
      ]
    },
    {
      "id": "dff9f3aa-f248-4bcb-a212-d748721fea53",
      "name": "v1.stats.auto_hashtag_post_post.get",
      "request": {
        "url": {
          "protocol": "http",
          "host": "api.ritekit.com",
          "path": [
            "v1/stats/auto-hashtag?post=:post"
          ],
          "variable": [
            {
              "id": "post",
              "value": "{}",
              "type": "string"
            }
          ]
        },
        "method": "GET",
        "header": [
          {
            "key": "Accept",
            "value": "*/*",
            "disabled": false
          }
        ],
        "body": {
          "mode": "raw"
        },
        "description": "Returns auto-hashtagged text of the post."
      },
      "response": [
        {
          "status": "OK",
          "code": 200,
          "name": "Response_200",
          "id": "f65ebc8d-9511-4948-b0db-92339f184410"
        }
      ]
    },
    {
      "id": "326dc513-9297-4c42-b061-b0dac931ed54",
      "name": "v1.stats.hashtag_suggestions.topic.get",
      "request": {
        "url": {
          "protocol": "http",
          "host": "api.ritekit.com",
          "path": [
            "v1/stats/hashtag-suggestions/:topic"
          ],
          "variable": [
            {
              "id": "topic",
              "value": "{}",
              "type": "string"
            }
          ]
        },
        "method": "GET",
        "header": [
          {
            "key": "Accept",
            "value": "*/*",
            "disabled": false
          }
        ],
        "body": {
          "mode": "raw"
        },
        "description": "Returns list of hashtag suggestions and their real-time stats for a given topic"
      },
      "response": [
        {
          "status": "OK",
          "code": 200,
          "name": "Response_200",
          "id": "42a17159-0475-44da-baed-f986999c9406"
        }
      ]
    },
    {
      "id": "190a9a29-5a81-4660-a714-ede3fea632fb",
      "name": "v1.stats.history.hashtag.get",
      "request": {
        "url": {
          "protocol": "http",
          "host": "api.ritekit.com",
          "path": [
            "v1/stats/history/:hashtag"
          ],
          "variable": [
            {
              "id": "hashtag",
              "value": "{}",
              "type": "string"
            }
          ]
        },
        "method": "GET",
        "header": [
          {
            "key": "Accept",
            "value": "*/*",
            "disabled": false
          }
        ],
        "body": {
          "mode": "raw"
        },
        "description": "Returns historical stats for a given hashtag from the last 30 days"
      },
      "response": [
        {
          "status": "OK",
          "code": 200,
          "name": "Response_200",
          "id": "bcb92ce8-f488-44e2-8f1d-3be87e9b056e"
        }
      ]
    },
    {
      "id": "8be5a3e6-3deb-4189-9655-ff24d0b62171",
      "name": "v1.stats.multiple_hashtags.get",
      "request": {
        "url": "http://api.ritekit.com/v1/stats/multiple-hashtags?tags=%7B%7D",
        "method": "GET",
        "header": [
          {
            "key": "Accept",
            "value": "*/*",
            "disabled": false
          }
        ],
        "body": {
          "mode": "raw"
        },
        "description": "Returns real-time stats for up to 100 hashtags (updated hourly)."
      },
      "response": [
        {
          "status": "OK",
          "code": 200,
          "name": "Response_200",
          "id": "e75b125b-4f12-49a2-915e-85121ec1a869"
        }
      ]
    }
  ]
}