{
  "info": {
    "name": "NetLicensing Validate licensee",
    "_postman_id": "25592e3c-faea-4d70-9ee6-06863a20a68b",
    "description": "Validates active licenses of the licensee",
    "schema": "https://schema.getpostman.com/json/collection/v2.0.0/"
  },
  "item": [
    {
      "name": "License",
      "item": [
        {
          "id": "0ee83309-6e3f-41f4-96a5-62f2ce0ca8f7",
          "name": "listLicenses",
          "request": {
            "url": "http://go.netlicensing.io/core/v2/rest/license",
            "method": "GET",
            "body": {
              "mode": "raw"
            },
            "description": "Return a list of all licenses for the current vendor"
          },
          "response": [
            {
              "status": "OK",
              "code": 200,
              "name": "Response_200",
              "id": "3508153a-0e0d-44f0-9a0b-dc2ac25569b3"
            }
          ]
        },
        {
          "id": "69fbbfad-844b-4cc0-bcb5-ada10d74142e",
          "name": "createLicense",
          "request": {
            "url": "http://go.netlicensing.io/core/v2/rest/license",
            "method": "POST",
            "body": {
              "mode": "urlencoded",
              "urlencoded": [
                {
                  "key": "active",
                  "value": "{}",
                  "disabled": false,
                  "description": ""
                },
                {
                  "key": "currency",
                  "value": "{}",
                  "disabled": false,
                  "description": "Specifies currency for the license price"
                },
                {
                  "key": "hidden",
                  "value": "{}",
                  "disabled": false,
                  "description": "If set to true, this license is not shown in NetLicensing Shop as purchased license"
                },
                {
                  "key": "licenseeNumber",
                  "value": "{}",
                  "disabled": false,
                  "description": ""
                },
                {
                  "key": "licenseTemplateNumber",
                  "value": "{}",
                  "disabled": false,
                  "description": ""
                },
                {
                  "key": "name",
                  "value": "{}",
                  "disabled": false,
                  "description": "Name for the licensed item"
                },
                {
                  "key": "number",
                  "value": "{}",
                  "disabled": false,
                  "description": ""
                },
                {
                  "key": "parentfeature",
                  "value": "{}",
                  "disabled": false,
                  "description": "Mandatory for TIMEVOLUME license type and RENTAL licensing model"
                },
                {
                  "key": "price",
                  "value": "{}",
                  "disabled": false,
                  "description": "Price for the license"
                },
                {
                  "key": "startDate",
                  "value": "{}",
                  "disabled": false,
                  "description": "Mandatory for TIMEVOLUME license type"
                },
                {
                  "key": "timeVolume",
                  "value": "{}",
                  "disabled": false,
                  "description": "Mandatory for TIMEVOLUME license type"
                }
              ]
            },
            "description": "Creates a new license"
          },
          "response": [
            {
              "status": "OK",
              "code": 200,
              "name": "Response_200",
              "id": "0797c0f1-da19-49e4-92b6-f86aa217afd5"
            }
          ]
        },
        {
          "id": "1ebd622e-4242-4310-9e12-5758025542f4",
          "name": "getLicense",
          "request": {
            "url": {
              "protocol": "http",
              "host": "go.netlicensing.io",
              "path": [
                "core",
                "v2",
                "rest",
                "license/:licenseNumber"
              ],
              "variable": [
                {
                  "id": "licenseNumber",
                  "value": "{}",
                  "type": "string"
                }
              ]
            },
            "method": "GET",
            "body": {
              "mode": "raw"
            },
            "description": "Get license by a licenseNumber"
          },
          "response": [
            {
              "status": "OK",
              "code": 200,
              "name": "Response_200",
              "id": "59665fb7-2d41-437f-95c2-8c73096fa5c3"
            }
          ]
        },
        {
          "id": "129f1f31-d052-4bb2-886c-5ffcc6deb5b6",
          "name": "updateLicense",
          "request": {
            "url": {
              "protocol": "http",
              "host": "go.netlicensing.io",
              "path": [
                "core",
                "v2",
                "rest",
                "license/:licenseNumber"
              ],
              "variable": [
                {
                  "id": "licenseNumber",
                  "value": "{}",
                  "type": "string"
                }
              ]
            },
            "method": "POST",
            "body": {
              "mode": "urlencoded",
              "urlencoded": [
                {
                  "key": "active",
                  "value": "{}",
                  "disabled": false,
                  "description": ""
                },
                {
                  "key": "currency",
                  "value": "{}",
                  "disabled": false,
                  "description": "Specifies currency for the license price"
                },
                {
                  "key": "hidden",
                  "value": "{}",
                  "disabled": false,
                  "description": "If set to true, this license is not shown in NetLicensing Shop as purchased license"
                },
                {
                  "key": "name",
                  "value": "{}",
                  "disabled": false,
                  "description": "Name for the licensed item"
                },
                {
                  "key": "number",
                  "value": "{}",
                  "disabled": false,
                  "description": "Unique number (across all products/licensees of a vendor) that identifies the license"
                },
                {
                  "key": "parentfeature",
                  "value": "{}",
                  "disabled": false,
                  "description": ""
                },
                {
                  "key": "price",
                  "value": "{}",
                  "disabled": false,
                  "description": "Price for the license"
                },
                {
                  "key": "startDate",
                  "value": "{}",
                  "disabled": false,
                  "description": "for TIMEVOLUME licenseType"
                },
                {
                  "key": "timeVolume",
                  "value": "{}",
                  "disabled": false,
                  "description": ""
                }
              ]
            },
            "description": "Update license by a licenseNumber"
          },
          "response": [
            {
              "status": "OK",
              "code": 200,
              "name": "Response_200",
              "id": "29270939-5c24-4467-aa25-b3dd40bfa71d"
            }
          ]
        },
        {
          "id": "8cf8ff44-bb50-4d7a-90c5-0be78a51d7bb",
          "name": "deleteLicense",
          "request": {
            "url": {
              "protocol": "http",
              "host": "go.netlicensing.io",
              "path": [
                "core",
                "v2",
                "rest",
                "license/:licenseNumber"
              ],
              "variable": [
                {
                  "id": "licenseNumber",
                  "value": "{}",
                  "type": "string"
                }
              ]
            },
            "method": "DELETE",
            "body": {
              "mode": "raw"
            },
            "description": "Delete license by a licenseNumber"
          },
          "response": [
            {
              "status": "OK",
              "code": 200,
              "name": "Response_200",
              "id": "59e89c6a-8a49-4096-9b58-30160e890b6b"
            }
          ]
        }
      ]
    },
    {
      "name": "Licensee",
      "item": [
        {
          "id": "574ba18f-9211-4fe4-b9e2-d77ac8b2f414",
          "name": "listLicensees",
          "request": {
            "url": "http://go.netlicensing.io/core/v2/rest/licensee",
            "method": "GET",
            "body": {
              "mode": "raw"
            },
            "description": "Return a list of all licensees for the current vendor"
          },
          "response": [
            {
              "status": "OK",
              "code": 200,
              "name": "Response_200",
              "id": "d016f33e-2a1c-4e85-a4f3-2d2b534370dc"
            }
          ]
        },
        {
          "id": "d3d0a837-a1d7-4f38-886b-2b18c4c92337",
          "name": "createLicensee",
          "request": {
            "url": "http://go.netlicensing.io/core/v2/rest/licensee",
            "method": "POST",
            "body": {
              "mode": "urlencoded",
              "urlencoded": [
                {
                  "key": "active",
                  "value": "{}",
                  "disabled": false,
                  "description": "If set to false, the licensee is disabled"
                },
                {
                  "key": "licenseeSecret",
                  "value": "{}",
                  "disabled": false,
                  "description": "Licensee Secret for licensee"
                },
                {
                  "key": "markedForTransfer",
                  "value": "{}",
                  "disabled": false,
                  "description": "Mark licensee for transfer"
                },
                {
                  "key": "name",
                  "value": "{}",
                  "disabled": false,
                  "description": ""
                },
                {
                  "key": "number",
                  "value": "{}",
                  "disabled": false,
                  "description": "Unique number (across all products of a vendor) that identifies the licensee"
                },
                {
                  "key": "productNumber",
                  "value": "{}",
                  "disabled": false,
                  "description": "productNumber to assign new licensee object"
                }
              ]
            },
            "description": "Creates a new licensee"
          },
          "response": [
            {
              "status": "OK",
              "code": 200,
              "name": "Response_200",
              "id": "65a3b63e-db21-4f61-8cb3-ce86e78e8aad"
            }
          ]
        },
        {
          "id": "4c54b78e-4204-45e2-804f-6982feb182fd",
          "name": "getLicensee",
          "request": {
            "url": {
              "protocol": "http",
              "host": "go.netlicensing.io",
              "path": [
                "core",
                "v2",
                "rest",
                "licensee/:licenseeNumber"
              ],
              "variable": [
                {
                  "id": "licenseeNumber",
                  "value": "{}",
                  "type": "string"
                }
              ]
            },
            "method": "GET",
            "body": {
              "mode": "raw"
            },
            "description": "Return a licensee by licenseeNumber"
          },
          "response": [
            {
              "status": "OK",
              "code": 200,
              "name": "Response_200",
              "id": "7ce8ae54-2c6c-44f8-83a5-bbde5fc29743"
            }
          ]
        },
        {
          "id": "77d7f69c-b7ee-4649-8852-ee441b649b2d",
          "name": "updateLicensee",
          "request": {
            "url": {
              "protocol": "http",
              "host": "go.netlicensing.io",
              "path": [
                "core",
                "v2",
                "rest",
                "licensee/:licenseeNumber"
              ],
              "variable": [
                {
                  "id": "licenseeNumber",
                  "value": "{}",
                  "type": "string"
                }
              ]
            },
            "method": "POST",
            "body": {
              "mode": "urlencoded",
              "urlencoded": [
                {
                  "key": "active",
                  "value": "{}",
                  "disabled": false,
                  "description": "If set to false, the licensee is disabled"
                },
                {
                  "key": "licenseeSecret",
                  "value": "{}",
                  "disabled": false,
                  "description": "Licensee Secret for licensee"
                },
                {
                  "key": "markedForTransfer",
                  "value": "{}",
                  "disabled": false,
                  "description": "Mark licensee for transfer"
                },
                {
                  "key": "name",
                  "value": "{}",
                  "disabled": false,
                  "description": ""
                },
                {
                  "key": "number",
                  "value": "{}",
                  "disabled": false,
                  "description": "New licensee number (update)"
                }
              ]
            },
            "description": "Sets the provided properties to a licensee. Return an updated licensee"
          },
          "response": [
            {
              "status": "OK",
              "code": 200,
              "name": "Response_200",
              "id": "417cdbc6-bebb-4aa7-9d7e-5abda5c04eed"
            }
          ]
        },
        {
          "id": "c7d5a169-6673-4a9b-bec0-9fd99b8369e4",
          "name": "deleteLicensee",
          "request": {
            "url": {
              "protocol": "http",
              "host": "go.netlicensing.io",
              "path": [
                "core",
                "v2",
                "rest",
                "licensee/:licenseeNumber"
              ],
              "query": [
                {
                  "key": "forceCascade",
                  "value": "%7B%7D",
                  "disabled": false
                }
              ],
              "variable": [
                {
                  "id": "licenseeNumber",
                  "value": "{}",
                  "type": "string"
                }
              ]
            },
            "method": "DELETE",
            "body": {
              "mode": "raw"
            },
            "description": "Delete a licensee by number"
          },
          "response": [
            {
              "status": "OK",
              "code": 200,
              "name": "Response_200",
              "id": "44d43dc4-70dc-4756-94ec-33d45b94b2e5"
            }
          ]
        },
        {
          "id": "27824874-5a68-4262-aad9-71071064f21f",
          "name": "transferLicenses",
          "request": {
            "url": {
              "protocol": "http",
              "host": "go.netlicensing.io",
              "path": [
                "core",
                "v2",
                "rest",
                "licensee/:licenseeNumber/transfer"
              ],
              "variable": [
                {
                  "id": "licenseeNumber",
                  "value": "{}",
                  "type": "string"
                }
              ]
            },
            "method": "POST",
            "body": {
              "mode": "urlencoded",
              "urlencoded": [
                {
                  "key": "sourceLicenseeNumber",
                  "value": "{}",
                  "disabled": false,
                  "description": "Licensee number which licenses to be transferred"
                }
              ]
            },
            "description": "Licenses transfer between licensees"
          },
          "response": [
            {
              "status": "OK",
              "code": 200,
              "name": "Response_200",
              "id": "9151e5b4-5a3c-4c55-b872-37c5dc72a024"
            }
          ]
        },
        {
          "id": "946ea7d9-cfe2-4394-bd6d-c8db8acea535",
          "name": "validateLicensee",
          "request": {
            "url": {
              "protocol": "http",
              "host": "go.netlicensing.io",
              "path": [
                "core",
                "v2",
                "rest",
                "licensee/:licenseeNumber/validate"
              ],
              "query": [
                {
                  "key": "licenseeName",
                  "value": "%7B%7D",
                  "disabled": false
                },
                {
                  "key": "productNumber",
                  "value": "%7B%7D",
                  "disabled": false
                }
              ],
              "variable": [
                {
                  "id": "licenseeNumber",
                  "value": "{}",
                  "type": "string"
                }
              ]
            },
            "method": "GET",
            "body": {
              "mode": "raw"
            },
            "description": "Validates active licenses of the licensee"
          },
          "response": [
            {
              "status": "OK",
              "code": 200,
              "name": "Response_200",
              "id": "ed604aae-573f-46de-bf48-361bcb72548e"
            }
          ]
        },
        {
          "id": "6b4bf2b7-4047-4e39-bcdd-a3427f48f902",
          "name": "validateLicensee",
          "request": {
            "url": {
              "protocol": "http",
              "host": "go.netlicensing.io",
              "path": [
                "core",
                "v2",
                "rest",
                "licensee/:licenseeNumber/validate"
              ],
              "variable": [
                {
                  "id": "licenseeNumber",
                  "value": "{}",
                  "type": "string"
                }
              ]
            },
            "method": "POST",
            "body": {
              "mode": "urlencoded",
              "urlencoded": [
                {
                  "key": "licenseeName",
                  "value": "{}",
                  "disabled": false,
                  "description": "Human-readable name for the auto-created licensee (will be set as custom Licensee property)"
                },
                {
                  "key": "licenseeSecret",
                  "value": "{}",
                  "disabled": false,
                  "description": "Licensee Secret key for licensee"
                },
                {
                  "key": "productNumber",
                  "value": "{}",
                  "disabled": false,
                  "description": "Product number, must be provided when licensee auto-create is enabled (see also Product JavaDoc)"
                }
              ]
            },
            "description": "Validates active licenses of the licensee"
          },
          "response": [
            {
              "status": "OK",
              "code": 200,
              "name": "Response_200",
              "id": "c59076a0-3240-4b25-b39f-d914dfbdfad8"
            }
          ]
        }
      ]
    },
    {
      "name": "Licensetemplate",
      "item": [
        {
          "id": "fa961555-3ea7-4ff3-8669-7688f866eee6",
          "name": "listLicenseTemplates",
          "request": {
            "url": "http://go.netlicensing.io/core/v2/rest/licensetemplate",
            "method": "GET",
            "body": {
              "mode": "raw"
            },
            "description": "Return a list of all license templates for the current vendor"
          },
          "response": [
            {
              "status": "OK",
              "code": 200,
              "name": "Response_200",
              "id": "bfeb4428-d78c-45ef-8048-acd695fc034b"
            }
          ]
        },
        {
          "id": "da50f8a8-4ea2-41db-b7e4-812da129ea67",
          "name": "createLicenseTemplate",
          "request": {
            "url": "http://go.netlicensing.io/core/v2/rest/licensetemplate",
            "method": "POST",
            "body": {
              "mode": "urlencoded",
              "urlencoded": [
                {
                  "key": "active",
                  "value": "{}",
                  "disabled": false,
                  "description": "If set to false, the license template is disabled"
                },
                {
                  "key": "automatic",
                  "value": "{}",
                  "disabled": false,
                  "description": "If set to true, every new licensee automatically gets one license out of this license template on creation"
                },
                {
                  "key": "currency",
                  "value": "{}",
                  "disabled": false,
                  "description": "specifies currency for the license price"
                },
                {
                  "key": "hidden",
                  "value": "{}",
                  "disabled": false,
                  "description": "If set to true, this license template is not shown in NetLicensing Shop as offered for purchase"
                },
                {
                  "key": "hideLicenses",
                  "value": "{}",
                  "disabled": false,
                  "description": "If set to true, licenses from this license template are not visible to the end customer, but participate in validation"
                },
                {
                  "key": "licenseType",
                  "value": "{}",
                  "disabled": false,
                  "description": "type of licenses created from this license template"
                },
                {
                  "key": "maxSessions",
                  "value": "{}",
                  "disabled": false,
                  "description": "Mandatory for FLOATING license type"
                },
                {
                  "key": "name",
                  "value": "{}",
                  "disabled": false,
                  "description": "license template name to reate license template object"
                },
                {
                  "key": "number",
                  "value": "{}",
                  "disabled": false,
                  "description": "lUnique number (across all products of a vendor) that identifies the license template"
                },
                {
                  "key": "price",
                  "value": "{}",
                  "disabled": false,
                  "description": "price for the license"
                },
                {
                  "key": "productModuleNumber",
                  "value": "{}",
                  "disabled": false,
                  "description": "Number of product module to reate license template object"
                },
                {
                  "key": "timeVolume",
                  "value": "{}",
                  "disabled": false,
                  "description": "Mandatory for TIMEVOLUME license type"
                }
              ]
            },
            "description": "Creates a new license template"
          },
          "response": [
            {
              "status": "OK",
              "code": 200,
              "name": "Response_200",
              "id": "9d7d0b58-f7c5-4a7a-bfdb-e113282d0604"
            }
          ]
        },
        {
          "id": "9c299d15-e424-458c-9b64-d7c728b6e883",
          "name": "getLicenseTemplate",
          "request": {
            "url": {
              "protocol": "http",
              "host": "go.netlicensing.io",
              "path": [
                "core",
                "v2",
                "rest",
                "licensetemplate/:licenseTemplateNumber"
              ],
              "variable": [
                {
                  "id": "licenseTemplateNumber",
                  "value": "{}",
                  "type": "string"
                }
              ]
            },
            "method": "GET",
            "body": {
              "mode": "raw"
            },
            "description": "Return a license template by licenseTemplateNumber"
          },
          "response": [
            {
              "status": "OK",
              "code": 200,
              "name": "Response_200",
              "id": "2f439b7d-6e6e-40bd-b36f-797d58405f25"
            }
          ]
        },
        {
          "id": "1cc0d799-1bdb-42f9-805d-e7b44af27831",
          "name": "updateLicenseTemplate",
          "request": {
            "url": {
              "protocol": "http",
              "host": "go.netlicensing.io",
              "path": [
                "core",
                "v2",
                "rest",
                "licensetemplate/:licenseTemplateNumber"
              ],
              "variable": [
                {
                  "id": "licenseTemplateNumber",
                  "value": "{}",
                  "type": "string"
                }
              ]
            },
            "method": "POST",
            "body": {
              "mode": "urlencoded",
              "urlencoded": [
                {
                  "key": "active",
                  "value": "{}",
                  "disabled": false,
                  "description": "If set to false, the license template is disabled"
                },
                {
                  "key": "automatic",
                  "value": "{}",
                  "disabled": false,
                  "description": "If set to true, every new licensee automatically gets one license out of this license template on creation"
                },
                {
                  "key": "currency",
                  "value": "{}",
                  "disabled": false,
                  "description": "Specifies currency for the license price"
                },
                {
                  "key": "hidden",
                  "value": "{}",
                  "disabled": false,
                  "description": "If set to true, this license template is not shown in NetLicensing Shop as offered for purchase"
                },
                {
                  "key": "hideLicenses",
                  "value": "{}",
                  "disabled": false,
                  "description": "If set to true, licenses from this license template are not visible to the end customer, but participate in validation"
                },
                {
                  "key": "licenseType",
                  "value": "{}",
                  "disabled": false,
                  "description": "type of licenses created from this license template"
                },
                {
                  "key": "maxSessions",
                  "value": "{}",
                  "disabled": false,
                  "description": "Mandatory for FLOATING license type"
                },
                {
                  "key": "name",
                  "value": "{}",
                  "disabled": false,
                  "description": "Name for the licensed item"
                },
                {
                  "key": "number",
                  "value": "{}",
                  "disabled": false,
                  "description": "New license template number (update)"
                },
                {
                  "key": "price",
                  "value": "{}",
                  "disabled": false,
                  "description": "Price for the license"
                },
                {
                  "key": "timeVolume",
                  "value": "{}",
                  "disabled": false,
                  "description": "Mandatory for TIMEVOLUME license type"
                }
              ]
            },
            "description": "Sets the provided properties to a license template. Return an updated license template"
          },
          "response": [
            {
              "status": "OK",
              "code": 200,
              "name": "Response_200",
              "id": "e0a60e70-6852-47f8-a5fe-3bf53f4954ea"
            }
          ]
        },
        {
          "id": "f426d88f-1d93-478d-82dc-5dd6f3147adf",
          "name": "deleteLicenseTemplate",
          "request": {
            "url": {
              "protocol": "http",
              "host": "go.netlicensing.io",
              "path": [
                "core",
                "v2",
                "rest",
                "licensetemplate/:licenseTemplateNumber"
              ],
              "query": [
                {
                  "key": "forceCascade",
                  "value": "%7B%7D",
                  "disabled": false
                }
              ],
              "variable": [
                {
                  "id": "licenseTemplateNumber",
                  "value": "{}",
                  "type": "string"
                }
              ]
            },
            "method": "DELETE",
            "body": {
              "mode": "raw"
            },
            "description": "Delete a license template by number."
          },
          "response": [
            {
              "status": "OK",
              "code": 200,
              "name": "Response_200",
              "id": "2c4799c4-2a0e-4806-b9a6-52bd01404020"
            }
          ]
        }
      ]
    },
    {
      "name": "Paymentmethod",
      "item": [
        {
          "id": "3c7d655c-ac27-4154-96a4-b49caeebd3ee",
          "name": "listPaymentMethods",
          "request": {
            "url": "http://go.netlicensing.io/core/v2/rest/paymentmethod",
            "method": "GET",
            "body": {
              "mode": "raw"
            },
            "description": "Return a list of all payment methods for the current vendor"
          },
          "response": [
            {
              "status": "OK",
              "code": 200,
              "name": "Response_200",
              "id": "6c3797c1-121a-4b7c-b01b-c398f2d04276"
            }
          ]
        },
        {
          "id": "c8c7b78b-d3c4-4a14-8d15-c73f1a9b3d5b",
          "name": "getPaymentMethod",
          "request": {
            "url": {
              "protocol": "http",
              "host": "go.netlicensing.io",
              "path": [
                "core",
                "v2",
                "rest",
                "paymentmethod/:paymentMethodNumber"
              ],
              "variable": [
                {
                  "id": "paymentMethodNumber",
                  "value": "{}",
                  "type": "string"
                }
              ]
            },
            "method": "GET",
            "body": {
              "mode": "raw"
            },
            "description": "Return a payment method info by paymentMethodNumber"
          },
          "response": [
            {
              "status": "OK",
              "code": 200,
              "name": "Response_200",
              "id": "7584ba45-f56a-4cd9-951f-ac2c3dae21c6"
            }
          ]
        },
        {
          "id": "49dd6b60-6bbc-468a-bb2b-12c9b7960676",
          "name": "updatePaymentMethod",
          "request": {
            "url": {
              "protocol": "http",
              "host": "go.netlicensing.io",
              "path": [
                "core",
                "v2",
                "rest",
                "paymentmethod/:paymentMethodNumber"
              ],
              "variable": [
                {
                  "id": "paymentMethodNumber",
                  "value": "{}",
                  "type": "string"
                }
              ]
            },
            "method": "POST",
            "body": {
              "mode": "urlencoded",
              "urlencoded": [
                {
                  "key": "active",
                  "value": "{}",
                  "disabled": false,
                  "description": "If set to false, the payment method is disabled"
                },
                {
                  "key": "paypal.subject",
                  "value": "{}",
                  "disabled": false,
                  "description": "The e-mail address of the PayPal account for which you are making the API calls"
                }
              ]
            },
            "description": "Sets the provided properties to a payment method. Return an updated payment method"
          },
          "response": [
            {
              "status": "OK",
              "code": 200,
              "name": "Response_200",
              "id": "c1c7cab4-a1a3-4291-ba7c-133d1e4f5571"
            }
          ]
        }
      ]
    },
    {
      "name": "Product",
      "item": [
        {
          "id": "3783f6ed-9c7e-4ff3-b7b2-d8a908512572",
          "name": "listProducts",
          "request": {
            "url": "http://go.netlicensing.io/core/v2/rest/product",
            "method": "GET",
            "body": {
              "mode": "raw"
            },
            "description": "Return a list of all configured products for the current vendor"
          },
          "response": [
            {
              "status": "OK",
              "code": 200,
              "name": "Response_200",
              "id": "306948e5-d1fa-4a3e-a27f-cf9d97ebd325"
            }
          ]
        },
        {
          "id": "7b2237bd-d30d-4ce3-a8c0-a60072c3108e",
          "name": "createProduct",
          "request": {
            "url": "http://go.netlicensing.io/core/v2/rest/product",
            "method": "POST",
            "body": {
              "mode": "urlencoded",
              "urlencoded": [
                {
                  "key": "active",
                  "value": "{}",
                  "disabled": false,
                  "description": "If set to false, the product is disabled"
                },
                {
                  "key": "description",
                  "value": "{}",
                  "disabled": false,
                  "description": "Product description"
                },
                {
                  "key": "licenseeAutoCreate",
                  "value": "{}",
                  "disabled": false,
                  "description": "If set to true, non-existing licensees will be created at first validation attempt"
                },
                {
                  "key": "licenseeSecretMode",
                  "value": "{}",
                  "disabled": false,
                  "description": "Licensee secret mode for product"
                },
                {
                  "key": "licensingInfo",
                  "value": "{}",
                  "disabled": false,
                  "description": "Licensing information"
                },
                {
                  "key": "name",
                  "value": "{}",
                  "disabled": false,
                  "description": "Product name"
                },
                {
                  "key": "number",
                  "value": "{}",
                  "disabled": false,
                  "description": "Unique number that identifies the product"
                },
                {
                  "key": "vatMode",
                  "value": "{}",
                  "disabled": false,
                  "description": "Vat mode for product"
                },
                {
                  "key": "version",
                  "value": "{}",
                  "disabled": false,
                  "description": "Product version"
                }
              ]
            },
            "description": "Creates a new product"
          },
          "response": [
            {
              "status": "OK",
              "code": 200,
              "name": "Response_200",
              "id": "99da8b54-a1a7-4f4b-ba95-fa337ec28bae"
            }
          ]
        },
        {
          "id": "1c3365fe-a902-4d8e-a664-66f4c0bce0f6",
          "name": "productNumber",
          "request": {
            "url": {
              "protocol": "http",
              "host": "go.netlicensing.io",
              "path": [
                "core",
                "v2",
                "rest",
                "product/:productNumber"
              ],
              "variable": [
                {
                  "id": "productNumber",
                  "value": "{}",
                  "type": "string"
                }
              ]
            },
            "method": "GET",
            "body": {
              "mode": "raw"
            },
            "description": "Return a product by productNumber"
          },
          "response": [
            {
              "status": "OK",
              "code": 200,
              "name": "Response_200",
              "id": "4e92f9cd-5d66-44aa-b84f-727484f0ed6c"
            }
          ]
        },
        {
          "id": "891381f9-340c-4939-a7f1-a94def9d078f",
          "name": "updateProduct",
          "request": {
            "url": {
              "protocol": "http",
              "host": "go.netlicensing.io",
              "path": [
                "core",
                "v2",
                "rest",
                "product/:productNumber"
              ],
              "variable": [
                {
                  "id": "productNumber",
                  "value": "{}",
                  "type": "string"
                }
              ]
            },
            "method": "POST",
            "body": {
              "mode": "urlencoded",
              "urlencoded": [
                {
                  "key": "active",
                  "value": "{}",
                  "disabled": false,
                  "description": "If set to false, the product is disabled"
                },
                {
                  "key": "description",
                  "value": "{}",
                  "disabled": false,
                  "description": "Product description"
                },
                {
                  "key": "licenseeAutoCreate",
                  "value": "{}",
                  "disabled": false,
                  "description": "If set to true, non-existing licensees will be created at first validation attempt"
                },
                {
                  "key": "licenseeSecretMode",
                  "value": "{}",
                  "disabled": false,
                  "description": "Licensee secret mode for product"
                },
                {
                  "key": "licensingInfo",
                  "value": "{}",
                  "disabled": false,
                  "description": "Licensing information"
                },
                {
                  "key": "name",
                  "value": "{}",
                  "disabled": false,
                  "description": "Product name"
                },
                {
                  "key": "number",
                  "value": "{}",
                  "disabled": false,
                  "description": "New product number (update)"
                },
                {
                  "key": "vatMode",
                  "value": "{}",
                  "disabled": false,
                  "description": "Vat mode for product"
                },
                {
                  "key": "version",
                  "value": "{}",
                  "disabled": false,
                  "description": "Product version"
                }
              ]
            },
            "description": "Sets the provided properties to a product. Return an updated product"
          },
          "response": [
            {
              "status": "OK",
              "code": 200,
              "name": "Response_200",
              "id": "0f18660b-2d72-47f5-a564-ecfdc5997658"
            }
          ]
        },
        {
          "id": "765dd013-f60f-48e9-9f9b-ca7a9f6d9772",
          "name": "deleteProduct",
          "request": {
            "url": {
              "protocol": "http",
              "host": "go.netlicensing.io",
              "path": [
                "core",
                "v2",
                "rest",
                "product/:productNumber"
              ],
              "query": [
                {
                  "key": "forceCascade",
                  "value": "%7B%7D",
                  "disabled": false
                }
              ],
              "variable": [
                {
                  "id": "productNumber",
                  "value": "{}",
                  "type": "string"
                }
              ]
            },
            "method": "DELETE",
            "body": {
              "mode": "raw"
            },
            "description": "Delete a product by number"
          },
          "response": [
            {
              "status": "OK",
              "code": 200,
              "name": "Response_200",
              "id": "b7ca6cd9-3e43-41f5-a069-cf8eee93fe19"
            }
          ]
        }
      ]
    },
    {
      "name": "Productmodule",
      "item": [
        {
          "id": "e2920138-e94d-4b60-b4d4-e22247d75496",
          "name": "listProductModules",
          "request": {
            "url": "http://go.netlicensing.io/core/v2/rest/productmodule",
            "method": "GET",
            "body": {
              "mode": "raw"
            },
            "description": "Return a list of all product modules for the current vendor"
          },
          "response": [
            {
              "status": "OK",
              "code": 200,
              "name": "Response_200",
              "id": "62859ca7-d10e-438f-83ea-4930a39bad35"
            }
          ]
        },
        {
          "id": "6785290f-cc78-49e1-a58b-170ccfc69425",
          "name": "createProductModule",
          "request": {
            "url": "http://go.netlicensing.io/core/v2/rest/productmodule",
            "method": "POST",
            "body": {
              "mode": "urlencoded",
              "urlencoded": [
                {
                  "key": "active",
                  "value": "{}",
                  "disabled": false,
                  "description": "If set to false, the product module is disabled"
                },
                {
                  "key": "licenseTemplate",
                  "value": "{}",
                  "disabled": false,
                  "description": "License template"
                },
                {
                  "key": "licensingModel",
                  "value": "{}",
                  "disabled": false,
                  "description": "Licensing model applied to this product module"
                },
                {
                  "key": "maxCheckoutValidity",
                  "value": "{}",
                  "disabled": false,
                  "description": "Maximum checkout validity (days)"
                },
                {
                  "key": "name",
                  "value": "{}",
                  "disabled": false,
                  "description": "Product module name that is visible to the end customers in NetLicensing Shop"
                },
                {
                  "key": "number",
                  "value": "{}",
                  "disabled": false,
                  "description": "Unique number (across all products of a vendor) that identifies the product module"
                },
                {
                  "key": "productNumber",
                  "value": "{}",
                  "disabled": false,
                  "description": "Unique number (across all products of a vendor) that identifies the product module"
                },
                {
                  "key": "redThreshold",
                  "value": "{}",
                  "disabled": false,
                  "description": "Remaining time volume for red level"
                },
                {
                  "key": "yellowThreshold",
                  "value": "{}",
                  "disabled": false,
                  "description": "Remaining time volume for yellow level"
                }
              ]
            },
            "description": "Creates a new product module"
          },
          "response": [
            {
              "status": "OK",
              "code": 200,
              "name": "Response_200",
              "id": "336af7d7-26f7-429c-872e-f461c46b510d"
            }
          ]
        },
        {
          "id": "bc1e0862-190e-450f-9d04-79b911f414a7",
          "name": "getProductModule",
          "request": {
            "url": {
              "protocol": "http",
              "host": "go.netlicensing.io",
              "path": [
                "core",
                "v2",
                "rest",
                "productmodule/:productModuleNumber"
              ],
              "variable": [
                {
                  "id": "productModuleNumber",
                  "value": "{}",
                  "type": "string"
                }
              ]
            },
            "method": "GET",
            "body": {
              "mode": "raw"
            },
            "description": "Return a product module by productModuleNumber"
          },
          "response": [
            {
              "status": "OK",
              "code": 200,
              "name": "Response_200",
              "id": "2282f410-c757-4d71-a6a6-ca18bb25031e"
            }
          ]
        },
        {
          "id": "078bf990-188f-4060-b87d-787f52a4d1f6",
          "name": "updateProductModule",
          "request": {
            "url": {
              "protocol": "http",
              "host": "go.netlicensing.io",
              "path": [
                "core",
                "v2",
                "rest",
                "productmodule/:productModuleNumber"
              ],
              "variable": [
                {
                  "id": "productModuleNumber",
                  "value": "{}",
                  "type": "string"
                }
              ]
            },
            "method": "POST",
            "body": {
              "mode": "urlencoded",
              "urlencoded": [
                {
                  "key": "active",
                  "value": "{}",
                  "disabled": false,
                  "description": "If set to false, the product module is disabled"
                },
                {
                  "key": "licenseTemplate",
                  "value": "{}",
                  "disabled": false,
                  "description": "License template"
                },
                {
                  "key": "licensingModel",
                  "value": "{}",
                  "disabled": false,
                  "description": "Licensing model applied to this product module"
                },
                {
                  "key": "maxCheckoutValidity",
                  "value": "{}",
                  "disabled": false,
                  "description": "Maximum checkout validity (days)"
                },
                {
                  "key": "name",
                  "value": "{}",
                  "disabled": false,
                  "description": "Product module name that is visible to the end customers in NetLicensing Shop"
                },
                {
                  "key": "number",
                  "value": "{}",
                  "disabled": false,
                  "description": "New product module number (update)"
                },
                {
                  "key": "redThreshold",
                  "value": "{}",
                  "disabled": false,
                  "description": "Remaining time volume for red level"
                },
                {
                  "key": "yellowThreshold",
                  "value": "{}",
                  "disabled": false,
                  "description": "Remaining time volume for yellow level"
                }
              ]
            },
            "description": "Sets the provided properties to a product module. Return an updated product module"
          },
          "response": [
            {
              "status": "OK",
              "code": 200,
              "name": "Response_200",
              "id": "9592d3cc-2f0f-4ab8-b03a-98c1b9402e7c"
            }
          ]
        },
        {
          "id": "8f88f7f5-1c0d-4bf9-8a67-7a22635ed2b1",
          "name": "deleteProductModule",
          "request": {
            "url": {
              "protocol": "http",
              "host": "go.netlicensing.io",
              "path": [
                "core",
                "v2",
                "rest",
                "productmodule/:productModuleNumber"
              ],
              "query": [
                {
                  "key": "forceCascade",
                  "value": "%7B%7D",
                  "disabled": false
                }
              ],
              "variable": [
                {
                  "id": "productModuleNumber",
                  "value": "{}",
                  "type": "string"
                }
              ]
            },
            "method": "DELETE",
            "body": {
              "mode": "raw"
            },
            "description": "Delete a product module by number"
          },
          "response": [
            {
              "status": "OK",
              "code": 200,
              "name": "Response_200",
              "id": "060c4303-0203-4723-b2e9-5d87f14fbc1a"
            }
          ]
        }
      ]
    },
    {
      "name": "Token",
      "item": [
        {
          "id": "2bc5adaf-031b-4e96-b42c-0ea336ef946c",
          "name": "listTokens",
          "request": {
            "url": "http://go.netlicensing.io/core/v2/rest/token",
            "method": "GET",
            "body": {
              "mode": "raw"
            },
            "description": "Return a list of all tokens for the current vendor"
          },
          "response": [
            {
              "status": "OK",
              "code": 200,
              "name": "Response_200",
              "id": "3a5493a0-5c85-4232-83ed-96374712617e"
            }
          ]
        },
        {
          "id": "463f50cb-4c84-40c1-931f-054789828d0e",
          "name": "createToken",
          "request": {
            "url": "http://go.netlicensing.io/core/v2/rest/token",
            "method": "POST",
            "body": {
              "mode": "urlencoded",
              "urlencoded": [
                {
                  "key": "cancelURL",
                  "value": "{}",
                  "disabled": false,
                  "description": "for tokenType=SHOP only; take customers to this URL when they cancel their checkout"
                },
                {
                  "key": "cancelURLTitle",
                  "value": "{}",
                  "disabled": false,
                  "description": "for tokenType=SHOP only; shop link title for cancel checkout process"
                },
                {
                  "key": "licenseeNumber",
                  "value": "{}",
                  "disabled": false,
                  "description": "for tokenType=SHOP only (mandatory); identifies licensee that will be assigned to the shop token"
                },
                {
                  "key": "successURL",
                  "value": "{}",
                  "disabled": false,
                  "description": "for tokenType=SHOP only; take customers to this URL when they finish checkout"
                },
                {
                  "key": "successURLTitle",
                  "value": "{}",
                  "disabled": false,
                  "description": "for tokenType=SHOP only; shop link title for successful checkout process"
                },
                {
                  "key": "tokenType",
                  "value": "{}",
                  "disabled": false,
                  "description": "Token type to be generated"
                }
              ]
            },
            "description": "Create token by tokenType and additional token parameters"
          },
          "response": [
            {
              "status": "OK",
              "code": 200,
              "name": "Response_200",
              "id": "310e1f36-f981-4f20-a694-131e1a248e2c"
            }
          ]
        },
        {
          "id": "a60b2ad0-0c46-4436-bba3-6ca78debb1d4",
          "name": "getToken",
          "request": {
            "url": {
              "protocol": "http",
              "host": "go.netlicensing.io",
              "path": [
                "core",
                "v2",
                "rest",
                "token/:tokenNumber"
              ],
              "variable": [
                {
                  "id": "tokenNumber",
                  "value": "{}",
                  "type": "string"
                }
              ]
            },
            "method": "GET",
            "body": {
              "mode": "raw"
            },
            "description": "Return a token by tokenNumber"
          },
          "response": [
            {
              "status": "OK",
              "code": 200,
              "name": "Response_200",
              "id": "f5798ba4-4bf8-4aaf-bae3-6ec6d8728016"
            }
          ]
        },
        {
          "id": "42fa5c35-dc13-43ff-945e-f1d0d22cf8a6",
          "name": "deleteToken",
          "request": {
            "url": {
              "protocol": "http",
              "host": "go.netlicensing.io",
              "path": [
                "core",
                "v2",
                "rest",
                "token/:tokenNumber"
              ],
              "variable": [
                {
                  "id": "tokenNumber",
                  "value": "{}",
                  "type": "string"
                }
              ]
            },
            "method": "DELETE",
            "body": {
              "mode": "raw"
            },
            "description": "Delete a token by number"
          },
          "response": [
            {
              "status": "OK",
              "code": 200,
              "name": "Response_200",
              "id": "87c9ea09-cfa2-48ef-b411-3fc9f25d5f30"
            }
          ]
        }
      ]
    },
    {
      "name": "Transaction",
      "item": [
        {
          "id": "af6f171b-4412-476c-acbd-2fd6681e42bd",
          "name": "listTransactions",
          "request": {
            "url": "http://go.netlicensing.io/core/v2/rest/transaction",
            "method": "GET",
            "body": {
              "mode": "raw"
            },
            "description": "Return a list of all transactions for the current vendor"
          },
          "response": [
            {
              "status": "OK",
              "code": 200,
              "name": "Response_200",
              "id": "c281bc5a-8719-4a61-b625-ea10f5eeece6"
            }
          ]
        },
        {
          "id": "63e88485-929f-4ef0-9d83-710801fab0b5",
          "name": "createTransaction",
          "request": {
            "url": "http://go.netlicensing.io/core/v2/rest/transaction",
            "method": "POST",
            "body": {
              "mode": "urlencoded",
              "urlencoded": [
                {
                  "key": "active",
                  "value": "{}",
                  "disabled": false,
                  "description": "always true for transactions"
                },
                {
                  "key": "dateClosed",
                  "value": "{}",
                  "disabled": false,
                  "description": ""
                },
                {
                  "key": "dateCreated",
                  "value": "{}",
                  "disabled": false,
                  "description": ""
                },
                {
                  "key": "licenseeNumber",
                  "value": "{}",
                  "disabled": false,
                  "description": ""
                },
                {
                  "key": "number",
                  "value": "{}",
                  "disabled": false,
                  "description": "Unique number (across all products of a vendor) that identifies the transaction"
                },
                {
                  "key": "paymentMethod",
                  "value": "{}",
                  "disabled": false,
                  "description": ""
                },
                {
                  "key": "source",
                  "value": "{}",
                  "disabled": false,
                  "description": "AUTO transaction for internal use only"
                },
                {
                  "key": "status",
                  "value": "{}",
                  "disabled": false,
                  "description": ""
                }
              ]
            },
            "description": "Creates a new transaction"
          },
          "response": [
            {
              "status": "OK",
              "code": 200,
              "name": "Response_200",
              "id": "aac6c1f3-5948-4f6c-bf3a-6eaf97351567"
            }
          ]
        },
        {
          "id": "f4847e00-99dd-4911-bb0b-cef67c3adaf6",
          "name": "getTransaction",
          "request": {
            "url": {
              "protocol": "http",
              "host": "go.netlicensing.io",
              "path": [
                "core",
                "v2",
                "rest",
                "transaction/:transactionNumber"
              ],
              "variable": [
                {
                  "id": "transactionNumber",
                  "value": "{}",
                  "type": "string"
                }
              ]
            },
            "method": "GET",
            "body": {
              "mode": "raw"
            },
            "description": "Return a transaction by transactionNumber"
          },
          "response": [
            {
              "status": "OK",
              "code": 200,
              "name": "Response_200",
              "id": "4ae7591a-d336-4a17-971c-8577c13d3cc5"
            }
          ]
        },
        {
          "id": "67cf2774-1936-4fcc-adf2-67d98fbb3265",
          "name": "updateTransaction",
          "request": {
            "url": {
              "protocol": "http",
              "host": "go.netlicensing.io",
              "path": [
                "core",
                "v2",
                "rest",
                "transaction/:transactionNumber"
              ],
              "variable": [
                {
                  "id": "transactionNumber",
                  "value": "{}",
                  "type": "string"
                }
              ]
            },
            "method": "POST",
            "body": {
              "mode": "urlencoded",
              "urlencoded": [
                {
                  "key": "active",
                  "value": "{}",
                  "disabled": false,
                  "description": "always true for transactions"
                },
                {
                  "key": "dateClosed",
                  "value": "{}",
                  "disabled": false,
                  "description": ""
                },
                {
                  "key": "dateCreated",
                  "value": "{}",
                  "disabled": false,
                  "description": ""
                },
                {
                  "key": "number",
                  "value": "{}",
                  "disabled": false,
                  "description": "Unique number (across all products of a vendor) that identifies the transaction"
                },
                {
                  "key": "paymentMethod",
                  "value": "{}",
                  "disabled": false,
                  "description": ""
                },
                {
                  "key": "source",
                  "value": "{}",
                  "disabled": false,
                  "description": "AUTO transaction for internal use only"
                },
                {
                  "key": "status",
                  "value": "{}",
                  "disabled": false,
                  "description": ""
                }
              ]
            },
            "description": "Sets the provided properties to a transaction. Return an updated transaction"
          },
          "response": [
            {
              "status": "OK",
              "code": 200,
              "name": "Response_200",
              "id": "dd548e68-601c-4c9d-bfe4-af07c533fb44"
            }
          ]
        }
      ]
    },
    {
      "name": "Utility",
      "item": [
        {
          "id": "2713f130-e196-4542-a717-469af7b918c2",
          "name": "licenseTypes",
          "request": {
            "url": "http://go.netlicensing.io/core/v2/rest/utility/licenseTypes",
            "method": "GET",
            "body": {
              "mode": "raw"
            },
            "description": "Return a list of all license types supported by the service"
          },
          "response": [
            {
              "status": "OK",
              "code": 200,
              "name": "Response_200",
              "id": "18865c70-3ffa-4e4d-a0f7-2a4e306027d3"
            }
          ]
        },
        {
          "id": "19a705d5-27da-482a-99d5-0e9c96bdad36",
          "name": "licensingModels",
          "request": {
            "url": "http://go.netlicensing.io/core/v2/rest/utility/licensingModels",
            "method": "GET",
            "body": {
              "mode": "raw"
            },
            "description": "Return a list of all licensing models supported by the service"
          },
          "response": [
            {
              "status": "OK",
              "code": 200,
              "name": "Response_200",
              "id": "5cce6505-f766-4154-9c8c-1fc0f933a904"
            }
          ]
        }
      ]
    }
  ]
}