{
  "info": {
    "name": "Yelp Get Transactions Delivery Search",
    "_postman_id": "8775c18c-e424-4516-ae43-282f8753f0ee",
    "description": "Get transactions delivery search.",
    "schema": "https://schema.getpostman.com/json/collection/v2.0.0/"
  },
  "item": [
    {
      "name": "Transactions",
      "item": [
        {
          "id": "2afb8157-46a8-4d62-ae45-3770473d2838",
          "name": "getTransactionsDeliverySearch",
          "request": {
            "url": "http://api.yelp.com/v3/transactions/delivery/search?No Name=%7B%7D",
            "method": "GET",
            "header": [
              {
                "key": "Accept",
                "value": "*/*",
                "disabled": false
              }
            ],
            "body": {
              "mode": "raw"
            },
            "description": "Get transactions delivery search."
          },
          "response": [
            {
              "status": "OK",
              "code": 200,
              "name": "Response_200",
              "id": "1be01a0a-5f5d-4f36-84a6-8d4c4a48855c"
            }
          ]
        }
      ]
    }
  ]
}