{
  "info": {
    "name": "BC Laws A listing of metadata available for the specified aspect and search term from the BCLaws legislative repository",
    "_postman_id": "4eebd500-2bea-4053-8144-5ece154a5e85",
    "description": "A listing of metadata available for the specified aspect and search term from the BCLaws legislative repository",
    "schema": "https://schema.getpostman.com/json/collection/v2.0.0/"
  },
  "item": [
    {
      "name": "Content",
      "item": [
        {
          "id": "e5c04431-f12a-45fe-808c-41eac40f2d00",
          "name": "getContentAspect",
          "request": {
            "url": {
              "protocol": "http",
              "host": "www.bclaws.ca",
              "path": [
                "civix",
                "content/:aspectId"
              ],
              "variable": [
                {
                  "id": "aspectId",
                  "value": "{}",
                  "type": "string"
                }
              ]
            },
            "method": "GET",
            "body": {
              "mode": "raw"
            },
            "description": "Describes the documents and directories available within a specific 'aspect' (content group) of the BCLaws library"
          },
          "response": [
            {
              "status": "OK",
              "code": 200,
              "name": "Response_200",
              "id": "6302e0d1-b661-4338-bfd7-b68727da4975"
            }
          ]
        },
        {
          "id": "38ba01cf-69b4-4a6f-a81b-f3b43fd8e289",
          "name": "getContentAspectCivixdocument",
          "request": {
            "url": {
              "protocol": "http",
              "host": "www.bclaws.ca",
              "path": [
                "civix",
                "content/:aspectId/:civixDocumentId"
              ],
              "variable": [
                {
                  "id": "aspectId",
                  "value": "{}",
                  "type": "string"
                },
                {
                  "id": "civixDocumentId",
                  "value": "{}",
                  "type": "string"
                }
              ]
            },
            "method": "GET",
            "body": {
              "mode": "raw"
            },
            "description": "Lists the metadata available for the specified index or directory from the BCLaws legislative respository"
          },
          "response": [
            {
              "status": "OK",
              "code": 200,
              "name": "Response_200",
              "id": "94b7fdbb-c078-41c2-a1bf-f8a7b67cb2b5"
            }
          ]
        }
      ]
    },
    {
      "name": "Document",
      "item": [
        {
          "id": "cd81d35c-2d0c-4425-a595-df3b9d126ef3",
          "name": "getDocumentAspectCivixindexCivixdocument",
          "request": {
            "url": {
              "protocol": "http",
              "host": "www.bclaws.ca",
              "path": [
                "civix",
                "document/id/:aspectId/:civixIndexId/:civixDocumentId"
              ],
              "variable": [
                {
                  "id": "aspectId",
                  "value": "{}",
                  "type": "string"
                },
                {
                  "id": "civixDocumentId",
                  "value": "{}",
                  "type": "string"
                },
                {
                  "id": "civixIndexId",
                  "value": "{}",
                  "type": "string"
                }
              ]
            },
            "method": "GET",
            "body": {
              "mode": "raw"
            },
            "description": "The /document API allows you to retrieve actual documents from the BCLaws legislative repository. To retrieve a document from the repository you need the aspect identifier and two other specific pieces of information about the document: the index identifier and the document identifier. These unique identifiers can be retrieved from the /content API."
          },
          "response": [
            {
              "status": "OK",
              "code": 200,
              "name": "Response_200",
              "id": "334b464d-0d84-4a4c-bcc6-736b994a7ed0"
            }
          ]
        },
        {
          "id": "76a4760b-f6aa-4e67-8fd0-ccb195d73c35",
          "name": "getDocumentAspectCivixindexCivixdocumentSearchSearchstring",
          "request": {
            "url": {
              "protocol": "http",
              "host": "www.bclaws.ca",
              "path": [
                "civix",
                "document/id/:aspectId/:civixIndexId/:civixDocumentId/search/:searchString"
              ],
              "variable": [
                {
                  "id": "aspectId",
                  "value": "{}",
                  "type": "string"
                },
                {
                  "id": "civixDocumentId",
                  "value": "{}",
                  "type": "string"
                },
                {
                  "id": "civixIndexId",
                  "value": "{}",
                  "type": "string"
                },
                {
                  "id": "searchString",
                  "value": "{}",
                  "type": "string"
                }
              ]
            },
            "method": "GET",
            "body": {
              "mode": "raw"
            },
            "description": "The /document API allows you to retrieve actual documents from the BCLaws legislative repository. To retrieve a document from the repository you need the aspect identifier and two other specific pieces of information about the document: the index identifier and the document identifier. These unique identifiers can be retrieved from the /content API."
          },
          "response": [
            {
              "status": "OK",
              "code": 200,
              "name": "Response_200",
              "id": "9b08e29f-efc6-4f6e-8f82-10f2a44b9302"
            }
          ]
        },
        {
          "id": "e88f4b23-c39f-4222-bb27-531cd80b38fa",
          "name": "getDocumentAspectCivixindexCivixdocumentXml",
          "request": {
            "url": {
              "protocol": "http",
              "host": "www.bclaws.ca",
              "path": [
                "civix",
                "document/id/:aspectId/:civixIndexId/:civixDocumentId/xml"
              ],
              "variable": [
                {
                  "id": "aspectId",
                  "value": "{}",
                  "type": "string"
                },
                {
                  "id": "civixDocumentId",
                  "value": "{}",
                  "type": "string"
                },
                {
                  "id": "civixIndexId",
                  "value": "{}",
                  "type": "string"
                }
              ]
            },
            "method": "GET",
            "body": {
              "mode": "raw"
            },
            "description": "The /document API allows you to retrieve actual documents from the BCLaws legislative repository. To retrieve a document from the repository you need the aspect identifier and two other specific pieces of information about the document: the index identifier and the document identifier. These unique identifiers can be retrieved from the /content API."
          },
          "response": [
            {
              "status": "OK",
              "code": 200,
              "name": "Response_200",
              "id": "63cd8190-25c4-4482-a921-2f5789315332"
            }
          ]
        },
        {
          "id": "b9e91d84-53f9-479f-ab3f-45f5d5eba954",
          "name": "getDocumentAspectCivixindexCivixdocumentXmlSearchSearchstring",
          "request": {
            "url": {
              "protocol": "http",
              "host": "www.bclaws.ca",
              "path": [
                "civix",
                "document/id/:aspectId/:civixIndexId/:civixDocumentId/xml/search/:searchString"
              ],
              "variable": [
                {
                  "id": "aspectId",
                  "value": "{}",
                  "type": "string"
                },
                {
                  "id": "civixDocumentId",
                  "value": "{}",
                  "type": "string"
                },
                {
                  "id": "civixIndexId",
                  "value": "{}",
                  "type": "string"
                },
                {
                  "id": "searchString",
                  "value": "{}",
                  "type": "string"
                }
              ]
            },
            "method": "GET",
            "body": {
              "mode": "raw"
            },
            "description": "The /document API allows you to retrieve actual documents from the BCLaws legislative repository. To retrieve a document from the repository you need the aspect identifier and two other specific pieces of information about the document: the index identifier and the document identifier. These unique identifiers can be retrieved from the /content API."
          },
          "response": [
            {
              "status": "OK",
              "code": 200,
              "name": "Response_200",
              "id": "421b0cbc-06e7-4927-9f4b-359f279f30b9"
            }
          ]
        }
      ]
    },
    {
      "name": "Search",
      "item": [
        {
          "id": "acce1f89-d8c9-4e69-9035-5c7ebc9603d3",
          "name": "getSearchAspectFullsearch",
          "request": {
            "url": {
              "protocol": "http",
              "host": "www.bclaws.ca",
              "path": [
                "civix",
                "search/:aspectId/fullsearch"
              ],
              "query": [
                {
                  "key": "e",
                  "value": "%7B%7D",
                  "disabled": false
                },
                {
                  "key": "lFrag",
                  "value": "%7B%7D",
                  "disabled": false
                },
                {
                  "key": "nFrag",
                  "value": "%7B%7D",
                  "disabled": false
                },
                {
                  "key": "q",
                  "value": "%7B%7D",
                  "disabled": false
                },
                {
                  "key": "s",
                  "value": "%7B%7D",
                  "disabled": false
                }
              ],
              "variable": [
                {
                  "id": "aspectId",
                  "value": "{}",
                  "type": "string"
                }
              ]
            },
            "method": "GET",
            "body": {
              "mode": "raw"
            },
            "description": "A listing of metadata available for the specified aspect and search term from the BCLaws legislative repository"
          },
          "response": [
            {
              "status": "OK",
              "code": 200,
              "name": "Response_200",
              "id": "bd422c83-c463-4401-9334-f8430a8f5f98"
            }
          ]
        }
      ]
    }
  ]
}