{
  "info": {
    "name": "Coutts Get Current Business Accounts",
    "_postman_id": "b5bdc867-2d6a-4834-a38e-a556a8a042bb",
    "description": "This endpoint can contain multiple brands owned by a particular banking group. Each brand can own multiple BCA products.",
    "schema": "https://schema.getpostman.com/json/collection/v2.0.0/"
  },
  "item": [
    {
      "id": "d8a39a91-878c-40d5-9c80-109018a8f5c5",
      "name": "getCurentBusinessAccounts",
      "request": {
        "url": "http://openapi.coutts.com/open-banking/v2.1/business-current-accounts/",
        "method": "GET",
        "body": {
          "mode": "raw"
        },
        "description": "This endpoint can contain multiple brands owned by a particular banking group. Each brand can own multiple BCA products."
      },
      "response": [
        {
          "status": "OK",
          "code": 200,
          "name": "Response_200",
          "id": "45753a0d-7ddf-4d32-94b4-c83cd7a8bba0"
        }
      ]
    }
  ]
}