{
  "info": {
    "name": "TestServer REST API Gets message exchange for a test step execution transaction",
    "_postman_id": "11e567bb-213e-465a-a179-691abc1e6e10",
    "description": "A particular execution of a test step is referred as transaction. Use this operation to get the request and response for a transaction in HAR format.",
    "schema": "https://schema.getpostman.com/json/collection/v2.0.0/"
  },
  "item": [
    {
      "name": "executions",
      "item": [
        {
          "id": "399b2db6-6b02-4c1d-a386-25a1196218d6",
          "name": "getMessageExchange",
          "request": {
            "url": {
              "protocol": "http",
              "host": "testserver.readyapi.io",
              "path": [
                "v1",
                "readyapi/executions/:executionID/transactions/:transactionId"
              ],
              "port": "8080",
              "variable": [
                {
                  "id": "executionID",
                  "value": "{}",
                  "type": "string"
                },
                {
                  "id": "transactionId",
                  "value": "{}",
                  "type": "string"
                }
              ]
            },
            "method": "GET",
            "body": {
              "mode": "raw"
            },
            "description": "A particular execution of a test step is referred as transaction"
          },
          "response": [
            {
              "status": "OK",
              "code": 200,
              "name": "Response_200",
              "id": "f322e902-bbfb-432c-8844-5287c7f5874c"
            }
          ]
        }
      ]
    }
  ]
}