{
  "info": {
    "name": "Mailjet Messages API Message Detail",
    "_postman_id": "2dff217c-1a8a-4712-aa09-96d8bb3e6dc3",
    "description": "View the details of a message.",
    "schema": "https://schema.getpostman.com/json/collection/v2.0.0/"
  },
  "item": [
    {
      "name": "Message",
      "item": [
        {
          "id": "9223d8de-c392-4542-9cc1-610bbafc12ce",
          "name": "getMessage",
          "request": {
            "url": "http://api.mailjet.com/v3/REST/message/?Campaign=%7B%7D&Contact=%7B%7D&MessageState=%7B%7D&PlanSubscription=%7B%7D&Sender=%7B%7D",
            "method": "GET",
            "body": {
              "mode": "raw"
            },
            "description": "Allows you to list messages."
          },
          "response": [
            {
              "status": "OK",
              "code": 200,
              "name": "Response_200",
              "id": "2b4dec52-8a91-410d-96ac-fa1298352027"
            }
          ]
        },
        {
          "id": "795906b2-6cfe-4dd5-b97c-3670956cc640",
          "name": "getMessagehistory",
          "request": {
            "url": "http://api.mailjet.com/v3/REST/messagehistory/?Message=%7B%7D",
            "method": "GET",
            "body": {
              "mode": "raw"
            },
            "description": "List message history resources"
          },
          "response": [
            {
              "status": "OK",
              "code": 200,
              "name": "Response_200",
              "id": "d363d43d-38e7-4fe4-bee7-7d32ca12a635"
            }
          ]
        },
        {
          "id": "09056a89-cb4c-420f-aff7-e7920d3af14f",
          "name": "getMessagehistory",
          "request": {
            "url": {
              "protocol": "http",
              "host": "api.mailjet.com",
              "path": [
                "v3",
                "REST",
                "messagehistory/:id"
              ],
              "variable": [
                {
                  "id": "id",
                  "value": "{}",
                  "type": "string"
                }
              ]
            },
            "method": "GET",
            "body": {
              "mode": "raw"
            },
            "description": "Get the history of a message."
          },
          "response": [
            {
              "status": "OK",
              "code": 200,
              "name": "Response_200",
              "id": "82289ccd-ff6f-46e5-9fcf-0e26c01219b0"
            }
          ]
        },
        {
          "id": "e3e367b5-0010-49ce-9680-0ddd5e8fb1c7",
          "name": "getMessageinformation",
          "request": {
            "url": "http://api.mailjet.com/v3/REST/messageinformation/?CampaignID=%7B%7D&CampaignStatus=%7B%7D&ContactsList=%7B%7D&CustomCampaign=%7B%7D&From=%7B%7D&FromDomain=%7B%7D&FromID=%7B%7D&FromTS=%7B%7D&FromType=%7B%7D&IsDeleted=%7B%7D&IsNewsletterTool=%7B%7D&IsStarred=%7B%7D&MessageStatus=%7B%7D&Period=%7B%7D&ToTS=%7B%7D",
            "method": "GET",
            "body": {
              "mode": "raw"
            },
            "description": "Lists the information about a message."
          },
          "response": [
            {
              "status": "OK",
              "code": 200,
              "name": "Response_200",
              "id": "5e08794d-acbf-49da-a7f4-b67a830b14b7"
            }
          ]
        },
        {
          "id": "c43fa30a-d77d-41b7-849d-ba5c686197d2",
          "name": "getMessageinformation",
          "request": {
            "url": {
              "protocol": "http",
              "host": "api.mailjet.com",
              "path": [
                "v3",
                "REST",
                "messageinformation/:id"
              ],
              "variable": [
                {
                  "id": "id",
                  "value": "{}",
                  "type": "string"
                }
              ]
            },
            "method": "GET",
            "body": {
              "mode": "raw"
            },
            "description": "Lists a message informaiton."
          },
          "response": [
            {
              "status": "OK",
              "code": 200,
              "name": "Response_200",
              "id": "fdc7a495-6b7c-40bf-917a-f4a955bfdbcd"
            }
          ]
        },
        {
          "id": "9a8858cb-1ee1-4f55-ada2-9ef2290804ee",
          "name": "getMessagesentstatistics",
          "request": {
            "url": "http://api.mailjet.com/v3/REST/messagesentstatistics/?AllMessages=%7B%7D&CampaignID=%7B%7D&CampaignStatus=%7B%7D&Contact=%7B%7D&ContactsList=%7B%7D&CustomCampaign=%7B%7D&From=%7B%7D&FromDomain=%7B%7D&FromID=%7B%7D&FromTS=%7B%7D&FromType=%7B%7D&IsDeleted=%7B%7D&IsNewsletterTool=%7B%7D&IsStarred=%7B%7D&MessageStatus=%7B%7D&Period=%7B%7D&ShowExtraData=%7B%7D&ToTS=%7B%7D",
            "method": "GET",
            "body": {
              "mode": "raw"
            },
            "description": "Lists the message statistics."
          },
          "response": [
            {
              "status": "OK",
              "code": 200,
              "name": "Response_200",
              "id": "83eeecd2-4dc8-4034-ab31-afca950560b6"
            }
          ]
        },
        {
          "id": "3552c55d-8d46-49a8-82e2-e4e2c9b7653c",
          "name": "getMessagesentstatistics",
          "request": {
            "url": {
              "protocol": "http",
              "host": "api.mailjet.com",
              "path": [
                "v3",
                "REST",
                "messagesentstatistics/:id"
              ],
              "variable": [
                {
                  "id": "id",
                  "value": "id",
                  "type": "string"
                }
              ]
            },
            "method": "GET",
            "body": {
              "mode": "raw"
            },
            "description": "List message statistics."
          },
          "response": [
            {
              "status": "OK",
              "code": 200,
              "name": "Response_200",
              "id": "0a2fad22-a7f7-40d5-ba6f-cfccd8635f64"
            }
          ]
        },
        {
          "id": "483d7f28-c4c3-45bf-8dce-4de7f13c63ec",
          "name": "getMessagestate",
          "request": {
            "url": {
              "protocol": "http",
              "host": "api.mailjet.com",
              "path": [
                "v3",
                "REST",
                "messagestate/:id"
              ],
              "variable": [
                {
                  "id": "id",
                  "value": "{}",
                  "type": "string"
                }
              ]
            },
            "method": "GET",
            "body": {
              "mode": "raw"
            },
            "description": "Returns message state."
          },
          "response": [
            {
              "status": "OK",
              "code": 200,
              "name": "Response_200",
              "id": "b232c11f-fb22-4af2-aacc-42f060f79160"
            }
          ]
        },
        {
          "id": "8b4dac56-4f05-4934-9b1f-96fc827b950e",
          "name": "getMessagestatistics",
          "request": {
            "url": "http://api.mailjet.com/v3/REST/messagestatistics/?CampaignID=%7B%7D&CampaignStatus=%7B%7D&ContactEmail=%7B%7D&ContactID=%7B%7D&ContactListID=%7B%7D&CustomCampaign=%7B%7D&From=%7B%7D&FromDomain=%7B%7D&FromID=%7B%7D&FromTS=%7B%7D&FromType=%7B%7D&IsDeleted=%7B%7D&IsNewsletterTool=%7B%7D&IsStarred=%7B%7D&MessageStatus=%7B%7D&Period=%7B%7D&ToTS=%7B%7D",
            "method": "GET",
            "body": {
              "mode": "raw"
            },
            "description": "Message Statistics"
          },
          "response": [
            {
              "status": "OK",
              "code": 200,
              "name": "Response_200",
              "id": "52711b26-8d73-4bb9-ab7a-f1cbfc867520"
            }
          ]
        },
        {
          "id": "18741943-2c23-4841-8e4d-5c3383729987",
          "name": "getMessagestatistics",
          "request": {
            "url": {
              "protocol": "http",
              "host": "api.mailjet.com",
              "path": [
                "v3",
                "REST",
                "messagestatistics/:id"
              ],
              "variable": [
                {
                  "id": "id",
                  "value": "id",
                  "type": "string"
                }
              ]
            },
            "method": "GET",
            "body": {
              "mode": "raw"
            },
            "description": "Message Statistics"
          },
          "response": [
            {
              "status": "OK",
              "code": 200,
              "name": "Response_200",
              "id": "5ddf61c2-dc08-4cbc-9389-81a978f8eb1f"
            }
          ]
        },
        {
          "id": "dd9700f5-d9c2-4801-9579-3e44c304c90d",
          "name": "getMessage",
          "request": {
            "url": {
              "protocol": "http",
              "host": "api.mailjet.com",
              "path": [
                "v3",
                "REST",
                "message:id"
              ],
              "variable": [
                {
                  "id": "id",
                  "value": "{}",
                  "type": "string"
                }
              ]
            },
            "method": "GET",
            "body": {
              "mode": "raw"
            },
            "description": "View the details of a message."
          },
          "response": [
            {
              "status": "OK",
              "code": 200,
              "name": "Response_200",
              "id": "4e911758-fdb3-4c98-ac3b-e545087d8b64"
            }
          ]
        }
      ]
    }
  ]
}