{
  "info": {
    "name": "First Trust Bank (Open Banking) Get Unsecured SME Loans",
    "_postman_id": "555ed4a3-d185-425f-9522-8ea11e748abf",
    "description": "This endpoint can contain multiple brands owned by a particular banking group. Each brand can own multiple SME Unsecured Loan products.",
    "schema": "https://schema.getpostman.com/json/collection/v2.0.0/"
  },
  "item": [
    {
      "name": "unsecured",
      "item": [
        {
          "id": "9f779deb-559e-426b-b6a3-b30d87b9488d",
          "name": "pathOperation",
          "request": {
            "url": "http://openapi.firsttrustbank.co.uk/open-banking/v2.1/unsecured-sme-loans/",
            "method": "GET",
            "body": {
              "mode": "raw"
            },
            "description": "This endpoint can contain multiple brands owned by a particular banking group"
          },
          "response": [
            {
              "status": "OK",
              "code": 200,
              "name": "Response_200",
              "id": "97307c82-8606-4393-bf65-f0870290ff14"
            }
          ]
        }
      ]
    }
  ]
}