{
  "info": {
    "name": "Attom Data Solutions API Returns available data fields.",
    "_postman_id": "d643b2ce-a6cd-4b6d-b58e-4c2628b9b26a",
    "description": "This lookup returns the full list of over 375 data fields that are available in the Community API.",
    "schema": "https://schema.getpostman.com/json/collection/v2.0.0/"
  },
  "item": [
    {
      "name": "Returns",
      "item": [
        {
          "id": "0c0207ba-18bf-46fb-bd58-a80eea8d2cde",
          "name": "getPropertyIdList",
          "request": {
            "url": "http://search.onboard-apis.com/communityapi/v2.0.0/property/id?geoid=%7B%7D&maxBeds=%7B%7D&minBeds=%7B%7D&orderby=%7B%7D",
            "method": "GET",
            "header": [
              {
                "key": "accept",
                "value": "{}",
                "description": "application/xml or application/json (default)",
                "disabled": false
              },
              {
                "key": "apikey",
                "value": "{}",
                "description": "Application Key",
                "disabled": false
              },
              {
                "key": "Accept",
                "value": "*/*",
                "disabled": false
              }
            ],
            "body": {
              "mode": "raw"
            },
            "description": "Get a list of property IDs within a specific geography that have a specific number of beds. Use orderby to choose how you want your results sorted."
          },
          "response": [
            {
              "status": "OK",
              "code": 200,
              "name": "Response_200",
              "id": "52165ee8-f553-496b-840d-39f39b36eed3"
            }
          ]
        },
        {
          "id": "74728840-c9d0-41d1-aaa1-b98300b91732",
          "name": "propertyDetails",
          "request": {
            "url": "http://search.onboard-apis.com/communityapi/v2.0.0/property/detail?address=%7B%7D&id=%7B%7D",
            "method": "GET",
            "header": [
              {
                "key": "accept",
                "value": "{}",
                "description": "application/xml or application/json (default)",
                "disabled": false
              },
              {
                "key": "apikey",
                "value": "{}",
                "description": "Application Key",
                "disabled": false
              },
              {
                "key": "Accept",
                "value": "*/*",
                "disabled": false
              }
            ],
            "body": {
              "mode": "raw"
            },
            "description": "Get property details based on its Onboard property ID."
          },
          "response": [
            {
              "status": "OK",
              "code": 200,
              "name": "Response_200",
              "id": "443717a7-2cce-44f8-83bd-24c86042115a"
            }
          ]
        },
        {
          "id": "cb2b65fd-11fd-448e-8612-537e5840f190",
          "name": "adressList",
          "request": {
            "url": "http://search.onboard-apis.com/communityapi/v2.0.0/property/address?address1=%7B%7D&address2=%7B%7D&orderby=%7B%7D&page=%7B%7D&pagesize=%7B%7D&postalcode=%7B%7D&propertytype=%7B%7D&radius=%7B%7D",
            "method": "GET",
            "header": [
              {
                "key": "accept",
                "value": "{}",
                "description": "application/xml or application/json (default)",
                "disabled": false
              },
              {
                "key": "apikey",
                "value": "{}",
                "description": "Application Key",
                "disabled": false
              },
              {
                "key": "Accept",
                "value": "*/*",
                "disabled": false
              }
            ],
            "body": {
              "mode": "raw"
            },
            "description": "Get a list of properties within a zip code. Use propertytype and order by to narrow down your results."
          },
          "response": [
            {
              "status": "OK",
              "code": 200,
              "name": "Response_200",
              "id": "7e65a304-6962-498e-998c-6525568daf72"
            }
          ]
        },
        {
          "id": "8d47d064-ec20-47a9-805e-fe5693a0ad03",
          "name": "propertySnapshot",
          "request": {
            "url": "http://search.onboard-apis.com/communityapi/v2.0.0/property/snapshot?cityname=%7B%7D&latitude=%7B%7D&longitude=%7B%7D&maxavmvalue=%7B%7D&maxLotSize1=%7B%7D&maxtaxamt=%7B%7D&minavmvalue=%7B%7D&minLotSize1=%7B%7D&mintaxamt=%7B%7D&orderby=%7B%7D&postalcode=%7B%7D&propertytype=%7B%7D&radius=%7B%7D",
            "method": "GET",
            "header": [
              {
                "key": "accept",
                "value": "{}",
                "description": "application/xml or application/json (default)",
                "disabled": false
              },
              {
                "key": "apikey",
                "value": "{}",
                "description": "Application Key",
                "disabled": false
              },
              {
                "key": "Accept",
                "value": "*/*",
                "disabled": false
              }
            ],
            "body": {
              "mode": "raw"
            },
            "description": "Get a list of property snapshots within a specific city that are within a desired size range and a specific property type."
          },
          "response": [
            {
              "status": "OK",
              "code": 200,
              "name": "Response_200",
              "id": "163f5c36-613a-43d5-b277-48f51ba86f3c"
            }
          ]
        },
        {
          "id": "dc29336c-9624-4291-a511-a448250bb10c",
          "name": "propertyBasicProfile",
          "request": {
            "url": "http://search.onboard-apis.com/communityapi/v2.0.0/property/basicprofile?attomid=%7B%7D",
            "method": "GET",
            "header": [
              {
                "key": "accept",
                "value": "{}",
                "description": "application/xml or application/json (default)",
                "disabled": false
              },
              {
                "key": "apikey",
                "value": "{}",
                "description": "Application Key",
                "disabled": false
              },
              {
                "key": "Accept",
                "value": "*/*",
                "disabled": false
              }
            ],
            "body": {
              "mode": "raw"
            },
            "description": "Get basic property information and most recent transaction and taxes for a specific attom id."
          },
          "response": [
            {
              "status": "OK",
              "code": 200,
              "name": "Response_200",
              "id": "1fd884a8-c14b-4fc8-a85f-28b0d064278a"
            }
          ]
        },
        {
          "id": "382c1486-cbcc-4cb7-9822-b38921b0df0d",
          "name": "propertyExpandedProfile",
          "request": {
            "url": "http://search.onboard-apis.com/communityapi/v2.0.0/property/expandedprofile?address1=%7B%7D&address2=%7B%7D",
            "method": "GET",
            "header": [
              {
                "key": "accept",
                "value": "{}",
                "description": "application/xml or application/json (default)",
                "disabled": false
              },
              {
                "key": "apikey",
                "value": "{}",
                "description": "Application Key",
                "disabled": false
              },
              {
                "key": "Accept",
                "value": "*/*",
                "disabled": false
              }
            ],
            "body": {
              "mode": "raw"
            },
            "description": "Get a detailed property information and most recent transaction and taxes for a specific address."
          },
          "response": [
            {
              "status": "OK",
              "code": 200,
              "name": "Response_200",
              "id": "bb2fa181-fec7-467e-b0d5-c39ab66b9130"
            }
          ]
        },
        {
          "id": "6762e872-346f-48dc-b5e3-7da4e797a960",
          "name": "getAllEventsDetailAddress",
          "request": {
            "url": "http://search.onboard-apis.com/communityapi/v2.0.0/allevents/detail?address1=%7B%7D&address2=%7B%7D",
            "method": "GET",
            "header": [
              {
                "key": "accept",
                "value": "{}",
                "description": "application/xml or application/json (default)",
                "disabled": false
              },
              {
                "key": "apikey",
                "value": "{}",
                "description": "API Security Key",
                "disabled": false
              },
              {
                "key": "Accept",
                "value": "*/*",
                "disabled": false
              }
            ],
            "body": {
              "mode": "raw"
            },
            "description": "Get a detail of all the events on a specific property based on its address."
          },
          "response": [
            {
              "status": "OK",
              "code": 200,
              "name": "Response_200",
              "id": "413f0ea5-7c50-4a32-b3c6-c867bf7a1c51"
            }
          ]
        },
        {
          "id": "93b2bc92-26a7-463b-b2ad-b5989698d52e",
          "name": "propertyDetailsMortage",
          "request": {
            "url": "http://search.onboard-apis.com/communityapi/v2.0.0/property/detailmortgage?address1=%7B%7D&address2=%7B%7D&id=%7B%7D",
            "method": "GET",
            "header": [
              {
                "key": "accept",
                "value": "{}",
                "description": "application/xml or application/json (default)",
                "disabled": false
              },
              {
                "key": "apikey",
                "value": "{}",
                "description": "Application Key",
                "disabled": false
              },
              {
                "key": "Accept",
                "value": "*/*",
                "disabled": false
              }
            ],
            "body": {
              "mode": "raw"
            },
            "description": "Get property details mortgage based on its Onboard property ID."
          },
          "response": [
            {
              "status": "OK",
              "code": 200,
              "name": "Response_200",
              "id": "800db50e-4219-4c65-b662-7f7727cbccb5"
            }
          ]
        },
        {
          "id": "be2f3a49-6201-4cf2-adde-102db75fd5ac",
          "name": "propertyDetailsOwner",
          "request": {
            "url": "http://search.onboard-apis.com/communityapi/v2.0.0/property/detailowner?address1=%7B%7D&address2=%7B%7D&id=%7B%7D",
            "method": "GET",
            "header": [
              {
                "key": "accept",
                "value": "{}",
                "description": "application/xml or application/json (default)",
                "disabled": false
              },
              {
                "key": "apikey",
                "value": "{}",
                "description": "Application Key",
                "disabled": false
              },
              {
                "key": "Accept",
                "value": "*/*",
                "disabled": false
              }
            ],
            "body": {
              "mode": "raw"
            },
            "description": "Get property details owner based on its Onboard property ID."
          },
          "response": [
            {
              "status": "OK",
              "code": 200,
              "name": "Response_200",
              "id": "60e4faef-6623-439c-8052-141919436cfd"
            }
          ]
        },
        {
          "id": "786c538f-200a-4069-ba2b-3005c459586e",
          "name": "propertyDetailsMortgageOwner",
          "request": {
            "url": "http://search.onboard-apis.com/communityapi/v2.0.0/property/detailmortgageowner?address1=%7B%7D&address2=%7B%7D&id=%7B%7D",
            "method": "GET",
            "header": [
              {
                "key": "accept",
                "value": "{}",
                "description": "application/xml or application/json (default)",
                "disabled": false
              },
              {
                "key": "apikey",
                "value": "{}",
                "description": "Application Key",
                "disabled": false
              },
              {
                "key": "Accept",
                "value": "*/*",
                "disabled": false
              }
            ],
            "body": {
              "mode": "raw"
            },
            "description": "Get property details mortgageowner based on its Onboard property ID."
          },
          "response": [
            {
              "status": "OK",
              "code": 200,
              "name": "Response_200",
              "id": "d0a9a3fd-0cf3-4b65-a12e-f5eaf569eaf1"
            }
          ]
        },
        {
          "id": "6b83a4c4-4551-4570-b56e-3059ec1afbc4",
          "name": "getAssessmentSnapshotTotal",
          "request": {
            "url": "http://search.onboard-apis.com/communityapi/v2.0.0/assessment/snapshot?address1=%7B%7D&address2=%7B%7D&maxmktttlvalue=%7B%7D&minmktttlvalue=%7B%7D&radius=%7B%7D",
            "method": "GET",
            "header": [
              {
                "key": "accept",
                "value": "{}",
                "description": "application/xml or application/json (default)",
                "disabled": false
              },
              {
                "key": "apikey",
                "value": "{}",
                "description": "Application Key",
                "disabled": false
              },
              {
                "key": "Accept",
                "value": "*/*",
                "disabled": false
              }
            ],
            "body": {
              "mode": "raw"
            },
            "description": "Get snapshots of the properties within a radius of a property that have a total market value within a specified range."
          },
          "response": [
            {
              "status": "OK",
              "code": 200,
              "name": "Response_200",
              "id": "1ba6913b-4214-48eb-a569-395e8979395b"
            }
          ]
        },
        {
          "id": "a9ebf553-8ad8-46b4-b98b-2243eeee750e",
          "name": "assessmenDetailPropertyId",
          "request": {
            "url": "http://search.onboard-apis.com/communityapi/v2.0.0/assessment/detail?postalcode=%7B%7D&propertytype=%7B%7D",
            "method": "GET",
            "header": [
              {
                "key": "accept",
                "value": "{}",
                "description": "application/xml or application/json (default)",
                "disabled": false
              },
              {
                "key": "apikey",
                "value": "{}",
                "description": "Application Key",
                "disabled": false
              },
              {
                "key": "Accept",
                "value": "*/*",
                "disabled": false
              }
            ],
            "body": {
              "mode": "raw"
            },
            "description": "Get assessment details for properties within a zip code. Use propertytpe to select a specific property type for your search."
          },
          "response": [
            {
              "status": "OK",
              "code": 200,
              "name": "Response_200",
              "id": "1825e4e8-b127-4de6-8c5e-c5ea61888254"
            }
          ]
        },
        {
          "id": "72f30bc8-766a-46f5-9b6f-51dbc56079ad",
          "name": "assessmentHistoryDetailID",
          "request": {
            "url": "http://search.onboard-apis.com/communityapi/v2.0.0/assessmenthistory/detail?id=%7B%7D",
            "method": "GET",
            "header": [
              {
                "key": "accept",
                "value": "{}",
                "description": "application/xml or application/json (default)",
                "disabled": false
              },
              {
                "key": "apikey",
                "value": "{}",
                "description": "Application Key",
                "disabled": false
              },
              {
                "key": "Accept",
                "value": "*/*",
                "disabled": false
              }
            ],
            "body": {
              "mode": "raw"
            },
            "description": "Get a full detail of property characteristics and assessment history information for a specific property."
          },
          "response": [
            {
              "status": "OK",
              "code": 200,
              "name": "Response_200",
              "id": "0704230f-768b-4799-bdd3-ab38386e52d6"
            }
          ]
        },
        {
          "id": "733bbc16-151f-43a4-83b6-5362f9a06b79",
          "name": "avmSnapshotGeoID",
          "request": {
            "url": "http://search.onboard-apis.com/communityapi/v2.0.0/avm/snapshot?geoid=%7B%7D&maxavmvalue=%7B%7D&minavmvalue=%7B%7D&propertytype=%7B%7D",
            "method": "GET",
            "header": [
              {
                "key": "accept",
                "value": "{}",
                "description": "application/xml or application/json (default)",
                "disabled": false
              },
              {
                "key": "apikey",
                "value": "{}",
                "description": "Application Key",
                "disabled": false
              },
              {
                "key": "Accept",
                "value": "*/*",
                "disabled": false
              }
            ],
            "body": {
              "mode": "raw"
            },
            "description": "Get a list of AVM snapshot records that fall within an Onboard GeoID with a specific value range. Use propertytpe to select a specific property type for your search."
          },
          "response": [
            {
              "status": "OK",
              "code": 200,
              "name": "Response_200",
              "id": "6e0c528e-040e-4160-9189-a3004f9c82bb"
            }
          ]
        },
        {
          "id": "9cb811fa-e2e5-4154-b368-7ac985765986",
          "name": "avmDetailPostal",
          "request": {
            "url": "http://search.onboard-apis.com/communityapi/v2.0.0/avm/detail?address1=%7B%7D&address2=%7B%7D",
            "method": "GET",
            "header": [
              {
                "key": "accept",
                "value": "{}",
                "description": "application/xml or application/json (default)",
                "disabled": false
              },
              {
                "key": "apikey",
                "value": "{}",
                "description": "Application Key",
                "disabled": false
              },
              {
                "key": "Accept",
                "value": "*/*",
                "disabled": false
              }
            ],
            "body": {
              "mode": "raw"
            },
            "description": "Get AVM details for a specific address."
          },
          "response": [
            {
              "status": "OK",
              "code": 200,
              "name": "Response_200",
              "id": "90cf83a0-3405-4f95-8272-ee88bb2592d3"
            }
          ]
        },
        {
          "id": "befd8104-8123-40ca-adb8-42cacbbb5281",
          "name": "attomAvmDetail",
          "request": {
            "url": "http://search.onboard-apis.com/communityapi/v2.0.0/attomavm/detail?attomid=%7B%7D",
            "method": "GET",
            "header": [
              {
                "key": "accept",
                "value": "{}",
                "description": "application/xml or application/json (default)",
                "disabled": false
              },
              {
                "key": "apikey",
                "value": "{}",
                "description": "Application Key",
                "disabled": false
              },
              {
                "key": "Accept",
                "value": "*/*",
                "disabled": false
              }
            ],
            "body": {
              "mode": "raw"
            },
            "description": "Get Attomized AVM and other property details for a specific address."
          },
          "response": [
            {
              "status": "OK",
              "code": 200,
              "name": "Response_200",
              "id": "24467b46-a2c9-4cb8-b075-53ee785f5206"
            }
          ]
        },
        {
          "id": "d87931dd-563b-4274-979a-6115e6164be4",
          "name": "getHomeSaleSnapshotsGeoId",
          "request": {
            "url": "http://search.onboard-apis.com/communityapi/v2.0.0/sale/snapshot?address1=%7B%7D&address2=%7B%7D&endsalesearchdate=%7B%7D&geoid=%7B%7D&maxsaleamt=%7B%7D&minsaleamt=%7B%7D&propertytype=%7B%7D&radius=%7B%7D&startsalesearchdate=%7B%7D",
            "method": "GET",
            "header": [
              {
                "key": "accept",
                "value": "{}",
                "description": "application/xml or application/json (default)",
                "disabled": false
              },
              {
                "key": "apikey",
                "value": "{}",
                "description": "Application Key",
                "disabled": false
              },
              {
                "key": "Accept",
                "value": "*/*",
                "disabled": false
              }
            ],
            "body": {
              "mode": "raw"
            },
            "description": "Get a list of home sale snapshots within a Onboard GeoID that sold within a date range and specified sale amount."
          },
          "response": [
            {
              "status": "OK",
              "code": 200,
              "name": "Response_200",
              "id": "1ad13e36-738a-423d-8495-7609ef53c8f7"
            }
          ]
        },
        {
          "id": "9c8c74df-4004-49fe-9ab9-664844cb368f",
          "name": "getSaleDetailPostal",
          "request": {
            "url": "http://search.onboard-apis.com/communityapi/v2.0.0/sale/detail?address1=%7B%7D&address2=%7B%7D",
            "method": "GET",
            "header": [
              {
                "key": "accept",
                "value": "{}",
                "description": "application/xml or application/json (default)",
                "disabled": false
              },
              {
                "key": "apikey",
                "value": "{}",
                "description": "Application Key",
                "disabled": false
              },
              {
                "key": "Accept",
                "value": "*/*",
                "disabled": false
              }
            ],
            "body": {
              "mode": "raw"
            },
            "description": "Get sales information for a specific address."
          },
          "response": [
            {
              "status": "OK",
              "code": 200,
              "name": "Response_200",
              "id": "0b46cdfe-67a7-4a7c-82bf-715c07df9f7f"
            }
          ]
        },
        {
          "id": "5a00e753-b231-4c29-a592-120ab1b9c34f",
          "name": "getSaleHistorySnapshotPropertyId",
          "request": {
            "url": "http://search.onboard-apis.com/communityapi/v2.0.0/saleshistory/snapshot?id=%7B%7D",
            "method": "GET",
            "header": [
              {
                "key": "accept",
                "value": "{}",
                "description": "application/xml or application/json (default)",
                "disabled": false
              },
              {
                "key": "apikey",
                "value": "{}",
                "description": "Application Key",
                "disabled": false
              },
              {
                "key": "Accept",
                "value": "*/*",
                "disabled": false
              }
            ],
            "body": {
              "mode": "raw"
            },
            "description": "Get a sales history snapshot of a property based on an Onboard property ID."
          },
          "response": [
            {
              "status": "OK",
              "code": 200,
              "name": "Response_200",
              "id": "2eb49000-d015-42de-aa93-f2dbbf02c077"
            }
          ]
        },
        {
          "id": "1d3734ca-6261-4d64-b9a1-22f8873ec831",
          "name": "saleHistoryBasicHistory",
          "request": {
            "url": "http://search.onboard-apis.com/communityapi/v2.0.0/saleshistory/basichistory?address1=%7B%7D&address2=%7B%7D",
            "method": "GET",
            "header": [
              {
                "key": "accept",
                "value": "{}",
                "description": "application/xml or application/json (default)",
                "disabled": false
              },
              {
                "key": "apikey",
                "value": "{}",
                "description": "Application Key",
                "disabled": false
              },
              {
                "key": "Accept",
                "value": "*/*",
                "disabled": false
              }
            ],
            "body": {
              "mode": "raw"
            },
            "description": "Get the basic transaction and loan history on a property for a specific address."
          },
          "response": [
            {
              "status": "OK",
              "code": 200,
              "name": "Response_200",
              "id": "6156151e-afe9-455c-b9d3-73d8c59931c5"
            }
          ]
        },
        {
          "id": "7e6f9e92-5acd-45d8-8bd0-682e90036d10",
          "name": "saleHistoryExpandedHistory",
          "request": {
            "url": "http://search.onboard-apis.com/communityapi/v2.0.0/saleshistory/expandedhistory?address1=%7B%7D&address2=%7B%7D",
            "method": "GET",
            "header": [
              {
                "key": "accept",
                "value": "{}",
                "description": "application/xml or application/json (default)",
                "disabled": false
              },
              {
                "key": "apikey",
                "value": "{}",
                "description": "Application Key",
                "disabled": false
              },
              {
                "key": "Accept",
                "value": "*/*",
                "disabled": false
              }
            ],
            "body": {
              "mode": "raw"
            },
            "description": "Get the detailed transaction, pre-foreclosure and loan history on a property for a specific address."
          },
          "response": [
            {
              "status": "OK",
              "code": 200,
              "name": "Response_200",
              "id": "07204de3-1857-4288-a78e-6ef3af70f105"
            }
          ]
        },
        {
          "id": "86583000-d66a-41c5-aa09-5ef9d3cef2da",
          "name": "getSaleHistoryDetailAddress",
          "request": {
            "url": "http://search.onboard-apis.com/communityapi/v2.0.0/saleshistory/detail?address1=%7B%7D&address2=%7B%7D",
            "method": "GET",
            "header": [
              {
                "key": "accept",
                "value": "{}",
                "description": "application/xml or application/json (default)",
                "disabled": false
              },
              {
                "key": "apikey",
                "value": "{}",
                "description": "Application Key",
                "disabled": false
              },
              {
                "key": "Accept",
                "value": "*/*",
                "disabled": false
              }
            ],
            "body": {
              "mode": "raw"
            },
            "description": "Get a sales history snapshot of a property based on an address."
          },
          "response": [
            {
              "status": "OK",
              "code": 200,
              "name": "Response_200",
              "id": "6068ea72-8b83-4838-b817-35fdd2de99aa"
            }
          ]
        },
        {
          "id": "5b97bb2f-f1c2-477f-b82d-99d285495578",
          "name": "getSalesTrendByYear",
          "request": {
            "url": "http://search.onboard-apis.com/communityapi/v2.0.0/salestrend/snapshot?endmonth=%7B%7D&endyear=%7B%7D&geoid=%7B%7D&interval=%7B%7D&startmonth=%7B%7D&startyear=%7B%7D",
            "method": "GET",
            "header": [
              {
                "key": "accept",
                "value": "{}",
                "description": "application/xml or application/json (default)",
                "disabled": false
              },
              {
                "key": "apikey",
                "value": "{}",
                "description": "Application Key",
                "disabled": false
              },
              {
                "key": "Accept",
                "value": "*/*",
                "disabled": false
              }
            ],
            "body": {
              "mode": "raw"
            },
            "description": "Get the average sale price, median sale price, and count of sales for the past 2 years in yearly intervals."
          },
          "response": [
            {
              "status": "OK",
              "code": 200,
              "name": "Response_200",
              "id": "a85e1918-c432-4beb-938d-69fc00062e91"
            }
          ]
        },
        {
          "id": "4376892a-966d-44bc-8ffe-ba87c697bee7",
          "name": "getAreaHierarchyLookup",
          "request": {
            "url": "http://search.onboard-apis.com/communityapi/v2.0.0/hierarchy/lookup?geoType=%7B%7D&latitude=%7B%7D&longitude=%7B%7D&WKTString=%7B%7D",
            "method": "GET",
            "header": [
              {
                "key": "accept",
                "value": "{}",
                "description": "application/xml or application/json (default)",
                "disabled": false
              },
              {
                "key": "apikey",
                "value": "{}",
                "description": "Application Key",
                "disabled": false
              },
              {
                "key": "Accept",
                "value": "*/*",
                "disabled": false
              }
            ],
            "body": {
              "mode": "raw"
            },
            "description": "This method allows you to pass a latitude and longitude point and geo type to retrieve a list of geographies that point falls within. Required input is a valid WKT (Well Known Text) point."
          },
          "response": [
            {
              "status": "OK",
              "code": 200,
              "name": "Response_200",
              "id": "704dce1e-738a-443c-8fc7-86007177b16d"
            }
          ]
        },
        {
          "id": "b07b7191-166b-42c1-99cf-7774dd0d5914",
          "name": "getPOISearchGeography",
          "request": {
            "url": "http://search.onboard-apis.com/communityapi/v2.0.0/poi/geography?PostalCodeKey=%7B%7D&RecordLimit=%7B%7D&SearchDistance=%7B%7D&Sort=%7B%7D",
            "method": "GET",
            "header": [
              {
                "key": "accept",
                "value": "{}",
                "description": "application/xml or application/json (default)",
                "disabled": false
              },
              {
                "key": "ApiKey",
                "value": "{}",
                "description": "Application Key",
                "disabled": false
              },
              {
                "key": "Accept",
                "value": "*/*",
                "disabled": false
              }
            ],
            "body": {
              "mode": "raw"
            },
            "description": "This search returns a list of Points of Interest in proximity to the centroid of a zip code."
          },
          "response": [
            {
              "status": "OK",
              "code": 200,
              "name": "Response_200",
              "id": "e221d213-fcef-4746-a0c8-3e0293d662d0"
            }
          ]
        },
        {
          "id": "2e5f6499-6da1-4d92-a2bb-25cf3ee0dd20",
          "name": "getPOISearchPoint",
          "request": {
            "url": "http://search.onboard-apis.com/communityapi/v2.0.0/poi/point?BusinessCategory=%7B%7D&Point=%7B%7D&RecordLimit=%7B%7D&SearchDistance=%7B%7D&Sort=%7B%7D",
            "method": "GET",
            "header": [
              {
                "key": "accept",
                "value": "{}",
                "description": "application/xml or application/json (default)",
                "disabled": false
              },
              {
                "key": "apikey",
                "value": "{}",
                "description": "Application Key",
                "disabled": false
              },
              {
                "key": "Accept",
                "value": "*/*",
                "disabled": false
              }
            ],
            "body": {
              "mode": "raw"
            },
            "description": "This search returns a list of POI in proximity to a latitude/longitude."
          },
          "response": [
            {
              "status": "OK",
              "code": 200,
              "name": "Response_200",
              "id": "219db92f-c9f1-4d57-a9a5-24e1b4da4e69"
            }
          ]
        },
        {
          "id": "24e63229-3d2f-41f6-b05e-61356815b812",
          "name": "getPOISearchPoint",
          "request": {
            "url": "http://search.onboard-apis.com/communityapi/v2.0.0/poi/street+address?RecordLimit=%7B%7D&SearchDistance=%7B%7D&Sort=%7B%7D&StreetAddress=%7B%7D",
            "method": "GET",
            "header": [
              {
                "key": "accept",
                "value": "{}",
                "description": "application/xml or application/json (default)",
                "disabled": false
              },
              {
                "key": "apikey",
                "value": "{}",
                "description": "Application Key",
                "disabled": false
              },
              {
                "key": "Accept",
                "value": "*/*",
                "disabled": false
              }
            ],
            "body": {
              "mode": "raw"
            },
            "description": "This search returns a list of POI in proximity to an address."
          },
          "response": [
            {
              "status": "OK",
              "code": 200,
              "name": "Response_200",
              "id": "5126ae51-4df6-4b96-ab0d-8fae40d2b3a8"
            }
          ]
        },
        {
          "id": "083d8810-db88-4af8-b3e7-126a57c9c81c",
          "name": "getPOIBusinessCategoryLookup",
          "request": {
            "url": "http://search.onboard-apis.com/communityapi/v2.0.0/business+category/lookup",
            "method": "GET",
            "header": [
              {
                "key": "accept",
                "value": "{}",
                "description": "application/xml or application/json (default)",
                "disabled": false
              },
              {
                "key": "apikey",
                "value": "{}",
                "description": "Application Key",
                "disabled": false
              },
              {
                "key": "Accept",
                "value": "*/*",
                "disabled": false
              }
            ],
            "body": {
              "mode": "raw"
            },
            "description": "This lookup is used to obtain a full list of Business Categories."
          },
          "response": [
            {
              "status": "OK",
              "code": 200,
              "name": "Response_200",
              "id": "724f8a47-198e-4a9f-855e-b0774e987c2d"
            }
          ]
        },
        {
          "id": "34d2ba8c-e952-4123-8202-25ea20a557cc",
          "name": "getPOIlob",
          "request": {
            "url": "http://search.onboard-apis.com/communityapi/v2.0.0/lob/lookup",
            "method": "GET",
            "header": [
              {
                "key": "accept",
                "value": "{}",
                "description": "application/xml or application/json (default)",
                "disabled": false
              },
              {
                "key": "apikey",
                "value": "{}",
                "description": "Application Key",
                "disabled": false
              },
              {
                "key": "Accept",
                "value": "*/*",
                "disabled": false
              }
            ],
            "body": {
              "mode": "raw"
            },
            "description": "This lookup can be used to show the full list of Lines of Businesses (LOB), and which categories they belong to."
          },
          "response": [
            {
              "status": "OK",
              "code": 200,
              "name": "Response_200",
              "id": "d0590b62-2704-4758-91ef-69336f197997"
            }
          ]
        },
        {
          "id": "b0731e87-b65d-4d98-b6ba-6346a843c043",
          "name": "getCommunityAPIAreaFull",
          "request": {
            "url": "http://search.onboard-apis.com/communityapi/v2.0.0/area/full?AreaId=%7B%7D",
            "method": "GET",
            "header": [
              {
                "key": "accept",
                "value": "{}",
                "description": "application/xml or application/json (default)",
                "disabled": false
              },
              {
                "key": "ApiKey",
                "value": "{}",
                "description": "Application Key",
                "disabled": false
              },
              {
                "key": "Accept",
                "value": "*/*",
                "disabled": false
              }
            ],
            "body": {
              "mode": "raw"
            },
            "description": "This search returns community information for a specific geography."
          },
          "response": [
            {
              "status": "OK",
              "code": 200,
              "name": "Response_200",
              "id": "d93b7e14-de7b-4afe-86af-f61919070796"
            }
          ]
        },
        {
          "id": "4dab6300-4b62-420c-ac09-59428464c1c7",
          "name": "getCommunityAPIAttributeLookup",
          "request": {
            "url": "http://search.onboard-apis.com/communityapi/v2.0.0/attribute/lookup",
            "method": "GET",
            "header": [
              {
                "key": "accept",
                "value": "{}",
                "description": "application/xml or application/json (default)",
                "disabled": false
              },
              {
                "key": "apikey",
                "value": "{}",
                "description": "Application Key",
                "disabled": false
              },
              {
                "key": "Accept",
                "value": "*/*",
                "disabled": false
              }
            ],
            "body": {
              "mode": "raw"
            },
            "description": "This lookup returns the full list of over 375 data fields that are available in the Community API."
          },
          "response": [
            {
              "status": "OK",
              "code": 200,
              "name": "Response_200",
              "id": "9e82daab-9c9e-4f3b-88a8-9ba591138e65"
            }
          ]
        }
      ]
    },
    {
      "name": "Return",
      "item": [
        {
          "id": "bcb733d3-5526-486f-8fa3-f7cdf8df69d0",
          "name": "propertyDetailsWithSchools",
          "request": {
            "url": "http://search.onboard-apis.com/communityapi/v2.0.0/property/detailwithschools?id=%7B%7D",
            "method": "GET",
            "header": [
              {
                "key": "accept",
                "value": "{}",
                "description": "application/xml or application/json (default)",
                "disabled": false
              },
              {
                "key": "apikey",
                "value": "{}",
                "description": "Application Key",
                "disabled": false
              },
              {
                "key": "Accept",
                "value": "*/*",
                "disabled": false
              }
            ],
            "body": {
              "mode": "raw"
            },
            "description": "Search for a property to have the property details returned, along with the schools in the associated attendance zones."
          },
          "response": [
            {
              "status": "OK",
              "code": 200,
              "name": "Response_200",
              "id": "217fe2f8-f415-4c01-a209-4d1e7c3fd4c3"
            }
          ]
        },
        {
          "id": "26d14bd8-c6aa-47eb-9fe3-c517d9445263",
          "name": "propertySchoolSnapshot",
          "request": {
            "url": "http://search.onboard-apis.com/communityapi/v2.0.0/school/snapshot?filetypetext=%7B%7D&latitude=%7B%7D&longitude=%7B%7D&radius=%7B%7D",
            "method": "GET",
            "header": [
              {
                "key": "accept",
                "value": "{}",
                "description": "application/xml or application/json (default)",
                "disabled": false
              },
              {
                "key": "apikey",
                "value": "{}",
                "description": "Application Key",
                "disabled": false
              },
              {
                "key": "Accept",
                "value": "*/*",
                "disabled": false
              }
            ],
            "body": {
              "mode": "raw"
            },
            "description": "Search for all schools that are located within a given radius around a given latitude and longitude."
          },
          "response": [
            {
              "status": "OK",
              "code": 200,
              "name": "Response_200",
              "id": "757de658-152d-4c75-a615-a8cd0db07eac"
            }
          ]
        },
        {
          "id": "e2240062-5ea6-45e6-9ca9-678e1f9a57b2",
          "name": "propertyDetails",
          "request": {
            "url": "http://search.onboard-apis.com/communityapi/v2.0.0/school/detail?id=%7B%7D",
            "method": "GET",
            "header": [
              {
                "key": "accept",
                "value": "{}",
                "description": "application/xml or application/json (default)",
                "disabled": false
              },
              {
                "key": "apikey",
                "value": "{}",
                "description": "Application Key",
                "disabled": false
              },
              {
                "key": "Accept",
                "value": "*/*",
                "disabled": false
              }
            ],
            "body": {
              "mode": "raw"
            },
            "description": "Search by school ID to return all of the available details about a school"
          },
          "response": [
            {
              "status": "OK",
              "code": 200,
              "name": "Response_200",
              "id": "676af045-3d04-4c20-bcb0-e823b323dc6b"
            }
          ]
        },
        {
          "id": "33b3749b-13a7-4bb1-acc2-502b6fd1b6f6",
          "name": "propertySchoolDistrictDetail",
          "request": {
            "url": "http://search.onboard-apis.com/communityapi/v2.0.0/school/districtdetail?id=%7B%7D",
            "method": "GET",
            "header": [
              {
                "key": "accept",
                "value": "{}",
                "description": "application/xml or application/json (default)",
                "disabled": false
              },
              {
                "key": "apikey",
                "value": "{}",
                "description": "Application Key",
                "disabled": false
              },
              {
                "key": "Accept",
                "value": "*/*",
                "disabled": false
              }
            ],
            "body": {
              "mode": "raw"
            },
            "description": "Search by district number to return all of the available details about a school district"
          },
          "response": [
            {
              "status": "OK",
              "code": 200,
              "name": "Response_200",
              "id": "4a3f304a-e6fc-4397-9d49-a68bfc9500ae"
            }
          ]
        }
      ]
    }
  ]
}