{
  "info": {
    "name": "Transport for London Unified Line s  Arrivals",
    "_postman_id": "c1b4c680-7a63-47da-817f-9b3d76b84c92",
    "description": "Get the list of arrival predictions for given line ids based at the given stop.",
    "schema": "https://schema.getpostman.com/json/collection/v2.0.0/"
  },
  "item": [
    {
      "name": "Accent",
      "item": [
        {
          "id": "676b9941-38be-4106-b85e-19259ac6b7fc",
          "name": "AccidentStats_Get",
          "request": {
            "url": {
              "protocol": "http",
              "host": "api.tfl.gov.uk",
              "path": [
                "AccidentStats/:year"
              ],
              "variable": [
                {
                  "id": "year",
                  "value": "{}",
                  "type": "string"
                }
              ]
            },
            "method": "GET",
            "header": [
              {
                "key": "Accept",
                "value": "*/*",
                "disabled": false
              }
            ],
            "body": {
              "mode": "raw"
            },
            "description": "Gets all accident details for accidents occuring in the specified year."
          },
          "response": [
            {
              "status": "OK",
              "code": 200,
              "name": "Response_200",
              "id": "a51e037d-01e0-4bee-b87c-23e76193c03b"
            }
          ]
        }
      ]
    },
    {
      "name": "Air",
      "item": [
        {
          "id": "f51879ed-8bb4-4b17-ba8e-7e4398cf4a4b",
          "name": "AirQuality_Get",
          "request": {
            "url": "http://api.tfl.gov.uk/AirQuality",
            "method": "GET",
            "header": [
              {
                "key": "Accept",
                "value": "*/*",
                "disabled": false
              }
            ],
            "body": {
              "mode": "raw"
            },
            "description": "Gets air quality data feed."
          },
          "response": [
            {
              "status": "OK",
              "code": 200,
              "name": "Response_200",
              "id": "bb9d46ed-b5e1-4bc2-8997-3c7bae05da7c"
            }
          ]
        }
      ]
    },
    {
      "name": "Bike",
      "item": [
        {
          "id": "3eb54576-ada4-40c8-8eda-df8e784bb60c",
          "name": "BikePoint_GetAll",
          "request": {
            "url": "http://api.tfl.gov.uk/BikePoint",
            "method": "GET",
            "header": [
              {
                "key": "Accept",
                "value": "*/*",
                "disabled": false
              }
            ],
            "body": {
              "mode": "raw"
            },
            "description": "Gets all bike point locations. the place object has an addtionalproperties array which contains the nbbikes, nbdocks and nbspaces\r\n            numbers which give the status of the bikepoint. a mismatch in these numbers i.e. nbdocks - (nbbikes + nbspa."
          },
          "response": [
            {
              "status": "OK",
              "code": 200,
              "name": "Response_200",
              "id": "5a322efc-0fa1-44b2-b989-f584186cf0f2"
            }
          ]
        },
        {
          "id": "83c92bd1-be64-4714-a7e9-38a658d5d5f0",
          "name": "BikePoint_Search",
          "request": {
            "url": "http://api.tfl.gov.uk/BikePoint/Search?query=%7B%7D",
            "method": "GET",
            "header": [
              {
                "key": "Accept",
                "value": "*/*",
                "disabled": false
              }
            ],
            "body": {
              "mode": "raw"
            },
            "description": "Search for bike stations by their name, a bike point's name often contains information about the name of the street\r\n            or nearby landmarks, for example. note that the search result does not contain the placeproperties i.e. the status\r\n     ."
          },
          "response": [
            {
              "status": "OK",
              "code": 200,
              "name": "Response_200",
              "id": "0a40c47d-8a03-4584-899d-f7d2f736d65c"
            }
          ]
        },
        {
          "id": "153b2105-1661-4cca-8bf7-66ebcefd1333",
          "name": "BikePoint_Get",
          "request": {
            "url": {
              "protocol": "http",
              "host": "api.tfl.gov.uk",
              "path": [
                "BikePoint/:id"
              ],
              "variable": [
                {
                  "id": "id",
                  "value": "{}",
                  "type": "string"
                }
              ]
            },
            "method": "GET",
            "header": [
              {
                "key": "Accept",
                "value": "*/*",
                "disabled": false
              }
            ],
            "body": {
              "mode": "raw"
            },
            "description": "Gets the bike point with the given id.."
          },
          "response": [
            {
              "status": "OK",
              "code": 200,
              "name": "Response_200",
              "id": "dd4a46f5-0c08-4ec2-922a-0df3c7945706"
            }
          ]
        }
      ]
    },
    {
      "name": "Cabwise",
      "item": [
        {
          "id": "11bf5f54-b1bc-4aca-9eb4-396bd6ba1256",
          "name": "Cabwise_Get",
          "request": {
            "url": "http://api.tfl.gov.uk/Cabwise/search?forceXml=%7B%7D&lat=%7B%7D&legacyFormat=%7B%7D&lon=%7B%7D&maxResults=%7B%7D&name=%7B%7D&optype=%7B%7D&radius=%7B%7D&twentyFourSevenOnly=%7B%7D&wc=%7B%7D",
            "method": "GET",
            "header": [
              {
                "key": "Accept",
                "value": "*/*",
                "disabled": false
              }
            ],
            "body": {
              "mode": "raw"
            },
            "description": "Gets taxis and minicabs contact information."
          },
          "response": [
            {
              "status": "OK",
              "code": 200,
              "name": "Response_200",
              "id": "bfc56661-9ebf-4661-a0ff-64e0fef38030"
            }
          ]
        }
      ]
    },
    {
      "name": "Journey",
      "item": [
        {
          "id": "b62625b4-fd5b-4e49-aa71-f2ad82dc4533",
          "name": "Journey_JourneyResults",
          "request": {
            "url": {
              "protocol": "http",
              "host": "api.tfl.gov.uk",
              "path": [
                "Journey/JourneyResults/:from/to/:to"
              ],
              "query": [
                {
                  "key": "accessibilityPreference",
                  "value": "%7B%7D",
                  "disabled": false
                },
                {
                  "key": "adjustment",
                  "value": "%7B%7D",
                  "disabled": false
                },
                {
                  "key": "alternativeCycle",
                  "value": "%7B%7D",
                  "disabled": false
                },
                {
                  "key": "alternativeWalking",
                  "value": "%7B%7D",
                  "disabled": false
                },
                {
                  "key": "applyHtmlMarkup",
                  "value": "%7B%7D",
                  "disabled": false
                },
                {
                  "key": "bikeProficiency",
                  "value": "%7B%7D",
                  "disabled": false
                },
                {
                  "key": "cyclePreference",
                  "value": "%7B%7D",
                  "disabled": false
                },
                {
                  "key": "date",
                  "value": "%7B%7D",
                  "disabled": false
                },
                {
                  "key": "fromName",
                  "value": "%7B%7D",
                  "disabled": false
                },
                {
                  "key": "journeyPreference",
                  "value": "%7B%7D",
                  "disabled": false
                },
                {
                  "key": "maxTransferMinutes",
                  "value": "%7B%7D",
                  "disabled": false
                },
                {
                  "key": "maxWalkingMinutes",
                  "value": "%7B%7D",
                  "disabled": false
                },
                {
                  "key": "mode",
                  "value": "%7B%7D",
                  "disabled": false
                },
                {
                  "key": "nationalSearch",
                  "value": "%7B%7D",
                  "disabled": false
                },
                {
                  "key": "taxiOnlyTrip",
                  "value": "%7B%7D",
                  "disabled": false
                },
                {
                  "key": "time",
                  "value": "%7B%7D",
                  "disabled": false
                },
                {
                  "key": "timeIs",
                  "value": "%7B%7D",
                  "disabled": false
                },
                {
                  "key": "toName",
                  "value": "%7B%7D",
                  "disabled": false
                },
                {
                  "key": "useMultiModalCall",
                  "value": "%7B%7D",
                  "disabled": false
                },
                {
                  "key": "via",
                  "value": "%7B%7D",
                  "disabled": false
                },
                {
                  "key": "viaName",
                  "value": "%7B%7D",
                  "disabled": false
                },
                {
                  "key": "walkingOptimization",
                  "value": "%7B%7D",
                  "disabled": false
                },
                {
                  "key": "walkingSpeed",
                  "value": "%7B%7D",
                  "disabled": false
                }
              ],
              "variable": [
                {
                  "id": "from",
                  "value": "{}",
                  "type": "string"
                },
                {
                  "id": "to",
                  "value": "{}",
                  "type": "string"
                }
              ]
            },
            "method": "GET",
            "header": [
              {
                "key": "Accept",
                "value": "*/*",
                "disabled": false
              }
            ],
            "body": {
              "mode": "raw"
            },
            "description": "Perform a journey planner search from the parameters specified in simple types."
          },
          "response": [
            {
              "status": "OK",
              "code": 200,
              "name": "Response_200",
              "id": "27580ddd-583b-44c0-8c22-c10434f3cd99"
            }
          ]
        },
        {
          "id": "016b0a2f-4524-4205-8128-27757e4983d8",
          "name": "Journey_Meta",
          "request": {
            "url": "http://api.tfl.gov.uk/Journey/Meta/Modes",
            "method": "GET",
            "header": [
              {
                "key": "Accept",
                "value": "*/*",
                "disabled": false
              }
            ],
            "body": {
              "mode": "raw"
            },
            "description": "Gets a list of all of the available journey planner modes."
          },
          "response": [
            {
              "status": "OK",
              "code": 200,
              "name": "Response_200",
              "id": "9b836d69-8ee1-4b41-b575-bde7ccfc1156"
            }
          ]
        }
      ]
    },
    {
      "name": "Line",
      "item": [
        {
          "id": "73fb7d0c-f030-4363-8b94-c28bce81eb9d",
          "name": "Line_MetaDisruptionCategories",
          "request": {
            "url": "http://api.tfl.gov.uk/Line/Meta/DisruptionCategories",
            "method": "GET",
            "header": [
              {
                "key": "Accept",
                "value": "*/*",
                "disabled": false
              }
            ],
            "body": {
              "mode": "raw"
            },
            "description": "Gets a list of valid disruption categories."
          },
          "response": [
            {
              "status": "OK",
              "code": 200,
              "name": "Response_200",
              "id": "f65e46f7-34fd-467d-b72a-4fabff01168f"
            }
          ]
        },
        {
          "id": "fbefe178-c536-42ba-b8be-594806d9ab6f",
          "name": "Line_MetaModes",
          "request": {
            "url": "http://api.tfl.gov.uk/Line/Meta/Modes",
            "method": "GET",
            "header": [
              {
                "key": "Accept",
                "value": "*/*",
                "disabled": false
              }
            ],
            "body": {
              "mode": "raw"
            },
            "description": "Gets a list of valid modes."
          },
          "response": [
            {
              "status": "OK",
              "code": 200,
              "name": "Response_200",
              "id": "b8dd89b3-a259-45ba-ac5e-a90f14efa369"
            }
          ]
        },
        {
          "id": "29a795a1-ddcc-46b5-ad30-4e5668416f41",
          "name": "Line_MetaServiceTypes",
          "request": {
            "url": "http://api.tfl.gov.uk/Line/Meta/ServiceTypes",
            "method": "GET",
            "header": [
              {
                "key": "Accept",
                "value": "*/*",
                "disabled": false
              }
            ],
            "body": {
              "mode": "raw"
            },
            "description": "Gets a list of valid servicetypes to filter on."
          },
          "response": [
            {
              "status": "OK",
              "code": 200,
              "name": "Response_200",
              "id": "60da2ad3-918d-428b-9468-112dcf1ceaf1"
            }
          ]
        },
        {
          "id": "8913c711-0737-4698-b692-e05651e11f37",
          "name": "Line_MetaSeverity",
          "request": {
            "url": "http://api.tfl.gov.uk/Line/Meta/Severity",
            "method": "GET",
            "header": [
              {
                "key": "Accept",
                "value": "*/*",
                "disabled": false
              }
            ],
            "body": {
              "mode": "raw"
            },
            "description": "Gets a list of valid severity codes."
          },
          "response": [
            {
              "status": "OK",
              "code": 200,
              "name": "Response_200",
              "id": "bff9a292-5107-4afe-a71a-d157cb0bf4f1"
            }
          ]
        },
        {
          "id": "74849010-bf26-4a6e-9d2d-c6f715bc8475",
          "name": "Line_GetByMode",
          "request": {
            "url": {
              "protocol": "http",
              "host": "api.tfl.gov.uk",
              "path": [
                "Line/Mode/:modes"
              ],
              "variable": [
                {
                  "id": "modes",
                  "value": "{}",
                  "type": "string"
                }
              ]
            },
            "method": "GET",
            "header": [
              {
                "key": "Accept",
                "value": "*/*",
                "disabled": false
              }
            ],
            "body": {
              "mode": "raw"
            },
            "description": "Gets lines that serve the given modes.."
          },
          "response": [
            {
              "status": "OK",
              "code": 200,
              "name": "Response_200",
              "id": "019ebdf5-d546-4ed8-80dc-6c789d0d549b"
            }
          ]
        },
        {
          "id": "2a68640a-4b4e-4538-9aa4-b62b11821d2a",
          "name": "Line_DisruptionByMode",
          "request": {
            "url": {
              "protocol": "http",
              "host": "api.tfl.gov.uk",
              "path": [
                "Line/Mode/:modes/Disruption"
              ],
              "variable": [
                {
                  "id": "modes",
                  "value": "{}",
                  "type": "string"
                }
              ]
            },
            "method": "GET",
            "header": [
              {
                "key": "Accept",
                "value": "*/*",
                "disabled": false
              }
            ],
            "body": {
              "mode": "raw"
            },
            "description": "Get disruptions for all lines of the given modes.."
          },
          "response": [
            {
              "status": "OK",
              "code": 200,
              "name": "Response_200",
              "id": "36089591-5e16-43a7-91c4-960d323496e3"
            }
          ]
        },
        {
          "id": "2f5831e4-4c23-4fa8-a962-875dd442759b",
          "name": "Line_RouteByMode",
          "request": {
            "url": {
              "protocol": "http",
              "host": "api.tfl.gov.uk",
              "path": [
                "Line/Mode/:modes/Route"
              ],
              "query": [
                {
                  "key": "serviceTypes",
                  "value": "%7B%7D",
                  "disabled": false
                }
              ],
              "variable": [
                {
                  "id": "modes",
                  "value": "{}",
                  "type": "string"
                }
              ]
            },
            "method": "GET",
            "header": [
              {
                "key": "Accept",
                "value": "*/*",
                "disabled": false
              }
            ],
            "body": {
              "mode": "raw"
            },
            "description": "Gets all lines and their valid routes for given modes, including the name and id of the originating and terminating stops for each route."
          },
          "response": [
            {
              "status": "OK",
              "code": 200,
              "name": "Response_200",
              "id": "df626aa7-cca5-421c-9f6b-d5d190152047"
            }
          ]
        },
        {
          "id": "29a126b1-ebda-4b65-8fe3-b611c664e2b4",
          "name": "Line_StatusByMode",
          "request": {
            "url": {
              "protocol": "http",
              "host": "api.tfl.gov.uk",
              "path": [
                "Line/Mode/:modes/Status"
              ],
              "query": [
                {
                  "key": "detail",
                  "value": "%7B%7D",
                  "disabled": false
                }
              ],
              "variable": [
                {
                  "id": "modes",
                  "value": "{}",
                  "type": "string"
                }
              ]
            },
            "method": "GET",
            "header": [
              {
                "key": "Accept",
                "value": "*/*",
                "disabled": false
              }
            ],
            "body": {
              "mode": "raw"
            },
            "description": "Gets the line status of for all lines for the given modes."
          },
          "response": [
            {
              "status": "OK",
              "code": 200,
              "name": "Response_200",
              "id": "16a3bef8-b965-409d-b1ad-bf7197a5e02e"
            }
          ]
        },
        {
          "id": "ecea2bad-5579-4e29-96ae-f988ea5cf0df",
          "name": "Line_Route",
          "request": {
            "url": "http://api.tfl.gov.uk/Line/Route?serviceTypes=%7B%7D",
            "method": "GET",
            "header": [
              {
                "key": "Accept",
                "value": "*/*",
                "disabled": false
              }
            ],
            "body": {
              "mode": "raw"
            },
            "description": "Get all valid routes for all lines, including the name and id of the originating and terminating stops for each route.."
          },
          "response": [
            {
              "status": "OK",
              "code": 200,
              "name": "Response_200",
              "id": "2ef6bbef-5531-4bfb-9633-0280594c6f95"
            }
          ]
        },
        {
          "id": "53de7a53-ee88-468f-9727-568bf6e1c91c",
          "name": "Line_Search",
          "request": {
            "url": {
              "protocol": "http",
              "host": "api.tfl.gov.uk",
              "path": [
                "Line/Search/:query"
              ],
              "query": [
                {
                  "key": "modes",
                  "value": "%7B%7D",
                  "disabled": false
                },
                {
                  "key": "serviceTypes",
                  "value": "%7B%7D",
                  "disabled": false
                }
              ],
              "variable": [
                {
                  "id": "query",
                  "value": "{}",
                  "type": "string"
                }
              ]
            },
            "method": "GET",
            "header": [
              {
                "key": "Accept",
                "value": "*/*",
                "disabled": false
              }
            ],
            "body": {
              "mode": "raw"
            },
            "description": "Search for lines or routes matching the query string."
          },
          "response": [
            {
              "status": "OK",
              "code": 200,
              "name": "Response_200",
              "id": "a582d7e9-3d81-4d86-af32-c74ac3c530a9"
            }
          ]
        },
        {
          "id": "79aa2b7e-45e6-4273-8868-00c231e72111",
          "name": "Line_StatusBySeverity",
          "request": {
            "url": {
              "protocol": "http",
              "host": "api.tfl.gov.uk",
              "path": [
                "Line/Status/:severity"
              ],
              "variable": [
                {
                  "id": "severity",
                  "value": "{}",
                  "type": "string"
                }
              ]
            },
            "method": "GET",
            "header": [
              {
                "key": "Accept",
                "value": "*/*",
                "disabled": false
              }
            ],
            "body": {
              "mode": "raw"
            },
            "description": "Gets the line status for all lines with a given severity\r\n            a list of valid severity codes can be obtained from a call to line/meta/severity."
          },
          "response": [
            {
              "status": "OK",
              "code": 200,
              "name": "Response_200",
              "id": "7313cae5-cc1a-42ca-ad42-268711bf7703"
            }
          ]
        },
        {
          "id": "b8122d9a-0e75-44ec-b671-49c87b47957f",
          "name": "Line_Get",
          "request": {
            "url": {
              "protocol": "http",
              "host": "api.tfl.gov.uk",
              "path": [
                "Line/:ids"
              ],
              "variable": [
                {
                  "id": "ids",
                  "value": "{}",
                  "type": "string"
                }
              ]
            },
            "method": "GET",
            "header": [
              {
                "key": "Accept",
                "value": "*/*",
                "disabled": false
              }
            ],
            "body": {
              "mode": "raw"
            },
            "description": "Gets lines that match the specified line ids.."
          },
          "response": [
            {
              "status": "OK",
              "code": 200,
              "name": "Response_200",
              "id": "db9f52be-8f0a-4180-bd79-30412a366d58"
            }
          ]
        },
        {
          "id": "aa96c9d5-1c53-4b78-9bca-aa75f0a92d60",
          "name": "Line_Arrivals",
          "request": {
            "url": {
              "protocol": "http",
              "host": "api.tfl.gov.uk",
              "path": [
                "Line/:ids/Arrivals/:stopPointId"
              ],
              "query": [
                {
                  "key": "destinationStationId",
                  "value": "%7B%7D",
                  "disabled": false
                },
                {
                  "key": "direction",
                  "value": "%7B%7D",
                  "disabled": false
                }
              ],
              "variable": [
                {
                  "id": "ids",
                  "value": "{}",
                  "type": "string"
                },
                {
                  "id": "stopPointId",
                  "value": "{}",
                  "type": "string"
                }
              ]
            },
            "method": "GET",
            "header": [
              {
                "key": "Accept",
                "value": "*/*",
                "disabled": false
              }
            ],
            "body": {
              "mode": "raw"
            },
            "description": "Get the list of arrival predictions for given line ids based at the given stop."
          },
          "response": [
            {
              "status": "OK",
              "code": 200,
              "name": "Response_200",
              "id": "e1485bd7-733c-4355-8528-b21a3fed6383"
            }
          ]
        },
        {
          "id": "97bb1db4-6f5a-4d44-a638-f8d529b60f1e",
          "name": "Line_Disruption",
          "request": {
            "url": {
              "protocol": "http",
              "host": "api.tfl.gov.uk",
              "path": [
                "Line/:ids/Disruption"
              ],
              "variable": [
                {
                  "id": "ids",
                  "value": "{}",
                  "type": "string"
                }
              ]
            },
            "method": "GET",
            "header": [
              {
                "key": "Accept",
                "value": "*/*",
                "disabled": false
              }
            ],
            "body": {
              "mode": "raw"
            },
            "description": "Get disruptions for the given line ids."
          },
          "response": [
            {
              "status": "OK",
              "code": 200,
              "name": "Response_200",
              "id": "776c27ac-5675-45dc-8318-84c6086bf4ce"
            }
          ]
        },
        {
          "id": "a06aae3e-fb98-46ef-97e5-8e05a0e85167",
          "name": "Line_LineRoutesByIds",
          "request": {
            "url": {
              "protocol": "http",
              "host": "api.tfl.gov.uk",
              "path": [
                "Line/:ids/Route"
              ],
              "query": [
                {
                  "key": "serviceTypes",
                  "value": "%7B%7D",
                  "disabled": false
                }
              ],
              "variable": [
                {
                  "id": "ids",
                  "value": "{}",
                  "type": "string"
                }
              ]
            },
            "method": "GET",
            "header": [
              {
                "key": "Accept",
                "value": "*/*",
                "disabled": false
              }
            ],
            "body": {
              "mode": "raw"
            },
            "description": "Get all valid routes for given line ids, including the name and id of the originating and terminating stops for each route.."
          },
          "response": [
            {
              "status": "OK",
              "code": 200,
              "name": "Response_200",
              "id": "6d2992b6-e41e-43e6-bd4a-e40edd8c5a7d"
            }
          ]
        },
        {
          "id": "d01423ab-e197-4762-9f23-9349a7d4af97",
          "name": "Line_StatusByIds",
          "request": {
            "url": {
              "protocol": "http",
              "host": "api.tfl.gov.uk",
              "path": [
                "Line/:ids/Status"
              ],
              "query": [
                {
                  "key": "detail",
                  "value": "%7B%7D",
                  "disabled": false
                }
              ],
              "variable": [
                {
                  "id": "ids",
                  "value": "{}",
                  "type": "string"
                }
              ]
            },
            "method": "GET",
            "header": [
              {
                "key": "Accept",
                "value": "*/*",
                "disabled": false
              }
            ],
            "body": {
              "mode": "raw"
            },
            "description": "Gets the line status of for given line ids e.g minor delays."
          },
          "response": [
            {
              "status": "OK",
              "code": 200,
              "name": "Response_200",
              "id": "8d2f4c38-18c1-4d08-89dc-96d0514a7462"
            }
          ]
        },
        {
          "id": "92ea7be5-9b43-4f8d-86cd-74149c0f9511",
          "name": "Line_Status",
          "request": {
            "url": {
              "protocol": "http",
              "host": "api.tfl.gov.uk",
              "path": [
                "Line/:ids/Status/:StartDate/to/:EndDate"
              ],
              "query": [
                {
                  "key": "dateRange.endDate",
                  "value": "%7B%7D",
                  "disabled": false
                },
                {
                  "key": "dateRange.startDate",
                  "value": "%7B%7D",
                  "disabled": false
                },
                {
                  "key": "detail",
                  "value": "%7B%7D",
                  "disabled": false
                }
              ],
              "variable": [
                {
                  "id": "EndDate",
                  "value": "{}",
                  "type": "string"
                },
                {
                  "id": "ids",
                  "value": "{}",
                  "type": "string"
                },
                {
                  "id": "StartDate",
                  "value": "{}",
                  "type": "string"
                },
                {
                  "id": "endDate",
                  "value": "{}",
                  "type": "string"
                },
                {
                  "id": "startDate",
                  "value": "{}",
                  "type": "string"
                }
              ]
            },
            "method": "GET",
            "header": [
              {
                "key": "Accept",
                "value": "*/*",
                "disabled": false
              }
            ],
            "body": {
              "mode": "raw"
            },
            "description": "Gets the line status for given line ids during the provided dates e.g minor delays."
          },
          "response": [
            {
              "status": "OK",
              "code": 200,
              "name": "Response_200",
              "id": "ba26cef4-0251-49a4-a481-a634717a7432"
            }
          ]
        },
        {
          "id": "1a84d4a0-5d60-431c-9272-5d2d67168fcc",
          "name": "Line_RouteSequence",
          "request": {
            "url": {
              "protocol": "http",
              "host": "api.tfl.gov.uk",
              "path": [
                "Line/:id/Route/Sequence/:direction"
              ],
              "query": [
                {
                  "key": "excludeCrowding",
                  "value": "%7B%7D",
                  "disabled": false
                },
                {
                  "key": "serviceTypes",
                  "value": "%7B%7D",
                  "disabled": false
                }
              ],
              "variable": [
                {
                  "id": "direction",
                  "value": "{}",
                  "type": "string"
                },
                {
                  "id": "id",
                  "value": "{}",
                  "type": "string"
                }
              ]
            },
            "method": "GET",
            "header": [
              {
                "key": "Accept",
                "value": "*/*",
                "disabled": false
              }
            ],
            "body": {
              "mode": "raw"
            },
            "description": "Gets all valid routes for given line id, including the sequence of stops on each route.."
          },
          "response": [
            {
              "status": "OK",
              "code": 200,
              "name": "Response_200",
              "id": "88c3f787-d017-45cc-b6ec-6b2dfc3262fb"
            }
          ]
        },
        {
          "id": "6fc67861-ae4c-4317-8120-c88b168d8f0b",
          "name": "Line_StopPoints",
          "request": {
            "url": {
              "protocol": "http",
              "host": "api.tfl.gov.uk",
              "path": [
                "Line/:id/StopPoints"
              ],
              "query": [
                {
                  "key": "tflOperatedNationalRailStationsOnly",
                  "value": "%7B%7D",
                  "disabled": false
                }
              ],
              "variable": [
                {
                  "id": "id",
                  "value": "{}",
                  "type": "string"
                }
              ]
            },
            "method": "GET",
            "header": [
              {
                "key": "Accept",
                "value": "*/*",
                "disabled": false
              }
            ],
            "body": {
              "mode": "raw"
            },
            "description": "Gets a list of the stations that serve the given line id."
          },
          "response": [
            {
              "status": "OK",
              "code": 200,
              "name": "Response_200",
              "id": "6765d14d-8224-40e7-a4d4-1f1947bb10ce"
            }
          ]
        },
        {
          "id": "98cf877f-8663-4a7b-a90b-a564a374be0f",
          "name": "Line_Timetable",
          "request": {
            "url": {
              "protocol": "http",
              "host": "api.tfl.gov.uk",
              "path": [
                "Line/:id/Timetable/:fromStopPointId"
              ],
              "variable": [
                {
                  "id": "fromStopPointId",
                  "value": "{}",
                  "type": "string"
                },
                {
                  "id": "id",
                  "value": "{}",
                  "type": "string"
                }
              ]
            },
            "method": "GET",
            "header": [
              {
                "key": "Accept",
                "value": "*/*",
                "disabled": false
              }
            ],
            "body": {
              "mode": "raw"
            },
            "description": "Gets the timetable for a specified station on the give line."
          },
          "response": [
            {
              "status": "OK",
              "code": 200,
              "name": "Response_200",
              "id": "a3f2b7f6-b1c2-45ac-b20e-3ea81a3eb899"
            }
          ]
        },
        {
          "id": "4c7aa4c8-4e46-429d-8a8d-c8189e8cd69d",
          "name": "Line_TimetableTo",
          "request": {
            "url": {
              "protocol": "http",
              "host": "api.tfl.gov.uk",
              "path": [
                "Line/:id/Timetable/:fromStopPointId/to/:toStopPointId"
              ],
              "variable": [
                {
                  "id": "fromStopPointId",
                  "value": "{}",
                  "type": "string"
                },
                {
                  "id": "id",
                  "value": "{}",
                  "type": "string"
                },
                {
                  "id": "toStopPointId",
                  "value": "{}",
                  "type": "string"
                }
              ]
            },
            "method": "GET",
            "header": [
              {
                "key": "Accept",
                "value": "*/*",
                "disabled": false
              }
            ],
            "body": {
              "mode": "raw"
            },
            "description": "Gets the timetable for a specified station on the give line with specified destination."
          },
          "response": [
            {
              "status": "OK",
              "code": 200,
              "name": "Response_200",
              "id": "0835125d-8ef6-4d1e-a01d-82c6cd61cae4"
            }
          ]
        },
        {
          "id": "7b5f0397-a1c0-4369-980d-9a53e2e4eb52",
          "name": "Line s  Arrivals",
          "request": {
            "url": {
              "protocol": "http",
              "host": "api.tfl.gov.uk",
              "path": [
                "Line/:ids/Arrivals"
              ],
              "query": [
                {
                  "key": "stopPointId",
                  "value": "%7B%7D",
                  "disabled": false
                }
              ],
              "variable": [
                {
                  "id": "ids",
                  "value": "{}",
                  "type": "string"
                }
              ]
            },
            "method": "GET",
            "header": [
              {
                "key": "Accept",
                "value": "*/*",
                "disabled": false
              }
            ],
            "body": {
              "mode": "raw"
            },
            "description": "Get the list of arrival predictions for given line ids based at the given stop."
          },
          "response": [
            {
              "status": "OK",
              "code": 200,
              "name": "Response_200",
              "id": "0c30678a-b525-4a4b-a74f-bc768e7aa8bf"
            }
          ]
        }
      ]
    },
    {
      "name": "Mode",
      "item": [
        {
          "id": "0178c4ef-3fa5-4707-bb77-b9e2e7bbf26e",
          "name": "Mode_GetActiveServiceTypes",
          "request": {
            "url": "http://api.tfl.gov.uk/Mode/ActiveServiceTypes",
            "method": "GET",
            "header": [
              {
                "key": "Accept",
                "value": "*/*",
                "disabled": false
              }
            ],
            "body": {
              "mode": "raw"
            },
            "description": "Returns the service type active for a mode.\r\n            currently only supports tube."
          },
          "response": [
            {
              "status": "OK",
              "code": 200,
              "name": "Response_200",
              "id": "80040988-5db5-438a-8e85-a15a8fe5c5cd"
            }
          ]
        },
        {
          "id": "07194779-c51a-49ee-b15c-33ebe574262d",
          "name": "Mode_Arrivals",
          "request": {
            "url": {
              "protocol": "http",
              "host": "api.tfl.gov.uk",
              "path": [
                "Mode/:mode/Arrivals"
              ],
              "query": [
                {
                  "key": "count",
                  "value": "%7B%7D",
                  "disabled": false
                }
              ],
              "variable": [
                {
                  "id": "mode",
                  "value": "{}",
                  "type": "string"
                }
              ]
            },
            "method": "GET",
            "header": [
              {
                "key": "Accept",
                "value": "*/*",
                "disabled": false
              }
            ],
            "body": {
              "mode": "raw"
            },
            "description": "Gets the next arrival predictions for all stops of a given mode."
          },
          "response": [
            {
              "status": "OK",
              "code": 200,
              "name": "Response_200",
              "id": "72e9d505-e551-42b5-b9ad-03da9233dd57"
            }
          ]
        }
      ]
    },
    {
      "name": "Occupancy",
      "item": [
        {
          "id": "0edfe154-69d6-4e16-947e-fd462b94c5ec",
          "name": "Occupancy_GetBikePointsOccupancies",
          "request": {
            "url": {
              "protocol": "http",
              "host": "api.tfl.gov.uk",
              "path": [
                "Occupancy/BikePoints/:ids"
              ],
              "variable": [
                {
                  "id": "ids",
                  "value": "{}",
                  "type": "string"
                }
              ]
            },
            "method": "GET",
            "header": [
              {
                "key": "Accept",
                "value": "*/*",
                "disabled": false
              }
            ],
            "body": {
              "mode": "raw"
            },
            "description": "Get the occupancy for bike points.."
          },
          "response": [
            {
              "status": "OK",
              "code": 200,
              "name": "Response_200",
              "id": "42d74b93-c217-415c-820f-db98a43331ea"
            }
          ]
        },
        {
          "id": "88cad51f-7094-45f0-9516-008b09d4eaa9",
          "name": "Occupancy.CarPark.get",
          "request": {
            "url": "http://api.tfl.gov.uk/Occupancy/CarPark",
            "method": "GET",
            "header": [
              {
                "key": "Accept",
                "value": "*/*",
                "disabled": false
              }
            ],
            "body": {
              "mode": "raw"
            },
            "description": "Gets the occupancy for all car parks that have occupancy data."
          },
          "response": [
            {
              "status": "OK",
              "code": 200,
              "name": "Response_200",
              "id": "abf4b956-1fe6-4b46-a45c-f809aba972cb"
            }
          ]
        },
        {
          "id": "58ae8fc4-e69d-4c32-b0bf-674c2adb79da",
          "name": "Occupancy.CarPark.id.get",
          "request": {
            "url": {
              "protocol": "http",
              "host": "api.tfl.gov.uk",
              "path": [
                "Occupancy/CarPark/:id"
              ],
              "variable": [
                {
                  "id": "id",
                  "value": "{}",
                  "type": "string"
                }
              ]
            },
            "method": "GET",
            "header": [
              {
                "key": "Accept",
                "value": "*/*",
                "disabled": false
              }
            ],
            "body": {
              "mode": "raw"
            },
            "description": "Gets the occupancy for a car park with a given id."
          },
          "response": [
            {
              "status": "OK",
              "code": 200,
              "name": "Response_200",
              "id": "e326bd34-2f87-48f8-a4de-246f3a47f581"
            }
          ]
        },
        {
          "id": "09e31965-1f1f-4833-9936-a023fd12df4d",
          "name": "Occupancy_GetAllChargeConnectorStatus",
          "request": {
            "url": "http://api.tfl.gov.uk/Occupancy/ChargeConnector",
            "method": "GET",
            "header": [
              {
                "key": "Accept",
                "value": "*/*",
                "disabled": false
              }
            ],
            "body": {
              "mode": "raw"
            },
            "description": "Gets the occupancy for all charge connectors."
          },
          "response": [
            {
              "status": "OK",
              "code": 200,
              "name": "Response_200",
              "id": "b39f3031-66b0-4a8e-ad36-d4e1cc8dc0a3"
            }
          ]
        },
        {
          "id": "da8ee0d8-cc9b-4772-b176-f4c12b43242a",
          "name": "Occupancy_GetChargeConnectorStatus",
          "request": {
            "url": {
              "protocol": "http",
              "host": "api.tfl.gov.uk",
              "path": [
                "Occupancy/ChargeConnector/:ids"
              ],
              "variable": [
                {
                  "id": "ids",
                  "value": "{}",
                  "type": "string"
                }
              ]
            },
            "method": "GET",
            "header": [
              {
                "key": "Accept",
                "value": "*/*",
                "disabled": false
              }
            ],
            "body": {
              "mode": "raw"
            },
            "description": "Gets the occupancy for a charge connectors with a given id (sourcesystemplaceid)."
          },
          "response": [
            {
              "status": "OK",
              "code": 200,
              "name": "Response_200",
              "id": "be0240ea-9c14-4984-af25-a70f219a9b95"
            }
          ]
        }
      ]
    },
    {
      "name": "Place",
      "item": [
        {
          "id": "1793682e-0b64-4187-8964-78d16da85a2d",
          "name": "Place_GetByGeoBox",
          "request": {
            "url": "http://api.tfl.gov.uk/Place?activeOnly=%7B%7D&bbBoxpoints.neLat=%7B%7D&bbBoxpoints.neLon=%7B%7D&bbBoxpoints.swLat=%7B%7D&bbBoxpoints.swLon=%7B%7D&categories=%7B%7D&includeChildren=%7B%7D&type=%7B%7D",
            "method": "GET",
            "header": [
              {
                "key": "Accept",
                "value": "*/*",
                "disabled": false
              }
            ],
            "body": {
              "mode": "raw"
            },
            "description": "Gets the places that lie within the bounding box defined by the lat/lon of its north-west and south-east corners. optionally filters\r\n            on type and can strip properties for a smaller payload.."
          },
          "response": [
            {
              "status": "OK",
              "code": 200,
              "name": "Response_200",
              "id": "a579a1e5-ae80-489e-9ac1-fe1952e274ca"
            }
          ]
        },
        {
          "id": "6554ef47-d98c-4236-b0dc-437dec2da64d",
          "name": "Place_GetStreetsByPostCode",
          "request": {
            "url": {
              "protocol": "http",
              "host": "api.tfl.gov.uk",
              "path": [
                "Place/Address/Streets/:Postcode"
              ],
              "query": [
                {
                  "key": "postcodeInput.postcode",
                  "value": "%7B%7D",
                  "disabled": false
                }
              ],
              "variable": [
                {
                  "id": "Postcode",
                  "value": "{}",
                  "type": "string"
                },
                {
                  "id": "postcode",
                  "value": "{}",
                  "type": "string"
                }
              ]
            },
            "method": "GET",
            "header": [
              {
                "key": "Accept",
                "value": "*/*",
                "disabled": false
              }
            ],
            "body": {
              "mode": "raw"
            },
            "description": "Gets the set of streets associated with a post code.."
          },
          "response": [
            {
              "status": "OK",
              "code": 200,
              "name": "Response_200",
              "id": "f6fcbf66-ec09-4244-a7b6-2fb9702a5963"
            }
          ]
        },
        {
          "id": "cfdeba23-8999-42a2-9edf-9b03189d5026",
          "name": "Place_MetaCategories",
          "request": {
            "url": "http://api.tfl.gov.uk/Place/Meta/Categories",
            "method": "GET",
            "header": [
              {
                "key": "Accept",
                "value": "*/*",
                "disabled": false
              }
            ],
            "body": {
              "mode": "raw"
            },
            "description": "Gets a list of all of the available place property categories and keys.."
          },
          "response": [
            {
              "status": "OK",
              "code": 200,
              "name": "Response_200",
              "id": "675e51cb-efda-4a05-842e-fb1d9fb5799e"
            }
          ]
        },
        {
          "id": "0ab5159f-feab-4034-949b-1d6db2b7a9d8",
          "name": "Place_MetaPlaceTypes",
          "request": {
            "url": "http://api.tfl.gov.uk/Place/Meta/PlaceTypes",
            "method": "GET",
            "header": [
              {
                "key": "Accept",
                "value": "*/*",
                "disabled": false
              }
            ],
            "body": {
              "mode": "raw"
            },
            "description": "Gets a list of the available types of place.."
          },
          "response": [
            {
              "status": "OK",
              "code": 200,
              "name": "Response_200",
              "id": "bfad0843-7faf-47a2-bfee-198ead298f69"
            }
          ]
        },
        {
          "id": "1adc02f4-7cd3-4d1f-aac9-23d113858e33",
          "name": "Place_Search",
          "request": {
            "url": "http://api.tfl.gov.uk/Place/Search?name=%7B%7D&types=%7B%7D",
            "method": "GET",
            "header": [
              {
                "key": "Accept",
                "value": "*/*",
                "disabled": false
              }
            ],
            "body": {
              "mode": "raw"
            },
            "description": "Gets all places that matches the given query."
          },
          "response": [
            {
              "status": "OK",
              "code": 200,
              "name": "Response_200",
              "id": "e75b56df-07dd-48eb-bd05-923badab2d2f"
            }
          ]
        },
        {
          "id": "2ad8edd5-a14c-49d6-adb8-727e9dfc4fa7",
          "name": "Place_GetByType",
          "request": {
            "url": {
              "protocol": "http",
              "host": "api.tfl.gov.uk",
              "path": [
                "Place/Type/:types"
              ],
              "query": [
                {
                  "key": "activeOnly",
                  "value": "%7B%7D",
                  "disabled": false
                }
              ],
              "variable": [
                {
                  "id": "types",
                  "value": "{}",
                  "type": "string"
                }
              ]
            },
            "method": "GET",
            "header": [
              {
                "key": "Accept",
                "value": "*/*",
                "disabled": false
              }
            ],
            "body": {
              "mode": "raw"
            },
            "description": "Gets all places of a given type."
          },
          "response": [
            {
              "status": "OK",
              "code": 200,
              "name": "Response_200",
              "id": "e797eecb-264b-4ca8-b591-c0ab6547097e"
            }
          ]
        },
        {
          "id": "dcf13d4b-4476-4cb4-9f06-002fa3b76185",
          "name": "Place_Get",
          "request": {
            "url": {
              "protocol": "http",
              "host": "api.tfl.gov.uk",
              "path": [
                "Place/:id"
              ],
              "query": [
                {
                  "key": "includeChildren",
                  "value": "%7B%7D",
                  "disabled": false
                }
              ],
              "variable": [
                {
                  "id": "id",
                  "value": "{}",
                  "type": "string"
                }
              ]
            },
            "method": "GET",
            "header": [
              {
                "key": "Accept",
                "value": "*/*",
                "disabled": false
              }
            ],
            "body": {
              "mode": "raw"
            },
            "description": "Gets the place with the given id.."
          },
          "response": [
            {
              "status": "OK",
              "code": 200,
              "name": "Response_200",
              "id": "93fce5eb-12ba-4075-9839-aa7fb9c93501"
            }
          ]
        },
        {
          "id": "17c39926-1dce-45f6-b206-0ba9c1f2f98d",
          "name": "Place_GetAt",
          "request": {
            "url": {
              "protocol": "http",
              "host": "api.tfl.gov.uk",
              "path": [
                "Place/:type/At/:Lat/:Lon"
              ],
              "query": [
                {
                  "key": "location.lat",
                  "value": "%7B%7D",
                  "disabled": false
                },
                {
                  "key": "location.lon",
                  "value": "%7B%7D",
                  "disabled": false
                }
              ],
              "variable": [
                {
                  "id": "Lat",
                  "value": "{}",
                  "type": "string"
                },
                {
                  "id": "Lon",
                  "value": "{}",
                  "type": "string"
                },
                {
                  "id": "type",
                  "value": "{}",
                  "type": "string"
                },
                {
                  "id": "lat",
                  "value": "{}",
                  "type": "string"
                },
                {
                  "id": "lon",
                  "value": "{}",
                  "type": "string"
                }
              ]
            },
            "method": "GET",
            "header": [
              {
                "key": "Accept",
                "value": "*/*",
                "disabled": false
              }
            ],
            "body": {
              "mode": "raw"
            },
            "description": "Gets any places of the given type whose geography intersects the given latitude and longitude. in practice this means the place\r\n            must be polygonal e.g. a boroughboundary.."
          },
          "response": [
            {
              "status": "OK",
              "code": 200,
              "name": "Response_200",
              "id": "8fb9a5e6-4379-4be4-b40a-04a45e830bfb"
            }
          ]
        },
        {
          "id": "7f850792-9652-458e-8732-41be68fa5afe",
          "name": "Place_GetOverlay",
          "request": {
            "url": {
              "protocol": "http",
              "host": "api.tfl.gov.uk",
              "path": [
                "Place/:type/overlay/:z/:Lat/:Lon/:width/:height"
              ],
              "query": [
                {
                  "key": "location.lat",
                  "value": "%7B%7D",
                  "disabled": false
                },
                {
                  "key": "location.lon",
                  "value": "%7B%7D",
                  "disabled": false
                }
              ],
              "variable": [
                {
                  "id": "height",
                  "value": "{}",
                  "type": "string"
                },
                {
                  "id": "Lat",
                  "value": "{}",
                  "type": "string"
                },
                {
                  "id": "Lon",
                  "value": "{}",
                  "type": "string"
                },
                {
                  "id": "type",
                  "value": "{}",
                  "type": "string"
                },
                {
                  "id": "width",
                  "value": "{}",
                  "type": "string"
                },
                {
                  "id": "z",
                  "value": "{}",
                  "type": "string"
                },
                {
                  "id": "lat",
                  "value": "{}",
                  "type": "string"
                },
                {
                  "id": "lon",
                  "value": "{}",
                  "type": "string"
                }
              ]
            },
            "method": "GET",
            "header": [
              {
                "key": "Accept",
                "value": "*/*",
                "disabled": false
              }
            ],
            "body": {
              "mode": "raw"
            },
            "description": "Gets the place overlay for a given set of co-ordinates and a given width/height.."
          },
          "response": [
            {
              "status": "OK",
              "code": 200,
              "name": "Response_200",
              "id": "6994447b-3a7a-4ab4-98d4-8d5b319e0d9c"
            }
          ]
        }
      ]
    },
    {
      "name": "Road",
      "item": [
        {
          "id": "c1caf681-da21-47af-86c9-c507e544dec8",
          "name": "Road.get",
          "request": {
            "url": "http://api.tfl.gov.uk/Road",
            "method": "GET",
            "header": [
              {
                "key": "Accept",
                "value": "*/*",
                "disabled": false
              }
            ],
            "body": {
              "mode": "raw"
            },
            "description": "Gets all roads managed by tfl."
          },
          "response": [
            {
              "status": "OK",
              "code": 200,
              "name": "Response_200",
              "id": "da624e97-bf8b-4089-bfb9-a2e0ba09a2c8"
            }
          ]
        },
        {
          "id": "ba3ce974-c0a8-4a46-929a-f7241318be94",
          "name": "Road_MetaCategories",
          "request": {
            "url": "http://api.tfl.gov.uk/Road/Meta/Categories",
            "method": "GET",
            "header": [
              {
                "key": "Accept",
                "value": "*/*",
                "disabled": false
              }
            ],
            "body": {
              "mode": "raw"
            },
            "description": "Gets a list of valid roaddisruption categories."
          },
          "response": [
            {
              "status": "OK",
              "code": 200,
              "name": "Response_200",
              "id": "a3d3e475-9a2c-4e08-9896-957f61ed0e7f"
            }
          ]
        },
        {
          "id": "c7262753-9417-4e5c-95b9-848c02dbb57d",
          "name": "Road_MetaSeverities",
          "request": {
            "url": "http://api.tfl.gov.uk/Road/Meta/Severities",
            "method": "GET",
            "header": [
              {
                "key": "Accept",
                "value": "*/*",
                "disabled": false
              }
            ],
            "body": {
              "mode": "raw"
            },
            "description": "Gets a list of valid roaddisruption severity codes."
          },
          "response": [
            {
              "status": "OK",
              "code": 200,
              "name": "Response_200",
              "id": "ea31bcb5-2ba8-49ff-8657-772c53630df0"
            }
          ]
        },
        {
          "id": "b2300362-ce4f-4920-82c4-4b3c4d6d45f1",
          "name": "Road_DisruptionById",
          "request": {
            "url": {
              "protocol": "http",
              "host": "api.tfl.gov.uk",
              "path": [
                "Road/all/Disruption/:disruptionIds"
              ],
              "query": [
                {
                  "key": "stripContent",
                  "value": "%7B%7D",
                  "disabled": false
                }
              ],
              "variable": [
                {
                  "id": "disruptionIds",
                  "value": "{}",
                  "type": "string"
                }
              ]
            },
            "method": "GET",
            "header": [
              {
                "key": "Accept",
                "value": "*/*",
                "disabled": false
              }
            ],
            "body": {
              "mode": "raw"
            },
            "description": "Gets a list of active disruptions filtered by disruption ids.."
          },
          "response": [
            {
              "status": "OK",
              "code": 200,
              "name": "Response_200",
              "id": "e1a4745e-29d5-4c57-b24d-1d26f84385ab"
            }
          ]
        },
        {
          "id": "d6b41a8a-f9ff-42f4-9a91-5dae1024297a",
          "name": "Road_DisruptedStreets",
          "request": {
            "url": "http://api.tfl.gov.uk/Road/all/Street/Disruption?endDate=%7B%7D&startDate=%7B%7D",
            "method": "GET",
            "header": [
              {
                "key": "Accept",
                "value": "*/*",
                "disabled": false
              }
            ],
            "body": {
              "mode": "raw"
            },
            "description": "Gets a list of disrupted streets. if no date filters are provided, current disruptions are returned.."
          },
          "response": [
            {
              "status": "OK",
              "code": 200,
              "name": "Response_200",
              "id": "dc944cb6-7d02-4da0-8e17-95a22b80a02f"
            }
          ]
        },
        {
          "id": "fdc0788d-8029-450f-89a8-48ebd29ed85a",
          "name": "Road.ids.get",
          "request": {
            "url": {
              "protocol": "http",
              "host": "api.tfl.gov.uk",
              "path": [
                "Road/:ids"
              ],
              "variable": [
                {
                  "id": "ids",
                  "value": "{}",
                  "type": "string"
                }
              ]
            },
            "method": "GET",
            "header": [
              {
                "key": "Accept",
                "value": "*/*",
                "disabled": false
              }
            ],
            "body": {
              "mode": "raw"
            },
            "description