{
  "info": {
    "name": "Transportation Laws and Incentives Fetch the details of a specific law given the law's ID.",
    "_postman_id": "77c37c75-9abc-4e0b-8659-2a0fc2235cff",
    "description": "Fetch the details of a specific law given the law's id..",
    "schema": "https://schema.getpostman.com/json/collection/v2.0.0/"
  },
  "item": [
    {
      "name": "Return",
      "item": [
        {
          "id": "39547994-048b-4d6d-8b2f-3b3a7765058b",
          "name": "v1.output_format.get",
          "request": {
            "url": {
              "protocol": "http",
              "host": "developer.nrel.gov",
              "path": [
                "api",
                "transportation-incentives-laws",
                "v1.:output_format"
              ],
              "query": [
                {
                  "key": "expired",
                  "value": "%7B%7D",
                  "disabled": false
                },
                {
                  "key": "incentive_type",
                  "value": "%7B%7D",
                  "disabled": false
                },
                {
                  "key": "jurisdiction",
                  "value": "%7B%7D",
                  "disabled": false
                },
                {
                  "key": "keyword",
                  "value": "%7B%7D",
                  "disabled": false
                },
                {
                  "key": "law_type",
                  "value": "%7B%7D",
                  "disabled": false
                },
                {
                  "key": "limit",
                  "value": "%7B%7D",
                  "disabled": false
                },
                {
                  "key": "local",
                  "value": "%7B%7D",
                  "disabled": false
                },
                {
                  "key": "poc",
                  "value": "%7B%7D",
                  "disabled": false
                },
                {
                  "key": "recent",
                  "value": "%7B%7D",
                  "disabled": false
                },
                {
                  "key": "regulation_type",
                  "value": "%7B%7D",
                  "disabled": false
                },
                {
                  "key": "technology",
                  "value": "%7B%7D",
                  "disabled": false
                },
                {
                  "key": "user_type",
                  "value": "%7B%7D",
                  "disabled": false
                }
              ],
              "variable": [
                {
                  "id": "output_format",
                  "value": "{}",
                  "type": "string"
                }
              ]
            },
            "method": "GET",
            "body": {
              "mode": "raw"
            },
            "description": "Return a full list of laws and incentives that match your query.."
          },
          "response": [
            {
              "status": "OK",
              "code": 200,
              "name": "Response_200",
              "id": "119da872-6f9c-456f-b195-745bd8dc9aaf"
            }
          ]
        },
        {
          "id": "21d51f35-0213-4989-ba90-19d75de428b9",
          "name": "v1.category_list.output_format.get",
          "request": {
            "url": {
              "protocol": "http",
              "host": "developer.nrel.gov",
              "path": [
                "api",
                "transportation-incentives-laws",
                "v1/category-list.:output_format"
              ],
              "query": [
                {
                  "key": "type",
                  "value": "%7B%7D",
                  "disabled": false
                }
              ],
              "variable": [
                {
                  "id": "output_format",
                  "value": "{}",
                  "type": "string"
                }
              ]
            },
            "method": "GET",
            "body": {
              "mode": "raw"
            },
            "description": "Return the law categories for a given category type.."
          },
          "response": [
            {
              "status": "OK",
              "code": 200,
              "name": "Response_200",
              "id": "97c98404-28a0-41db-b194-ff42143e52c6"
            }
          ]
        }
      ]
    },
    {
      "name": "Points",
      "item": [
        {
          "id": "6b539304-41f0-436a-a90b-a986860ae8d4",
          "name": "v1.pocs.output_format.get",
          "request": {
            "url": {
              "protocol": "http",
              "host": "developer.nrel.gov",
              "path": [
                "api",
                "transportation-incentives-laws",
                "v1/pocs.:output_format"
              ],
              "query": [
                {
                  "key": "jurisdiction",
                  "value": "%7B%7D",
                  "disabled": false
                }
              ],
              "variable": [
                {
                  "id": "output_format",
                  "value": "{}",
                  "type": "string"
                }
              ]
            },
            "method": "GET",
            "body": {
              "mode": "raw"
            },
            "description": "Get the points of contact for a given jurisdiction.."
          },
          "response": [
            {
              "status": "OK",
              "code": 200,
              "name": "Response_200",
              "id": "f516f349-4959-40fa-8d47-091abc049b16"
            }
          ]
        }
      ]
    },
    {
      "name": "Fetch",
      "item": [
        {
          "id": "f5bd4e77-6058-4918-b230-92aef2f3230c",
          "name": "v1.id.output_format.get",
          "request": {
            "url": {
              "protocol": "http",
              "host": "developer.nrel.gov",
              "path": [
                "api",
                "transportation-incentives-laws",
                "v1/:id.:output_format"
              ],
              "query": [
                {
                  "key": "poc",
                  "value": "%7B%7D",
                  "disabled": false
                }
              ],
              "variable": [
                {
                  "id": "id",
                  "value": "{}",
                  "type": "string"
                },
                {
                  "id": "output_format",
                  "value": "{}",
                  "type": "string"
                }
              ]
            },
            "method": "GET",
            "body": {
              "mode": "raw"
            },
            "description": "Fetch the details of a specific law given the law's id.."
          },
          "response": [
            {
              "status": "OK",
              "code": 200,
              "name": "Response_200",
              "id": "da55e5c6-1a75-4b0f-8dcf-3a1cd0d61c03"
            }
          ]
        }
      ]
    }
  ]
}