{
  "info": {
    "name": "Bay Area 511 Transit API Lines API",
    "_postman_id": "91c2e4a1-caa0-444f-bdbc-631b00b71156",
    "description": "San francisco 511 transit lines api.",
    "schema": "https://schema.getpostman.com/json/collection/v2.0.0/"
  },
  "item": [
    {
      "name": "511",
      "item": [
        {
          "id": "e3af2f86-57a1-4a5e-853d-06373521c4da",
          "name": "LinesGet",
          "request": {
            "url": "http://api.511.org/transit/lines?api_key=%7B%7D&operator_id=%7B%7D",
            "method": "GET",
            "header": [
              {
                "key": "Accept",
                "value": "*/*",
                "disabled": false
              }
            ],
            "body": {
              "mode": "raw"
            },
            "description": "San francisco 511 transit lines api."
          },
          "response": [
            {
              "status": "OK",
              "code": 200,
              "name": "Response_200",
              "id": "53d3d945-b976-4d88-b7a5-0eff7a82bf72"
            }
          ]
        }
      ]
    }
  ]
}