{
  "info": {
    "name": "MapQuest Search for places with optional geographic and categorical contexts.",
    "_postman_id": "a7d14dc7-e2f2-4cdb-93a1-e6afa370dd91",
    "description": "Get a list of search results ordered by relevance or distance from a spatial reference point, optionally filtered by category, and optionally bounded within a geographic constraint.",
    "schema": "https://schema.getpostman.com/json/collection/v2.0.0/"
  },
  "item": [
    {
      "name": "Mapping",
      "item": [
        {
          "id": "38080d1b-524c-4534-854f-5febed826ea1",
          "name": "get-a-list-of-search-results-ordered-by-relevance-or-distance-from-a-spatial-reference-point-optiona",
          "request": {
            "url": "http://www.mapquestapi.com/search/v4/place?bbox=%7B%7D&category=%7B%7D&circle=%7B%7D&corridor=%7B%7D&feedback=%7B%7D&key=%7B%7D&limit=%7B%7D&location=%7B%7D&page=%7B%7D&pageSize=%7B%7D&q=%7B%7D&sort=%7B%7D",
            "method": "GET",
            "header": [
              {
                "key": "Accept",
                "value": "*/*",
                "disabled": false
              }
            ],
            "body": {
              "mode": "raw"
            },
            "description": "Get a list of search results ordered by relevance or distance from a spatial reference point, optionally filtered by category, and optionally bounded within a geographic constraint."
          },
          "response": [
            {
              "status": "OK",
              "code": 200,
              "name": "Response_200",
              "id": "d71f28ac-49b2-450c-ae95-01a10c1d0a67"
            }
          ]
        }
      ]
    }
  ]
}