{
  "info": {
    "name": "HealthCare.gov Get Statename",
    "_postman_id": "99a04fa2-89ab-47dc-b842-63abe4444aee",
    "description": "Returns pages content.",
    "schema": "https://schema.getpostman.com/json/collection/v2.0.0/"
  },
  "item": [
    {
      "name": "Articles",
      "item": [
        {
          "id": "8049e8d8-7694-4140-97a8-76e8a5ee7048",
          "name": "getApiArticlesMediatypeextension",
          "request": {
            "url": {
              "protocol": "http",
              "host": "www.healthcare.gov",
              "path": [
                "api/articles:mediaTypeExtension"
              ],
              "variable": [
                {
                  "id": "mediaTypeExtension",
                  "value": "{}",
                  "type": "string"
                }
              ]
            },
            "method": "GET",
            "body": {
              "mode": "raw"
            },
            "description": "Returns pages content."
          },
          "response": [
            {
              "status": "OK",
              "code": 200,
              "name": "Response_200",
              "id": "3ad194d4-ee7c-4938-8d93-49ac0e5fcda5"
            }
          ]
        }
      ]
    },
    {
      "name": "Blog",
      "item": [
        {
          "id": "59841a63-7cc1-4a7f-a35c-30d3df166790",
          "name": "getApiBlogMediatypeextension",
          "request": {
            "url": {
              "protocol": "http",
              "host": "www.healthcare.gov",
              "path": [
                "api/blog:mediaTypeExtension"
              ],
              "variable": [
                {
                  "id": "mediaTypeExtension",
                  "value": "{}",
                  "type": "string"
                }
              ]
            },
            "method": "GET",
            "body": {
              "mode": "raw"
            },
            "description": "Returns pages content."
          },
          "response": [
            {
              "status": "OK",
              "code": 200,
              "name": "Response_200",
              "id": "17ef39f0-3a34-4431-a566-391b416af497"
            }
          ]
        },
        {
          "id": "757d2508-f56b-4091-bfc7-b5db92f6414f",
          "name": "getBlogPagenameMediatypeextension",
          "request": {
            "url": {
              "protocol": "http",
              "host": "www.healthcare.gov",
              "path": [
                "blog/:pageName:mediaTypeExtension"
              ],
              "variable": [
                {
                  "id": "mediaTypeExtension",
                  "value": "{}",
                  "type": "string"
                },
                {
                  "id": "pageName",
                  "value": "{}",
                  "type": "string"
                }
              ]
            },
            "method": "GET",
            "body": {
              "mode": "raw"
            },
            "description": "Returns pages content."
          },
          "response": [
            {
              "status": "OK",
              "code": 200,
              "name": "Response_200",
              "id": "f31c8f17-1065-4e01-bfea-4c447b74bea4"
            }
          ]
        }
      ]
    },
    {
      "name": "Glossary",
      "item": [
        {
          "id": "98827384-b75e-4d29-99cd-918e90c794e8",
          "name": "getApiGlossaryMediatypeextension",
          "request": {
            "url": {
              "protocol": "http",
              "host": "www.healthcare.gov",
              "path": [
                "api/glossary:mediaTypeExtension"
              ],
              "variable": [
                {
                  "id": "mediaTypeExtension",
                  "value": "{}",
                  "type": "string"
                }
              ]
            },
            "method": "GET",
            "body": {
              "mode": "raw"
            },
            "description": "Returns pages content."
          },
          "response": [
            {
              "status": "OK",
              "code": 200,
              "name": "Response_200",
              "id": "1f55a98f-336a-4b97-a463-560fef5c5235"
            }
          ]
        },
        {
          "id": "7a3569ee-3356-411d-8810-b8d8e5ce4367",
          "name": "getGlossaryPagenameMediatypeextension",
          "request": {
            "url": {
              "protocol": "http",
              "host": "www.healthcare.gov",
              "path": [
                "glossary/:pageName:mediaTypeExtension"
              ],
              "variable": [
                {
                  "id": "mediaTypeExtension",
                  "value": "{}",
                  "type": "string"
                },
                {
                  "id": "pageName",
                  "value": "{}",
                  "type": "string"
                }
              ]
            },
            "method": "GET",
            "body": {
              "mode": "raw"
            },
            "description": "Returns pages content."
          },
          "response": [
            {
              "status": "OK",
              "code": 200,
              "name": "Response_200",
              "id": "be355de4-0e85-406d-aac0-45ebf3ab5f30"
            }
          ]
        }
      ]
    },
    {
      "name": "Questions",
      "item": [
        {
          "id": "c2d8ba85-d0aa-4375-a872-bee95db13048",
          "name": "getApiQuestionsMediatypeextension",
          "request": {
            "url": {
              "protocol": "http",
              "host": "www.healthcare.gov",
              "path": [
                "api/questions:mediaTypeExtension"
              ],
              "variable": [
                {
                  "id": "mediaTypeExtension",
                  "value": "{}",
                  "type": "string"
                }
              ]
            },
            "method": "GET",
            "body": {
              "mode": "raw"
            },
            "description": "Returns pages content."
          },
          "response": [
            {
              "status": "OK",
              "code": 200,
              "name": "Response_200",
              "id": "8e65039e-0d37-4113-8c3c-43fb0c2beac1"
            }
          ]
        }
      ]
    },
    {
      "name": "States",
      "item": [
        {
          "id": "6f5630fc-c2d7-4b9a-bfaf-fdd1f362bcec",
          "name": "getApiStatesMediatypeextension",
          "request": {
            "url": {
              "protocol": "http",
              "host": "www.healthcare.gov",
              "path": [
                "api/states:mediaTypeExtension"
              ],
              "variable": [
                {
                  "id": "mediaTypeExtension",
                  "value": "{}",
                  "type": "string"
                }
              ]
            },
            "method": "GET",
            "body": {
              "mode": "raw"
            },
            "description": "Returns pages content."
          },
          "response": [
            {
              "status": "OK",
              "code": 200,
              "name": "Response_200",
              "id": "3ef9d0f2-999b-4c06-9347-76ae6113567a"
            }
          ]
        }
      ]
    },
    {
      "name": "Topics",
      "item": [
        {
          "id": "92c6165e-d2ef-4903-9e21-6b51243f1a99",
          "name": "getApiTopicsMediatypeextension",
          "request": {
            "url": {
              "protocol": "http",
              "host": "www.healthcare.gov",
              "path": [
                "api/topics:mediaTypeExtension"
              ],
              "variable": [
                {
                  "id": "mediaTypeExtension",
                  "value": "{}",
                  "type": "string"
                }
              ]
            },
            "method": "GET",
            "body": {
              "mode": "raw"
            },
            "description": "Returns pages content."
          },
          "response": [
            {
              "status": "OK",
              "code": 200,
              "name": "Response_200",
              "id": "d3f7408b-979e-41bd-943b-3a728b1928b1"
            }
          ]
        }
      ]
    },
    {
      "name": "Es",
      "item": [
        {
          "id": "d7afc490-fb52-46b8-888a-e765802432de",
          "name": "getEsBlogPagenameMediatypeextension",
          "request": {
            "url": {
              "protocol": "http",
              "host": "www.healthcare.gov",
              "path": [
                "es/blog/:pageName:mediaTypeExtension"
              ],
              "variable": [
                {
                  "id": "mediaTypeExtension",
                  "value": "{}",
                  "type": "string"
                },
                {
                  "id": "pageName",
                  "value": "{}",
                  "type": "string"
                }
              ]
            },
            "method": "GET",
            "body": {
              "mode": "raw"
            },
            "description": "Returns pages content."
          },
          "response": [
            {
              "status": "OK",
              "code": 200,
              "name": "Response_200",
              "id": "8cb73df0-ec3c-4d46-9aa8-8ed177bf4a48"
            }
          ]
        },
        {
          "id": "00b3a89b-c637-4913-82e6-ca15252f9bb7",
          "name": "getEsGlossaryPagenameMediatypeextension",
          "request": {
            "url": {
              "protocol": "http",
              "host": "www.healthcare.gov",
              "path": [
                "es/glossary/:pageName:mediaTypeExtension"
              ],
              "variable": [
                {
                  "id": "mediaTypeExtension",
                  "value": "{}",
                  "type": "string"
                },
                {
                  "id": "pageName",
                  "value": "{}",
                  "type": "string"
                }
              ]
            },
            "method": "GET",
            "body": {
              "mode": "raw"
            },
            "description": "Returns pages content."
          },
          "response": [
            {
              "status": "OK",
              "code": 200,
              "name": "Response_200",
              "id": "f3104f56-259d-4015-86c1-075a1e4964d8"
            }
          ]
        },
        {
          "id": "bab886c0-8c65-4817-bbe9-77a97b84f91c",
          "name": "getEsQuestionPagenameMediatypeextension",
          "request": {
            "url": {
              "protocol": "http",
              "host": "www.healthcare.gov",
              "path": [
                "es/question/:pageName:mediaTypeExtension"
              ],
              "variable": [
                {
                  "id": "mediaTypeExtension",
                  "value": "{}",
                  "type": "string"
                },
                {
                  "id": "pageName",
                  "value": "{}",
                  "type": "string"
                }
              ]
            },
            "method": "GET",
            "body": {
              "mode": "raw"
            },
            "description": "Returns pages content."
          },
          "response": [
            {
              "status": "OK",
              "code": 200,
              "name": "Response_200",
              "id": "fdf81270-cafc-400f-9bb4-32e22dd2bc11"
            }
          ]
        },
        {
          "id": "cd011a14-600d-4bbc-a8d9-09f64b72f2e0",
          "name": "getEsPagenameMediatypeextension",
          "request": {
            "url": {
              "protocol": "http",
              "host": "www.healthcare.gov",
              "path": [
                "es/:pageName:mediaTypeExtension"
              ],
              "variable": [
                {
                  "id": "mediaTypeExtension",
                  "value": "{}",
                  "type": "string"
                },
                {
                  "id": "pageName",
                  "value": "{}",
                  "type": "string"
                }
              ]
            },
            "method": "GET",
            "body": {
              "mode": "raw"
            },
            "description": "Returns pages content."
          },
          "response": [
            {
              "status": "OK",
              "code": 200,
              "name": "Response_200",
              "id": "95844d7d-9ab0-4704-bf65-affaf1b19f17"
            }
          ]
        },
        {
          "id": "69e47c56-3622-482a-b27a-4c2c26c4fa7d",
          "name": "getEsStatenameMediatypeextension",
          "request": {
            "url": {
              "protocol": "http",
              "host": "www.healthcare.gov",
              "path": [
                "es/:stateName:mediaTypeExtension"
              ],
              "variable": [
                {
                  "id": "mediaTypeExtension",
                  "value": "{}",
                  "type": "string"
                },
                {
                  "id": "stateName",
                  "value": "{}",
                  "type": "string"
                }
              ]
            },
            "method": "GET",
            "body": {
              "mode": "raw"
            },
            "description": "Returns pages content."
          },
          "response": [
            {
              "status": "OK",
              "code": 200,
              "name": "Response_200",
              "id": "ec9f7f8e-40eb-4a9f-89c6-b73ccb19740f"
            }
          ]
        }
      ]
    },
    {
      "name": "Question",
      "item": [
        {
          "id": "3a43ef4d-9c62-4fd1-b4dd-d8e00d12610f",
          "name": "getQuestionPagenameMediatypeextension",
          "request": {
            "url": {
              "protocol": "http",
              "host": "www.healthcare.gov",
              "path": [
                "question/:pageName:mediaTypeExtension"
              ],
              "variable": [
                {
                  "id": "mediaTypeExtension",
                  "value": "{}",
                  "type": "string"
                },
                {
                  "id": "pageName",
                  "value": "{}",
                  "type": "string"
                }
              ]
            },
            "method": "GET",
            "body": {
              "mode": "raw"
            },
            "description": "Returns pages content."
          },
          "response": [
            {
              "status": "OK",
              "code": 200,
              "name": "Response_200",
              "id": "47e4c811-3f87-4608-9159-05824299ca1a"
            }
          ]
        }
      ]
    },
    {
      "name": "Pagename",
      "item": [
        {
          "id": "a764d97a-3ada-487a-8f66-3758e35f0098",
          "name": "getPagenameMediatypeextension",
          "request": {
            "url": {
              "protocol": "http",
              "host": "www.healthcare.gov",
              "path": [
                ":pageName:mediaTypeExtension"
              ],
              "variable": [
                {
                  "id": "mediaTypeExtension",
                  "value": "{}",
                  "type": "string"
                },
                {
                  "id": "pageName",
                  "value": "{}",
                  "type": "string"
                }
              ]
            },
            "method": "GET",
            "body": {
              "mode": "raw"
            },
            "description": "Returns pages content."
          },
          "response": [
            {
              "status": "OK",
              "code": 200,
              "name": "Response_200",
              "id": "302fa710-2f18-441b-8629-14a4f90049ac"
            }
          ]
        }
      ]
    },
    {
      "name": "Statename",
      "item": [
        {
          "id": "e8d47461-4c27-4215-864d-cbd487e8c328",
          "name": "getStatenameMediatypeextension",
          "request": {
            "url": {
              "protocol": "http",
              "host": "www.healthcare.gov",
              "path": [
                ":stateName:mediaTypeExtension"
              ],
              "variable": [
                {
                  "id": "mediaTypeExtension",
                  "value": "{}",
                  "type": "string"
                },
                {
                  "id": "stateName",
                  "value": "{}",
                  "type": "string"
                }
              ]
            },
            "method": "GET",
            "body": {
              "mode": "raw"
            },
            "description": "Returns pages content."
          },
          "response": [
            {
              "status": "OK",
              "code": 200,
              "name": "Response_200",
              "id": "e8b5d374-8833-46e7-8dfe-4a84443a751c"
            }
          ]
        }
      ]
    }
  ]
}