{
  "info": {
    "name": "Stocklytics Historical Stock Prices API Historical Prices",
    "_postman_id": "a2f63f44-2f60-47a0-b35d-ecdd52bb9e95",
    "description": "The Historical Prices API can be used to look up the Open, Close, High and Low price, as well as the volume of stock traded for a stock code within a particular date range. The API supports the downloading the entire historical data set we have on file for a stock, we index data for a stock with a start date of January 1st 1980.",
    "schema": "https://schema.getpostman.com/json/collection/v2.0.0/"
  },
  "item": [
    {
      "name": "Historical",
      "item": [
        {
          "id": "5793bf52-49d6-4f89-97cd-aec97ed0b38c",
          "name": "getHistoricalpricesApiVersion",
          "request": {
            "url": {
              "protocol": "http",
              "host": "api.stocklytics.com",
              "path": [
                "historicalPrices/:API_VERSION/"
              ],
              "query": [
                {
                  "key": "api_key",
                  "value": "%7B%7D",
                  "disabled": false
                },
                {
                  "key": "end",
                  "value": "%7B%7D",
                  "disabled": false
                },
                {
                  "key": "format",
                  "value": "%7B%7D",
                  "disabled": false
                },
                {
                  "key": "order",
                  "value": "%7B%7D",
                  "disabled": false
                },
                {
                  "key": "start",
                  "value": "%7B%7D",
                  "disabled": false
                },
                {
                  "key": "stock",
                  "value": "%7B%7D",
                  "disabled": false
                }
              ],
              "variable": [
                {
                  "id": "API_VERSION",
                  "value": "{}",
                  "type": "string"
                }
              ]
            },
            "method": "GET",
            "body": {
              "mode": "raw"
            },
            "description": "The Historical Prices API can be used to look up the Open, Close, High and Low price, as well as the volume of stock traded for a stock code within a particular date range. The API supports the downloading the entire historical data set we have on file for a stock, we index data for a stock with a start date of January 1st 1980."
          },
          "response": [
            {
              "status": "OK",
              "code": 200,
              "name": "Response_200",
              "id": "061b8d0b-d47b-4573-b004-50923afa1f19"
            }
          ]
        }
      ]
    }
  ]
}