{
  "info": {
    "name": "Stocklytics Company Data API Company Data",
    "_postman_id": "95a90b78-b01c-462a-936d-69f63ba24ee4",
    "description": "The Company Data API allows you to retrieve company information about a particular stock/ticker code.",
    "schema": "https://schema.getpostman.com/json/collection/v2.0.0/"
  },
  "item": [
    {
      "name": "Companies",
      "item": [
        {
          "id": "0fea3bb5-ceff-414c-b017-94d326b8a356",
          "name": "getCompanyData",
          "request": {
            "url": {
              "protocol": "http",
              "host": "api.stocklytics.com",
              "path": [
                "companyData/:API_VERSION/"
              ],
              "query": [
                {
                  "key": "api_key",
                  "value": "%7B%7D",
                  "disabled": false
                },
                {
                  "key": "stock",
                  "value": "%7B%7D",
                  "disabled": false
                }
              ],
              "variable": [
                {
                  "id": "API_VERSION",
                  "value": "{}",
                  "type": "string"
                }
              ]
            },
            "method": "GET",
            "body": {
              "mode": "raw"
            },
            "description": "The Company Data API allows you to retrieve company information about a particular stock/ticker code."
          },
          "response": [
            {
              "status": "OK",
              "code": 200,
              "name": "Response_200",
              "id": "56e531b2-8277-4eec-8e64-122855d36b0f"
            }
          ]
        }
      ]
    }
  ]
}