{
  "info": {
    "name": "Stocklytics Intraday Historical Stock Prices API Intraday Historical Prices",
    "_postman_id": "72428543-695b-4c6a-b409-55e365d720e8",
    "description": "The Intraday Historical Prices API allows you to get a list of the price for a particular stock for the current day (or the latest day of trading if markets are closed) in 5 minute intervals. This data is perfect for generating intraday stock graphs, or performing stock analysis in near real-time. Data for this API is updated every 5 minutes.",
    "schema": "https://schema.getpostman.com/json/collection/v2.0.0/"
  },
  "item": [
    {
      "name": "Intraday",
      "item": [
        {
          "id": "fd51f878-d1ee-4fd0-a1e3-0dc664f26dac",
          "name": "getIntradayhistoricalpricesApiVersion",
          "request": {
            "url": {
              "protocol": "http",
              "host": "api.stocklytics.com",
              "path": [
                "services",
                "pressroom",
                "intradayHistoricalPrices/:API_VERSION/"
              ],
              "query": [
                {
                  "key": "api_key",
                  "value": "%7B%7D",
                  "disabled": false
                },
                {
                  "key": "format",
                  "value": "%7B%7D",
                  "disabled": false
                },
                {
                  "key": "include_date",
                  "value": "%7B%7D",
                  "disabled": false
                },
                {
                  "key": "order",
                  "value": "%7B%7D",
                  "disabled": false
                },
                {
                  "key": "stock",
                  "value": "%7B%7D",
                  "disabled": false
                }
              ],
              "variable": [
                {
                  "id": "API_VERSION",
                  "value": "{}",
                  "type": "string"
                }
              ]
            },
            "method": "GET",
            "body": {
              "mode": "raw"
            },
            "description": "The Intraday Historical Prices API allows you to get a list of the price for a particular stock for the current day (or the latest day of trading if markets are closed) in 5 minute intervals. This data is perfect for generating intraday stock graphs, or performing stock analysis in near real-time. Data for this API is updated every 5 minutes."
          },
          "response": [
            {
              "status": "OK",
              "code": 200,
              "name": "Response_200",
              "id": "c4bbf99f-874c-4c47-8eca-1f7fab6b5eab"
            }
          ]
        }
      ]
    }
  ]
}