{
  "info": {
    "name": "Brand Monitor API Brand Monitor",
    "_postman_id": "d23a5a38-2326-4acc-a98b-ffbd297abae9",
    "description": "Monitor new domains registrations for specific keywords",
    "schema": "https://schema.getpostman.com/json/collection/v2.0.0/"
  },
  "item": [
    {
      "name": "Brand Monitor",
      "item": [
        {
          "id": "d2bf7834-ed3c-4d10-958f-304fa6243aea",
          "name": "brandMonitor",
          "request": {
            "url": "http://api.domaintools.com/v1/mark-alert/?days_back=days_back&domain_status=domain_status&exclude=exclude&query=query",
            "method": "GET",
            "body": {
              "mode": "raw"
            },
            "description": "Monitor new domains registrations for specific keywords"
          },
          "response": [
            {
              "status": "OK",
              "code": 200,
              "name": "Response_200",
              "id": "a07e37c8-f3b4-4aef-ae74-aaf52b4c9fa8"
            }
          ]
        }
      ]
    }
  ]
}