{
  "info": {
    "name": "Domain Suggestions API Domain Suggestions",
    "_postman_id": "9e929b3e-901c-4e24-aba1-739c8485f4cb",
    "description": "Generates available domain suggestions that are related to a query string",
    "schema": "https://schema.getpostman.com/json/collection/v2.0.0/"
  },
  "item": [
    {
      "name": "Domain Suggestions",
      "item": [
        {
          "id": "edb6de6e-241c-4b16-bb1a-5cf1af8c8252",
          "name": "domainSuggestions",
          "request": {
            "url": "http://api.domaintools.com/v1/domain-suggestions/?query=query",
            "method": "GET",
            "body": {
              "mode": "raw"
            },
            "description": "Generates available domain suggestions that are related to a query string"
          },
          "response": [
            {
              "status": "OK",
              "code": 200,
              "name": "Response_200",
              "id": "49c87a6f-bfc6-4775-9887-699e2cedd0dc"
            }
          ]
        }
      ]
    }
  ]
}