{
  "info": {
    "name": "Domain Profile API Domain Profile",
    "_postman_id": "fca4fb6b-b404-4ab7-bb6c-bb75e76efd23",
    "description": "Basic registrant, server, and registration data for a domain name, plus preview data for other products",
    "schema": "https://schema.getpostman.com/json/collection/v2.0.0/"
  },
  "item": [
    {
      "name": "Domains",
      "item": [
        {
          "id": "8030c877-1f5c-4cd2-b0f4-224484f32390",
          "name": "domainProfile",
          "request": {
            "url": {
              "protocol": "http",
              "host": "api.domaintools.com",
              "path": [
                "v1",
                ":domain"
              ],
              "variable": [
                {
                  "id": "domain",
                  "value": "domain",
                  "type": "string"
                }
              ]
            },
            "method": "GET",
            "body": {
              "mode": "raw"
            },
            "description": "Basic registrant, server, and registration data for a domain name, plus preview data for other products"
          },
          "response": [
            {
              "status": "OK",
              "code": 200,
              "name": "Response_200",
              "id": "851b0bdc-3cf1-47e5-a950-6fc35b3c81d2"
            }
          ]
        }
      ]
    }
  ]
}