{
  "info": {
    "name": "Domain Search API Domain Search",
    "_postman_id": "c923018e-459d-4fc6-bc73-ed196ab19b65",
    "description": "Searches active and deleted domain names that match a query string",
    "schema": "https://schema.getpostman.com/json/collection/v2.0.0/"
  },
  "item": [
    {
      "name": "Domains",
      "item": [
        {
          "id": "47afadcc-964d-4bb0-a45c-436801b4d083",
          "name": "domainSearch",
          "request": {
            "url": "http://api.domaintools.com/v2/domain-search/?active_only=active_only&anchor_left=anchor_left&anchor_right=anchor_right&deleted_only=deleted_only&exclude_query=exclude_query&has_hyphen=has_hyphen&has_number=has_number&max_length=max_length&min_length=min_length&page=page&query=query",
            "method": "GET",
            "body": {
              "mode": "raw"
            },
            "description": "Searches active and deleted domain names that match a query string"
          },
          "response": [
            {
              "status": "OK",
              "code": 200,
              "name": "Response_200",
              "id": "c9aafb3e-2bf0-4a9d-b568-d554f924bd86"
            }
          ]
        }
      ]
    }
  ]
}