{
  "info": {
    "name": "Hosting History API Domain History",
    "_postman_id": "eb2525a2-608e-4043-8584-7a6d3cc5adbc",
    "description": "Provides the registrar, IP and name server history for a domain name",
    "schema": "https://schema.getpostman.com/json/collection/v2.0.0/"
  },
  "item": [
    {
      "name": "Domain Hosting History",
      "item": [
        {
          "id": "f10c4d64-4114-46cf-9baf-a63b2f103753",
          "name": "domainHistory",
          "request": {
            "url": {
              "protocol": "http",
              "host": "api.domaintools.com",
              "path": [
                "v1",
                ":domain/hosting-history/"
              ],
              "variable": [
                {
                  "id": "domain",
                  "value": "domain",
                  "type": "string"
                }
              ]
            },
            "method": "GET",
            "body": {
              "mode": "raw"
            },
            "description": "Provides the registrar, IP and name server history for a domain name"
          },
          "response": [
            {
              "status": "OK",
              "code": 200,
              "name": "Response_200",
              "id": "a9af72c0-5721-4a0a-921a-575f35db7226"
            }
          ]
        }
      ]
    }
  ]
}