{
  "info": {
    "name": "IP Monitor API IP Monitor",
    "_postman_id": "a3b0715b-43d1-4463-a4c8-90beea10d9ea",
    "description": "Receive notification when there are new and/or deleted domains on a given IP Address",
    "schema": "https://schema.getpostman.com/json/collection/v2.0.0/"
  },
  "item": [
    {
      "name": "IP Monitor",
      "item": [
        {
          "id": "f6bd8aa5-cffd-454b-b5b1-41866372a8ef",
          "name": "ipMonitor",
          "request": {
            "url": "http://api.domaintools.com/v1/ip-monitor/?days_back=days_back&page=page&query=query",
            "method": "GET",
            "body": {
              "mode": "raw"
            },
            "description": "Receive notification when there are new and/or deleted domains on a given IP Address"
          },
          "response": [
            {
              "status": "OK",
              "code": 200,
              "name": "Response_200",
              "id": "905c621d-4d17-44cf-93ef-13e2507fa4b7"
            }
          ]
        }
      ]
    }
  ]
}