{
  "info": {
    "name": "Name Server Monitor API Name Server Monitor",
    "_postman_id": "19c0b7dc-d874-4fcc-aa29-2e6255c85847",
    "description": "Receive notification when there are new and/or deleted domains on a given Domain Name Server",
    "schema": "https://schema.getpostman.com/json/collection/v2.0.0/"
  },
  "item": [
    {
      "name": "Name Server Monitor",
      "item": [
        {
          "id": "05bae654-bbe6-4d93-9696-228c520c677c",
          "name": "nameServerMonitor",
          "request": {
            "url": "http://api.domaintools.com/v1/name-server-monitor/?days_back=days_back&page=page&query=query",
            "method": "GET",
            "body": {
              "mode": "raw"
            },
            "description": "Receive notification when there are new and/or deleted domains on a given Domain Name Server"
          },
          "response": [
            {
              "status": "OK",
              "code": 200,
              "name": "Response_200",
              "id": "f5a2f832-11c3-49dc-9b9d-588eabc78060"
            }
          ]
        }
      ]
    }
  ]
}