{
  "info": {
    "name": "Parsed Whois API Parsed Whois",
    "_postman_id": "08374f7d-e438-45b7-87fa-f2d3e2b22f42",
    "description": "The Parsed Whois API provides parsed information extracted from the raw Whois recor",
    "schema": "https://schema.getpostman.com/json/collection/v2.0.0/"
  },
  "item": [
    {
      "name": "Whois",
      "item": [
        {
          "id": "b55b6355-2f36-4f81-89bb-b306a7320f8b",
          "name": "parsedWhois",
          "request": {
            "url": {
              "protocol": "http",
              "host": "api.domaintools.com",
              "path": [
                "v1",
                ":domain/whois/parsed"
              ],
              "variable": [
                {
                  "id": "domain",
                  "value": "domain",
                  "type": "string"
                }
              ]
            },
            "method": "GET",
            "body": {
              "mode": "raw"
            },
            "description": "The Parsed Whois API provides parsed information extracted from the raw Whois recor"
          },
          "response": [
            {
              "status": "OK",
              "code": 200,
              "name": "Response_200",
              "id": "d1fd4615-2dbf-4db1-a5fd-73932c4708d7"
            }
          ]
        }
      ]
    }
  ]
}