{
  "info": {
    "name": "Registrant Monitor API IP Registrant Monitor",
    "_postman_id": "07feac50-c2af-4c00-8ecd-bea65e0e9427",
    "description": "Receive notification when specific people or organizations are allocated new IP ranges or have existing ranges de-allocated",
    "schema": "https://schema.getpostman.com/json/collection/v2.0.0/"
  },
  "item": [
    {
      "name": "IP Registrant Monitor",
      "item": [
        {
          "id": "79b7292a-ce73-4dff-932b-6100c7865961",
          "name": "registrantMonitor",
          "request": {
            "url": "http://api.domaintools.com/v1/ip-registrant-monitor/?country=country&include_total_count=include_total_count&page=page&query=query&search_type=search_type&server=server",
            "method": "GET",
            "body": {
              "mode": "raw"
            },
            "description": "Receive notification when specific people or organizations are allocated new IP ranges or have existing ranges de-allocated"
          },
          "response": [
            {
              "status": "OK",
              "code": 200,
              "name": "Response_200",
              "id": "1ef424da-a754-449d-98d5-31eeb4a3629f"
            }
          ]
        }
      ]
    }
  ]
}