{
  "info": {
    "name": "Reverse IP Whois API Reverse IP Whois",
    "_postman_id": "6036cf3c-4b61-4e3a-a6ef-575ae3729938",
    "description": "Provides a list of IP network ranges with Whois records that match a specific query",
    "schema": "https://schema.getpostman.com/json/collection/v2.0.0/"
  },
  "item": [
    {
      "name": "Reverse IP Whois",
      "item": [
        {
          "id": "0730b83a-299c-419c-8811-d0492bd2313a",
          "name": "reverseIPWhois",
          "request": {
            "url": "http://api.domaintools.com/v1/reverse-ip-whois/?country=country&include_total_count=include_total_count&ip=ip&page=page&query=query&server=server",
            "method": "GET",
            "body": {
              "mode": "raw"
            },
            "description": "Provides a list of IP network ranges with Whois records that match a specific query"
          },
          "response": [
            {
              "status": "OK",
              "code": 200,
              "name": "Response_200",
              "id": "2920119c-642d-4f33-95ee-76dacd76ef72"
            }
          ]
        }
      ]
    }
  ]
}