{
  "info": {
    "name": "Reverse Name Server API Reverse Name Server",
    "_postman_id": "cd9bde08-e7dc-44f2-abbd-ee6d4f7a9243",
    "description": "List of domains that share the same primary name server",
    "schema": "https://schema.getpostman.com/json/collection/v2.0.0/"
  },
  "item": [
    {
      "name": "Reverse Name Server",
      "item": [
        {
          "id": "bbf110b4-02d3-46e7-9989-95ce489422d8",
          "name": "reverseNameServer",
          "request": {
            "url": "http://api.domaintools.com/v1/{domain]/name-server-domains/?limit=limit",
            "method": "GET",
            "body": {
              "mode": "raw"
            },
            "description": "List of domains that share the same primary name server"
          },
          "response": [
            {
              "status": "OK",
              "code": 200,
              "name": "Response_200",
              "id": "837e6fdc-f70e-40cd-b6ab-bf99040ac83b"
            }
          ]
        }
      ]
    }
  ]
}