{
  "info": {
    "name": "Reverse Whois API Reverse Whois",
    "_postman_id": "14309f5b-acb2-469f-becf-8d06c6ca24ff",
    "description": "Provides a list of domain names with Whois records that match a specific query",
    "schema": "https://schema.getpostman.com/json/collection/v2.0.0/"
  },
  "item": [
    {
      "name": "Reverse Whois",
      "item": [
        {
          "id": "d02f68c0-177f-4598-aa4a-1ea426a92a76",
          "name": "reverseWhois",
          "request": {
            "url": "http://api.domaintools.com/v1/reverse-whois/?exclude=exclude&mode=mode&scope=scope&terms=terms",
            "method": "GET",
            "body": {
              "mode": "raw"
            },
            "description": "Provides a list of domain names with Whois records that match a specific query"
          },
          "response": [
            {
              "status": "OK",
              "code": 200,
              "name": "Response_200",
              "id": "fdd88b9a-e160-4031-a954-b37344580400"
            }
          ]
        }
      ]
    }
  ]
}