{
  "info": {
    "name": "Whois History API Whois History",
    "_postman_id": "64bb1e9b-7010-44b5-a853-3dc9b54eb2bd",
    "description": "Historical Whois records",
    "schema": "https://schema.getpostman.com/json/collection/v2.0.0/"
  },
  "item": [
    {
      "name": "Whois",
      "item": [
        {
          "id": "c07ccc6e-0474-4225-88bd-41eab3a9d4f6",
          "name": "whoisHistory",
          "request": {
            "url": {
              "protocol": "http",
              "host": "api.domaintools.com",
              "path": [
                "v1",
                ":domain/whois/history/"
              ],
              "variable": [
                {
                  "id": "domain",
                  "value": "domain",
                  "type": "string"
                }
              ]
            },
            "method": "GET",
            "body": {
              "mode": "raw"
            },
            "description": "Historical Whois records"
          },
          "response": [
            {
              "status": "OK",
              "code": 200,
              "name": "Response_200",
              "id": "e8ebbc32-342a-4aad-81dc-fa899d1784da"
            }
          ]
        }
      ]
    }
  ]
}