{
  "info": {
    "name": "Whois Lookup API Whois Lookup",
    "_postman_id": "18025c39-300d-41c0-bac8-bb76001824fb",
    "description": "The Whois Lookup API provides the ownership record for a domain name or IP address with basic registration details.",
    "schema": "https://schema.getpostman.com/json/collection/v2.0.0/"
  },
  "item": [
    {
      "name": "Whois",
      "item": [
        {
          "id": "4d9e7e26-c7a8-4ef4-b9d3-5fe66a65d5a4",
          "name": "whoisLookup",
          "request": {
            "url": {
              "protocol": "http",
              "host": "api.domaintools.com",
              "path": [
                "v1",
                "domaintools.com",
                ":domain/whois"
              ],
              "variable": [
                {
                  "id": "domain",
                  "value": "domain",
                  "type": "string"
                }
              ]
            },
            "method": "GET",
            "body": {
              "mode": "raw"
            },
            "description": "The Whois Lookup API provides the ownership record for a domain name or IP address with basic registration details."
          },
          "response": [
            {
              "status": "OK",
              "code": 200,
              "name": "Response_200",
              "id": "ee516731-a331-4553-8cf7-161a5a567ab4"
            }
          ]
        }
      ]
    }
  ]
}