{
  "info": {
    "name": "Pivotal Tracker Post Source Commits",
    "_postman_id": "3a22e3a9-c602-46fc-9917-7fc192196047",
    "description": "Allows integration with post-commit hooks of Source Control Management (SCM) systems such as Subversion, Git, etc.",
    "schema": "https://schema.getpostman.com/json/collection/v2.0.0/"
  },
  "item": [
    {
      "name": "Source",
      "item": [
        {
          "id": "c44d3d57-c14b-4472-a774-ad4c5baa852a",
          "name": "postSourceCommits",
          "request": {
            "url": "http://www.pivotaltracker.com/services/v3/source_commits",
            "method": "POST",
            "body": {
              "mode": "raw"
            },
            "description": "Allows integration with post-commit hooks of Source Control Management (SCM) systems such as Subversion, Git, etc."
          },
          "response": [
            {
              "status": "OK",
              "code": 200,
              "name": "Response_200",
              "id": "30de910d-c30e-427d-99b0-7b61dcc2a4d5"
            }
          ]
        }
      ]
    }
  ]
}