{
  "info": {
    "name": "Factual Post Table Name Factual Flag",
    "_postman_id": "21cb00ec-889e-4bf0-9994-c3b00a9d1e72",
    "description": "Post table name factual flag.",
    "schema": "https://schema.getpostman.com/json/collection/v2.0.0/"
  },
  "item": [
    {
      "name": "Table",
      "item": [
        {
          "id": "6bcec0e1-2ac1-4626-b73b-f4f351b5bda7",
          "name": "postTTableNameBoost",
          "request": {
            "url": {
              "protocol": "http",
              "host": "api.v3.factual.com",
              "path": [
                "t/:table_name/boost"
              ],
              "variable": [
                {
                  "id": "table_name",
                  "value": "{}",
                  "type": "string"
                }
              ]
            },
            "method": "POST",
            "body": {
              "mode": "raw"
            },
            "description": "Post table name boost."
          },
          "response": [
            {
              "status": "OK",
              "code": 200,
              "name": "Response_200",
              "id": "c76a108f-5504-46ab-805b-76d7b621488e"
            }
          ]
        },
        {
          "id": "1a109f2e-60c6-4c2f-bf80-66c01f7936c7",
          "name": "getTTableNameFacets",
          "request": {
            "url": {
              "protocol": "http",
              "host": "api.v3.factual.com",
              "path": [
                "t/:table_name/facets"
              ],
              "variable": [
                {
                  "id": "table_name",
                  "value": "{}",
                  "type": "string"
                }
              ]
            },
            "method": "GET",
            "body": {
              "mode": "raw"
            },
            "description": "Get table name facets."
          },
          "response": [
            {
              "status": "OK",
              "code": 200,
              "name": "Response_200",
              "id": "88b1b690-c91b-4021-a08a-3459b6ae989d"
            }
          ]
        },
        {
          "id": "94be8245-b49f-45de-9e6e-e9af0c405dbd",
          "name": "getTTableNameMatch",
          "request": {
            "url": {
              "protocol": "http",
              "host": "api.v3.factual.com",
              "path": [
                "t/:table_name/match"
              ],
              "variable": [
                {
                  "id": "table_name",
                  "value": "{}",
                  "type": "string"
                }
              ]
            },
            "method": "GET",
            "body": {
              "mode": "raw"
            },
            "description": "Get table name match."
          },
          "response": [
            {
              "status": "OK",
              "code": 200,
              "name": "Response_200",
              "id": "d8249488-837a-4467-bf33-d80241de5c95"
            }
          ]
        },
        {
          "id": "f5b07441-3941-4ad1-95fb-cb3687ca1f05",
          "name": "getTTableNameResolve",
          "request": {
            "url": {
              "protocol": "http",
              "host": "api.v3.factual.com",
              "path": [
                "t/:table_name/resolve"
              ],
              "variable": [
                {
                  "id": "table_name",
                  "value": "{}",
                  "type": "string"
                }
              ]
            },
            "method": "GET",
            "body": {
              "mode": "raw"
            },
            "description": "Get table name resolve."
          },
          "response": [
            {
              "status": "OK",
              "code": 200,
              "name": "Response_200",
              "id": "007cfb5d-c433-48ab-90d6-37eee3699723"
            }
          ]
        },
        {
          "id": "fbd77e16-a298-432c-b40d-3b80ae8111a5",
          "name": "getTTableNameSchema",
          "request": {
            "url": {
              "protocol": "http",
              "host": "api.v3.factual.com",
              "path": [
                "t/:table_name/schema"
              ],
              "variable": [
                {
                  "id": "table_name",
                  "value": "{}",
                  "type": "string"
                }
              ]
            },
            "method": "GET",
            "body": {
              "mode": "raw"
            },
            "description": "Get table name schema."
          },
          "response": [
            {
              "status": "OK",
              "code": 200,
              "name": "Response_200",
              "id": "3bc4280f-b696-44b3-aeda-9394d7cb6023"
            }
          ]
        },
        {
          "id": "09385887-88bb-4761-a29e-eca765735e27",
          "name": "postTTableNameSubmit",
          "request": {
            "url": {
              "protocol": "http",
              "host": "api.v3.factual.com",
              "path": [
                "t/:table_name/submit"
              ],
              "variable": [
                {
                  "id": "table_name",
                  "value": "{}",
                  "type": "string"
                }
              ]
            },
            "method": "POST",
            "body": {
              "mode": "raw"
            },
            "description": "Post table name submit."
          },
          "response": [
            {
              "status": "OK",
              "code": 200,
              "name": "Response_200",
              "id": "d598ace9-5154-4180-bd43-d958c0d0456a"
            }
          ]
        },
        {
          "id": "d3913fb1-a188-4fcf-94c0-282ee07b0145",
          "name": "getTTableNameFactual",
          "request": {
            "url": {
              "protocol": "http",
              "host": "api.v3.factual.com",
              "path": [
                "t/:table_name/:factual_id"
              ],
              "variable": [
                {
                  "id": "factual_id",
                  "value": "{}",
                  "type": "string"
                },
                {
                  "id": "table_name",
                  "value": "{}",
                  "type": "string"
                }
              ]
            },
            "method": "GET",
            "body": {
              "mode": "raw"
            },
            "description": "Get table name factual."
          },
          "response": [
            {
              "status": "OK",
              "code": 200,
              "name": "Response_200",
              "id": "2038d806-b5c2-4cfa-9314-b029c6c2a762"
            }
          ]
        },
        {
          "id": "977ddd39-5e58-4f43-a5f7-86c886e78515",
          "name": "postTTableNameFactualClear",
          "request": {
            "url": {
              "protocol": "http",
              "host": "api.v3.factual.com",
              "path": [
                "t/:table_name/:factual_id/clear"
              ],
              "variable": [
                {
                  "id": "factual_id",
                  "value": "{}",
                  "type": "string"
                },
                {
                  "id": "table_name",
                  "value": "{}",
                  "type": "string"
                }
              ]
            },
            "method": "POST",
            "body": {
              "mode": "raw"
            },
            "description": "Post table name factual clear."
          },
          "response": [
            {
              "status": "OK",
              "code": 200,
              "name": "Response_200",
              "id": "c5291d5e-b1a2-4543-837a-ddd405f93865"
            }
          ]
        },
        {
          "id": "f9475ebc-a479-4a71-9ec1-0dcfd8baa7b1",
          "name": "postTTableNameFactualFlag",
          "request": {
            "url": {
              "protocol": "http",
              "host": "api.v3.factual.com",
              "path": [
                "t/:table_name/:factual_id/flag"
              ],
              "variable": [
                {
                  "id": "factual_id",
                  "value": "{}",
                  "type": "string"
                },
                {
                  "id": "table_name",
                  "value": "{}",
                  "type": "string"
                }
              ]
            },
            "method": "POST",
            "body": {
              "mode": "raw"
            },
            "description": "Post table name factual flag."
          },
          "response": [
            {
              "status": "OK",
              "code": 200,
              "name": "Response_200",
              "id": "b108a4cf-2dee-400e-9f02-3c416d3fd621"
            }
          ]
        }
      ]
    }
  ]
}