{
  "info": {
    "name": "PayJunction Get Smart Terminals Requests",
    "_postman_id": "c7185625-483c-4831-b2a0-4639cf26f5c6",
    "description": "Gets the status of a Smart Terminal payment request by querying the requestPaymentId returned by POST /smartterminals/{smartterminalId}/request-payment\n\nThe status of a payment request can be queried up to 1 day after the Smart Terminal payment request has been completed. After this cut off the requestPaymentId is purged and will return a 404 Not Found when queried. \n\nIn order to discourage busy polling, requests to this endpoint are rate limited to 1 request every 2 seconds per request.",
    "schema": "https://schema.getpostman.com/json/collection/v2.0.0/"
  },
  "item": [
    {
      "name": "Customers",
      "item": [
        {
          "id": "8dbbf408-add3-47ee-a867-d3b73c686992",
          "name": "CustomersGet",
          "request": {
            "url": "http://example.com/customers?limit=%7B%7D&offset=%7B%7D",
            "method": "GET",
            "header": [
              {
                "key": "X-PJ-Application-Key",
                "value": "{}",
                "description": "",
                "disabled": false
              },
              {
                "key": "Accept",
                "value": "*/*",
                "disabled": false
              }
            ],
            "body": {
              "mode": "raw"
            },
            "description": "Gets a list of 15 customers"
          },
          "response": [
            {
              "status": "OK",
              "code": 200,
              "name": "Response_200",
              "id": "af46c4b6-e143-4545-b12f-8e4fc1d63c1b"
            }
          ]
        },
        {
          "id": "110cbef2-aee6-4ac7-bff0-5b46a127232a",
          "name": "CustomersByCustomerIdGet",
          "request": {
            "url": {
              "protocol": "http",
              "host": "example.com",
              "path": [
                "customers/:customerId"
              ],
              "variable": [
                {
                  "id": "customerId",
                  "value": "{}",
                  "type": "string"
                }
              ]
            },
            "method": "GET",
            "header": [
              {
                "key": "X-PJ-Application-Key",
                "value": "{}",
                "description": "",
                "disabled": false
              },
              {
                "key": "Accept",
                "value": "*/*",
                "disabled": false
              }
            ],
            "body": {
              "mode": "raw"
            },
            "description": "/customers/{customerid}."
          },
          "response": [
            {
              "status": "OK",
              "code": 200,
              "name": "Response_200",
              "id": "0c160c15-aeec-4c1e-bfcf-f8a201425508"
            }
          ]
        },
        {
          "id": "34c342de-05a9-4b7c-9f87-52085dd1cbc4",
          "name": "CustomersByCustomerIdPut",
          "request": {
            "url": {
              "protocol": "http",
              "host": "example.com",
              "path": [
                "customers/:customerId"
              ],
              "variable": [
                {
                  "id": "customerId",
                  "value": "{}",
                  "type": "string"
                }
              ]
            },
            "method": "PUT",
            "header": [
              {
                "key": "X-PJ-Application-Key",
                "value": "{}",
                "description": "",
                "disabled": false
              },
              {
                "key": "Accept",
                "value": "*/*",
                "disabled": false
              }
            ],
            "body": {
              "mode": "urlencoded",
              "urlencoded": [
                {
                  "key": "companyName",
                  "value": "{}",
                  "disabled": false,
                  "description": ""
                },
                {
                  "key": "custom1",
                  "value": "{}",
                  "disabled": false,
                  "description": ""
                },
                {
                  "key": "defaultAddressId",
                  "value": "{}",
                  "disabled": false,
                  "description": ""
                },
                {
                  "key": "email",
                  "value": "{}",
                  "disabled": false,
                  "description": ""
                },
                {
                  "key": "firstName",
                  "value": "{}",
                  "disabled": false,
                  "description": ""
                },
                {
                  "key": "identifier",
                  "value": "{}",
                  "disabled": false,
                  "description": ""
                },
                {
                  "key": "jobTitle",
                  "value": "{}",
                  "disabled": false,
                  "description": ""
                },
                {
                  "key": "lastName",
                  "value": "{}",
                  "disabled": false,
                  "description": ""
                },
                {
                  "key": "middleName",
                  "value": "{}",
                  "disabled": false,
                  "description": ""
                },
                {
                  "key": "phone",
                  "value": "{}",
                  "disabled": false,
                  "description": ""
                },
                {
                  "key": "phone2",
                  "value": "{}",
                  "disabled": false,
                  "description": ""
                },
                {
                  "key": "website",
                  "value": "{}",
                  "disabled": false,
                  "description": ""
                }
              ]
            },
            "description": "/customers/{customerid}."
          },
          "response": [
            {
              "status": "OK",
              "code": 200,
              "name": "Response_200",
              "id": "e76fe514-3107-4f16-b237-a07b69a1285f"
            }
          ]
        },
        {
          "id": "609eb473-4d5e-4967-9344-6b392eb248b3",
          "name": "CustomersByCustomerIdDelete",
          "request": {
            "url": {
              "protocol": "http",
              "host": "example.com",
              "path": [
                "customers/:customerId"
              ],
              "variable": [
                {
                  "id": "customerId",
                  "value": "{}",
                  "type": "string"
                }
              ]
            },
            "method": "DELETE",
            "header": [
              {
                "key": "X-PJ-Application-Key",
                "value": "{}",
                "description": "",
                "disabled": false
              },
              {
                "key": "Accept",
                "value": "*/*",
                "disabled": false
              }
            ],
            "body": {
              "mode": "raw"
            },
            "description": "/customers/{customerid}."
          },
          "response": [
            {
              "status": "OK",
              "code": 200,
              "name": "Response_200",
              "id": "ad3b67bc-a377-427f-a3b8-c68b4fce4066"
            }
          ]
        },
        {
          "id": "2a9c6cad-cabe-42f1-b045-42319d2219be",
          "name": "CustomersPost",
          "request": {
            "url": "http://example.com/customers/",
            "method": "POST",
            "header": [
              {
                "key": "X-PJ-Application-Key",
                "value": "{}",
                "description": "",
                "disabled": false
              },
              {
                "key": "Accept",
                "value": "*/*",
                "disabled": false
              }
            ],
            "body": {
              "mode": "urlencoded",
              "urlencoded": [
                {
                  "key": "companyName",
                  "value": "{}",
                  "disabled": false,
                  "description": "Text, Max Length 64"
                },
                {
                  "key": "custom1",
                  "value": "{}",
                  "disabled": false,
                  "description": "Text, Max Length 32"
                },
                {
                  "key": "email",
                  "value": "{}",
                  "disabled": false,
                  "description": "Email (1), Max Length 128"
                },
                {
                  "key": "firstName",
                  "value": "{}",
                  "disabled": false,
                  "description": "Text, Max Length 16"
                },
                {
                  "key": "identifier",
                  "value": "{}",
                  "disabled": false,
                  "description": "Text, Max Length 64"
                },
                {
                  "key": "jobTitle",
                  "value": "{}",
                  "disabled": false,
                  "description": "Text, Max Length 32"
                },
                {
                  "key": "lastName",
                  "value": "{}",
                  "disabled": false,
                  "description": "Text, Max Length 32"
                },
                {
                  "key": "middleName",
                  "value": "{}",
                  "disabled": false,
                  "description": "Text, Max Length 32"
                },
                {
                  "key": "phone",
                  "value": "{}",
                  "disabled": false,
                  "description": "Phone Number, Max Length 24, Must contain at least 10 digits"
                },
                {
                  "key": "phone2",
                  "value": "{}",
                  "disabled": false,
                  "description": "Phone Number, Max Length 24, Must contain at least 10 digits"
                },
                {
                  "key": "website",
                  "value": "{}",
                  "disabled": false,
                  "description": "Text, Max Length 128"
                }
              ]
            },
            "description": "Add a new customer"
          },
          "response": [
            {
              "status": "OK",
              "code": 200,
              "name": "Response_200",
              "id": "47fbba5f-4f60-439d-802f-a0d2e4a88f61"
            }
          ]
        },
        {
          "id": "f870d737-c202-4b42-b5b3-14a13252d46b",
          "name": "CustomersNotesByCustomerIdGet",
          "request": {
            "url": {
              "protocol": "http",
              "host": "example.com",
              "path": [
                "customers/:customerId/notes"
              ],
              "query": [
                {
                  "key": "limit",
                  "value": "%7B%7D",
                  "disabled": false
                },
                {
                  "key": "offset",
                  "value": "%7B%7D",
                  "disabled": false
                }
              ],
              "variable": [
                {
                  "id": "customerId",
                  "value": "{}",
                  "type": "string"
                }
              ]
            },
            "method": "GET",
            "header": [
              {
                "key": "X-PJ-Application-Key",
                "value": "{}",
                "description": "",
                "disabled": false
              },
              {
                "key": "Accept",
                "value": "*/*",
                "disabled": false
              }
            ],
            "body": {
              "mode": "raw"
            },
            "description": "/customers/{customerid}/notes."
          },
          "response": [
            {
              "status": "OK",
              "code": 200,
              "name": "Response_200",
              "id": "0ab1f96c-7b9c-452d-be39-fc16830e7ed2"
            }
          ]
        },
        {
          "id": "937e9868-73c9-4bd5-a9d2-f4524b628c17",
          "name": "CustomersNotesByCustomerIdPost",
          "request": {
            "url": {
              "protocol": "http",
              "host": "example.com",
              "path": [
                "customers/:customerId/notes"
              ],
              "variable": [
                {
                  "id": "customerId",
                  "value": "{}",
                  "type": "string"
                }
              ]
            },
            "method": "POST",
            "header": [
              {
                "key": "X-PJ-Application-Key",
                "value": "{}",
                "description": "",
                "disabled": false
              },
              {
                "key": "Accept",
                "value": "*/*",
                "disabled": false
              }
            ],
            "body": {
              "mode": "urlencoded",
              "urlencoded": [
                {
                  "key": "note",
                  "value": "{}",
                  "disabled": false,
                  "description": "Max Length 2048"
                }
              ]
            },
            "description": "/customers/{customerid}/notes."
          },
          "response": [
            {
              "status": "OK",
              "code": 200,
              "name": "Response_200",
              "id": "df5862da-4c43-4f16-89b0-a8bd52a4dabf"
            }
          ]
        },
        {
          "id": "44060f3a-247a-43a1-b86d-c9c51b62474d",
          "name": "CustomersNotesByCustomerIdAndNoteIdGet",
          "request": {
            "url": {
              "protocol": "http",
              "host": "example.com",
              "path": [
                "customers/:customerId/notes/:noteId"
              ],
              "variable": [
                {
                  "id": "customerId",
                  "value": "{}",
                  "type": "string"
                },
                {
                  "id": "noteId",
                  "value": "{}",
                  "type": "string"
                }
              ]
            },
            "method": "GET",
            "header": [
              {
                "key": "X-PJ-Application-Key",
                "value": "{}",
                "description": "",
                "disabled": false
              },
              {
                "key": "Accept",
                "value": "*/*",
                "disabled": false
              }
            ],
            "body": {
              "mode": "raw"
            },
            "description": "/customers/{customerid}/notes/{noteid}."
          },
          "response": [
            {
              "status": "OK",
              "code": 200,
              "name": "Response_200",
              "id": "1d224db6-071d-40e5-a865-5736369625d0"
            }
          ]
        },
        {
          "id": "a60a964c-c0a9-48e3-b68d-37ae9ae8ea20",
          "name": "CustomersNotesByCustomerIdAndNoteIdPut",
          "request": {
            "url": {
              "protocol": "http",
              "host": "example.com",
              "path": [
                "customers/:customerId/notes/:noteId"
              ],
              "variable": [
                {
                  "id": "customerId",
                  "value": "{}",
                  "type": "string"
                },
                {
                  "id": "noteId",
                  "value": "{}",
                  "type": "string"
                }
              ]
            },
            "method": "PUT",
            "header": [
              {
                "key": "Content-Type",
                "value": "{}",
                "description": "",
                "disabled": false
              },
              {
                "key": "X-PJ-Application-Key",
                "value": "{}",
                "description": "",
                "disabled": false
              },
              {
                "key": "Accept",
                "value": "*/*",
                "disabled": false
              }
            ],
            "body": {
              "mode": "urlencoded",
              "urlencoded": [
                {
                  "key": "note",
                  "value": "{}",
                  "disabled": false,
                  "description": "Max Length 2048"
                }
              ]
            },
            "description": "/customers/{customerid}/notes/{noteid}."
          },
          "response": [
            {
              "status": "OK",
              "code": 200,
              "name": "Response_200",
              "id": "c404924b-687c-4b29-a15b-eccedada69ad"
            }
          ]
        },
        {
          "id": "89fba7b1-2ee1-4b6e-8200-ce4b57fa4e0d",
          "name": "CustomersNotesByCustomerIdAndNoteIdDelete",
          "request": {
            "url": {
              "protocol": "http",
              "host": "example.com",
              "path": [
                "customers/:customerId/notes/:noteId"
              ],
              "variable": [
                {
                  "id": "customerId",
                  "value": "{}",
                  "type": "string"
                },
                {
                  "id": "noteId",
                  "value": "{}",
                  "type": "string"
                }
              ]
            },
            "method": "DELETE",
            "header": [
              {
                "key": "X-PJ-Application-Key",
                "value": "{}",
                "description": "",
                "disabled": false
              },
              {
                "key": "Accept",
                "value": "*/*",
                "disabled": false
              }
            ],
            "body": {
              "mode": "raw"
            },
            "description": "/customers/{customerid}/notes/{noteid}."
          },
          "response": [
            {
              "status": "OK",
              "code": 200,
              "name": "Response_200",
              "id": "f90cefc9-330e-4d3c-813b-5ebc3c6a8f3f"
            }
          ]
        },
        {
          "id": "5b6fd9fa-33ea-4abe-adc2-e445b4cdb415",
          "name": "CustomersVaultsByCustomerIdGet",
          "request": {
            "url": {
              "protocol": "http",
              "host": "example.com",
              "path": [
                "customers/:customerId/vaults/"
              ],
              "variable": [
                {
                  "id": "customerId",
                  "value": "{}",
                  "type": "string"
                }
              ]
            },
            "method": "GET",
            "header": [
              {
                "key": "X-PJ-Application-Key",
                "value": "{}",
                "description": "",
                "disabled": false
              },
              {
                "key": "Accept",
                "value": "*/*",
                "disabled": false
              }
            ],
            "body": {
              "mode": "raw"
            },
            "description": "Retrieve customer's payment vaults"
          },
          "response": [
            {
              "status": "OK",
              "code": 200,
              "name": "Response_200",
              "id": "5ae9027e-ac4e-4a50-9d47-6e0055e30565"
            }
          ]
        },
        {
          "id": "a815553f-eacf-4dad-a66e-ef62e5785484",
          "name": "CustomersVaultsByCustomerIdAndVaultIdGet",
          "request": {
            "url": {
              "protocol": "http",
              "host": "example.com",
              "path": [
                "customers/:customerId/vaults/:vaultId"
              ],
              "variable": [
                {
                  "id": "customerId",
                  "value": "{}",
                  "type": "string"
                },
                {
                  "id": "vaultId",
                  "value": "{}",
                  "type": "string"
                }
              ]
            },
            "method": "GET",
            "header": [
              {
                "key": "X-PJ-Application-Key",
                "value": "{}",
                "description": "",
                "disabled": false
              },
              {
                "key": "Accept",
                "value": "*/*",
                "disabled": false
              }
            ],
            "body": {
              "mode": "raw"
            },
            "description": "/customers/{customerid}/vaults/{vaultid}."
          },
          "response": [
            {
              "status": "OK",
              "code": 200,
              "name": "Response_200",
              "id": "627c689f-edab-44b3-bc13-c5367c6c4554"
            }
          ]
        },
        {
          "id": "061f00cf-1b39-4a95-8b39-c61afa50fb50",
          "name": "CustomersVaultsByCustomerIdAndVaultIdDelete",
          "request": {
            "url": {
              "protocol": "http",
              "host": "example.com",
              "path": [
                "customers/:customerId/vaults/:vaultId"
              ],
              "variable": [
                {
                  "id": "customerId",
                  "value": "{}",
                  "type": "string"
                },
                {
                  "id": "vaultId",
                  "value": "{}",
                  "type": "string"
                }
              ]
            },
            "method": "DELETE",
            "header": [
              {
                "key": "X-PJ-Application-Key",
                "value": "{}",
                "description": "",
                "disabled": false
              },
              {
                "key": "Accept",
                "value": "*/*",
                "disabled": false
              }
            ],
            "body": {
              "mode": "raw"
            },
            "description": "/customers/{customerid}/vaults/{vaultid}."
          },
          "response": [
            {
              "status": "OK",
              "code": 200,
              "name": "Response_200",
              "id": "c584efd7-6d39-4015-bf31-e33d03e0747e"
            }
          ]
        },
        {
          "id": "dc369adc-2134-4d9d-a0f7-01b92529cdb5",
          "name": "CustomersVaultsByCustomerIdPost2",
          "request": {
            "url": {
              "protocol": "http",
              "host": "example.com",
              "path": [
                "customers/:customerId/vaults"
              ],
              "variable": [
                {
                  "id": "customerId",
                  "value": "{}",
                  "type": "string"
                }
              ]
            },
            "method": "POST",
            "header": [
              {
                "key": "X-PJ-Application-Key",
                "value": "{}",
                "description": "",
                "disabled": false
              },
              {
                "key": "Accept",
                "value": "*/*",
                "disabled": false
              }
            ],
            "body": {
              "mode": "urlencoded",
              "urlencoded": [
                {
                  "key": "address",
                  "value": "{}",
                  "disabled": false,
                  "description": ""
                },
                {
                  "key": "addressId",
                  "value": "{}",
                  "disabled": false,
                  "description": ""
                },
                {
                  "key": "cardExpMonth",
                  "value": "{}",
                  "disabled": false,
                  "description": "1-12"
                },
                {
                  "key": "cardExpYear",
                  "value": "{}",
                  "disabled": false,
                  "description": "YYYY, YY"
                },
                {
                  "key": "cardNumber",
                  "value": "{}",
                  "disabled": false,
                  "description": "5105105105105100,5105-1051-0510-5100,5105 1051 0510 5100"
                },
                {
                  "key": "city",
                  "value": "{}",
                  "disabled": false,
                  "description": ""
                },
                {
                  "key": "state",
                  "value": "{}",
                  "disabled": false,
                  "description": ""
                },
                {
                  "key": "zip",
                  "value": "{}",
                  "disabled": false,
                  "description": ""
                }
              ]
            },
            "description": "/customers/{customerid}/vaults (card)."
          },
          "response": [
            {
              "status": "OK",
              "code": 200,
              "name": "Response_200",
              "id": "6d88eb54-0fab-4f75-bfde-c6f390ae3527"
            }
          ]
        },
        {
          "id": "a1f61fb0-563f-463d-ba65-97c92c97fc79",
          "name": "CustomersVaultsByCustomerIdAndAchVaultPut",
          "request": {
            "url": {
              "protocol": "http",
              "host": "example.com",
              "path": [
                "customers/:customerId/vaults/:achVault"
              ],
              "variable": [
                {
                  "id": "achVault",
                  "value": "{}",
                  "type": "string"
                },
                {
                  "id": "customerId",
                  "value": "{}",
                  "type": "string"
                }
              ]
            },
            "method": "PUT",
            "header": [
              {
                "key": "X-PJ-Application-Key",
                "value": "{}",
                "description": "",
                "disabled": false
              },
              {
                "key": "Accept",
                "value": "*/*",
                "disabled": false
              }
            ],
            "body": {
              "mode": "urlencoded",
              "urlencoded": [
                {
                  "key": "achAccountType",
                  "value": "{}",
                  "disabled": false,
                  "description": "CHECKING, SAVINGS"
                },
                {
                  "key": "achType",
                  "value": "{}",
                  "disabled": false,
                  "description": "CCD, PPD, TEL, WEB"
                },
                {
                  "key": "address",
                  "value": "{}",
                  "disabled": false,
                  "description": ""
                },
                {
                  "key": "addressId",
                  "value": "{}",
                  "disabled": false,
                  "description": ""
                },
                {
                  "key": "city",
                  "value": "{}",
                  "disabled": false,
                  "description": ""
                },
                {
                  "key": "state",
                  "value": "{}",
                  "disabled": false,
                  "description": ""
                },
                {
                  "key": "zip",
                  "value": "{}",
                  "disabled": false,
                  "description": ""
                }
              ]
            },
            "description": "/customers/{customerid}/vaults/{vaultid} (ach)."
          },
          "response": [
            {
              "status": "OK",
              "code": 200,
              "name": "Response_200",
              "id": "96671b2b-7478-4802-8ea0-ef5150617328"
            }
          ]
        },
        {
          "id": "50277500-c018-47fc-9a95-0b56b7191acc",
          "name": "CustomersVaultsByCustomerIdAndCardVaultPut",
          "request": {
            "url": {
              "protocol": "http",
              "host": "example.com",
              "path": [
                "customers/:customerId/vaults/:cardVault"
              ],
              "variable": [
                {
                  "id": "cardVault",
                  "value": "{}",
                  "type": "string"
                },
                {
                  "id": "customerId",
                  "value": "{}",
                  "type": "string"
                }
              ]
            },
            "method": "PUT",
            "header": [
              {
                "key": "X-PJ-Application-Key",
                "value": "{}",
                "description": "",
                "disabled": false
              },
              {
                "key": "Accept",
                "value": "*/*",
                "disabled": false
              }
            ],
            "body": {
              "mode": "urlencoded",
              "urlencoded": [
                {
                  "key": "address",
                  "value": "{}",
                  "disabled": false,
                  "description": ""
                },
                {
                  "key": "addressId",
                  "value": "{}",
                  "disabled": false,
                  "description": ""
                },
                {
                  "key": "cardExpMonth",
                  "value": "{}",
                  "disabled": false,
                  "description": "1-12"
                },
                {
                  "key": "cardExpYear",
                  "value": "{}",
                  "disabled": false,
                  "description": "YYYY, YY"
                },
                {
                  "key": "city",
                  "value": "{}",
                  "disabled": false,
                  "description": ""
                },
                {
                  "key": "state",
                  "value": "{}",
                  "disabled": false,
                  "description": ""
                },
                {
                  "key": "zip",
                  "value": "{}",
                  "disabled": false,
                  "description": ""
                }
              ]
            },
            "description": "/customers/{customerid}/vaults/{vaultid} (card)."
          },
          "response": [
            {
              "status": "OK",
              "code": 200,
              "name": "Response_200",
              "id": "d9782f6c-a978-4a04-8978-879fce4cf26f"
            }
          ]
        },
        {
          "id": "637d2093-032f-42d4-bc58-6ed6f8dcf3bc",
          "name": "CustomersAddressesByCustomerIdGet",
          "request": {
            "url": {
              "protocol": "http",
              "host": "example.com",
              "path": [
                "customers/:customerId/addresses"
              ],
              "variable": [
                {
                  "id": "customerId",
                  "value": "{}",
                  "type": "string"
                }
              ]
            },
            "method": "GET",
            "header": [
              {
                "key": "X-PJ-Application-Key",
                "value": "{}",
                "description": "",
                "disabled": false
              },
              {
                "key": "Accept",
                "value": "*/*",
                "disabled": false
              }
            ],
            "body": {
              "mode": "raw"
            },
            "description": "Gets a list of a customer's addresses."
          },
          "response": [
            {
              "status": "OK",
              "code": 200,
              "name": "Response_200",
              "id": "de9f2d35-dd72-468d-a47f-61cfb12d0f2a"
            }
          ]
        },
        {
          "id": "1e3915fc-6cfe-47ba-bffa-30aeb4b5a59b",
          "name": "CustomersAddressesByCustomerIdPost",
          "request": {
            "url": {
              "protocol": "http",
              "host": "example.com",
              "path": [
                "customers/:customerId/addresses"
              ],
              "variable": [
                {
                  "id": "customerId",
                  "value": "{}",
                  "type": "string"
                }
              ]
            },
            "method": "POST",
            "header": [
              {
                "key": "X-PJ-Application-Key",
                "value": "{}",
                "description": "",
                "disabled": false
              },
              {
                "key": "Accept",
                "value": "*/*",
                "disabled": false
              }
            ],
            "body": {
              "mode": "urlencoded",
              "urlencoded": [
                {
                  "key": "address",
                  "value": "{}",
                  "disabled": false,
                  "description": "Text, Max Length 128"
                },
                {
                  "key": "city",
                  "value": "{}",
                  "disabled": false,
                  "description": "Text, Max Length 32"
                },
                {
                  "key": "country",
                  "value": "{}",
                  "disabled": false,
                  "description": "Text, Max Length 32"
                },
                {
                  "key": "state",
                  "value": "{}",
                  "disabled": false,
                  "description": "Text, Max Length 32"
                },
                {
                  "key": "zip",
                  "value": "{}",
                  "disabled": false,
                  "description": "Text, Max Length 16"
                }
              ]
            },
            "description": "/customers/{customerid}/addresses/."
          },
          "response": [
            {
              "status": "OK",
              "code": 200,
              "name": "Response_200",
              "id": "68690308-d478-433d-b963-ae932447c20c"
            }
          ]
        },
        {
          "id": "23e571b8-04b0-46c1-aa27-b649bad423df",
          "name": "CustomersAddressesByCustomerIdAndAddressIdGet",
          "request": {
            "url": {
              "protocol": "http",
              "host": "example.com",
              "path": [
                "customers/:customerId/addresses/:addressId"
              ],
              "variable": [
                {
                  "id": "addressId",
                  "value": "{}",
                  "type": "string"
                },
                {
                  "id": "customerId",
                  "value": "{}",
                  "type": "string"
                }
              ]
            },
            "method": "GET",
            "header": [
              {
                "key": "X-PJ-Application-Key",
                "value": "{}",
                "description": "",
                "disabled": false
              },
              {
                "key": "Accept",
                "value": "*/*",
                "disabled": false
              }
            ],
            "body": {
              "mode": "raw"
            },
            "description": "/customers/{customerid}/addresses/{addressid}."
          },
          "response": [
            {
              "status": "OK",
              "code": 200,
              "name": "Response_200",
              "id": "c4c27c9e-db38-4139-b8ac-054fab8b83f1"
            }
          ]
        },
        {
          "id": "e351008b-ffb5-4be7-a05a-d2c4d8876c06",
          "name": "CustomersAddressesByCustomerIdAndAddressIdPut",
          "request": {
            "url": {
              "protocol": "http",
              "host": "example.com",
              "path": [
                "customers/:customerId/addresses/:addressId"
              ],
              "variable": [
                {
                  "id": "addressId",
                  "value": "{}",
                  "type": "string"
                },
                {
                  "id": "customerId",
                  "value": "{}",
                  "type": "string"
                }
              ]
            },
            "method": "PUT",
            "header": [
              {
                "key": "X-PJ-Application-Key",
                "value": "{}",
                "description": "",
                "disabled": false
              },
              {
                "key": "Accept",
                "value": "*/*",
                "disabled": false
              }
            ],
            "body": {
              "mode": "urlencoded",
              "urlencoded": [
                {
                  "key": "address",
                  "value": "{}",
                  "disabled": false,
                  "description": ""
                },
                {
                  "key": "city",
                  "value": "{}",
                  "disabled": false,
                  "description": ""
                },
                {
                  "key": "country",
                  "value": "{}",
                  "disabled": false,
                  "description": ""
                },
                {
                  "key": "state",
                  "value": "{}",
                  "disabled": false,
                  "description": ""
                },
                {
                  "key": "zip",
                  "value": "{}",
                  "disabled": false,
                  "description": ""
                }
              ]
            },
            "description": "/customers/{customerid}/addresses/{addressid}."
          },
          "response": [
            {
              "status": "OK",
              "code": 200,
              "name": "Response_200",
              "id": "8d003ea2-8f0c-42e4-8141-829c9a9358a9"
            }
          ]
        },
        {
          "id": "88bf6c8e-ab6a-44c7-8ac6-753a81d21ee9",
          "name": "CustomersAddressesByCustomerIdAndAddressIdDelete",
          "request": {
            "url": {
              "protocol": "http",
              "host": "example.com",
              "path": [
                "customers/:customerId/addresses/:addressId"
              ],
              "variable": [
                {
                  "id": "addressId",
                  "value": "{}",
                  "type": "string"
                },
                {
                  "id": "customerId",
                  "value": "{}",
                  "type": "string"
                }
              ]
            },
            "method": "DELETE",
            "header": [
              {
                "key": "Content-Type",
                "value": "{}",
                "description": "",
                "disabled": false
              },
              {
                "key": "X-PJ-Application-Key",
                "value": "{}",
                "description": "",
                "disabled": false
              },
              {
                "key": "Accept",
                "value": "*/*",
                "disabled": false
              }
            ],
            "body": {
              "mode": "raw"
            },
            "description": "/customers/{customerid}/addresses/{addressid}."
          },
          "response": [
            {
              "status": "OK",
              "code": 200,
              "name": "Response_200",
              "id": "4b1abf43-476d-44b7-9ea3-15a39aed0117"
            }
          ]
        }
      ]
    },
    {
      "name": "Transactions",
      "item": [
        {
          "id": "6c4799f0-0cc7-42b5-afc7-743dfdbae5df",
          "name": "TransactionsPost6",
          "request": {
            "url": "http://example.com/transactions",
            "method": "POST",
            "header": [
              {
                "key": "X-PJ-Application-Key",
                "value": "{}",
                "description": "",
                "disabled": false
              },
              {
                "key": "Accept",
                "value": "*/*",
                "disabled": false
              }
            ],
            "body": {
              "mode": "urlencoded",
              "urlencoded": [
                {
                  "key": "action",
                  "value": "{}",
                  "disabled": false,
                  "description": ""
                },
                {
                  "key": "amountBase",
                  "value": "{}",
                  "disabled": false,
                  "description": ""
                },
                {
                  "key": "billingCompanyName",
                  "value": "{}",
                  "disabled": false,
                  "description": ""
                },
                {
                  "key": "billingFirstName",
                  "value": "{}",
                  "disabled": false,
                  "description": ""
                },
                {
                  "key": "billingLastName",
                  "value": "{}",
                  "disabled": false,
                  "description": ""
                },
                {
                  "key": "cardTrack",
                  "value": "{}",
                  "disabled": false,
                  "description": ""
                }
              ]
            },
            "description": "/transactions/ (swiped cc)."
          },
          "response": [
            {
              "status": "OK",
              "code": 200,
              "name": "Response_200",
              "id": "fa3100d1-bb12-49bb-87d5-349feec0118c"
            }
          ]
        },
        {
          "id": "f38767cf-1bb7-40f4-afb2-b56fd7401d43",
          "name": "TransactionsGet",
          "request": {
            "url": "http://example.com/transactions/?limit=%7B%7D&offset=%7B%7D",
            "method": "GET",
            "header": [
              {
                "key": "X-PJ-Application-Key",
                "value": "{}",
                "description": "",
                "disabled": false
              },
              {
                "key": "Accept",
                "value": "*/*",
                "disabled": false
              }
            ],
            "body": {
              "mode": "raw"
            },
            "description": "Not Available At Time at Time of Publishing this collection: Get a list of transactions"
          },
          "response": [
            {
              "status": "OK",
              "code": 200,
              "name": "Response_200",
              "id": "e45cb793-e72d-41c0-9530-df94ae6af543"
            }
          ]
        },
        {
          "id": "6b8e400f-6b4b-4904-b733-1e0a2f47e355",
          "name": "TransactionsByTransactionIdGet",
          "request": {
            "url": {
              "protocol": "http",
              "host": "example.com",
              "path": [
                "transactions/:transactionId"
              ],
              "variable": [
                {
                  "id": "transactionId",
                  "value": "{}",
                  "type": "string"
                }
              ]
            },
            "method": "GET",
            "header": [
              {
                "key": "X-PJ-Application-Key",
                "value": "{}",
                "description": "",
                "disabled": false
              },
              {
                "key": "Accept",
                "value": "*/*",
                "disabled": false
              }
            ],
            "body": {
              "mode": "raw"
            },
            "description": "/transactions/{transactionid}."
          },
          "response": [
            {
              "status": "OK",
              "code": 200,
              "name": "Response_200",
              "id": "4a775643-94b4-4544-899f-4354c00a86d3"
            }
          ]
        },
        {
          "id": "10c206ce-205a-4a4f-a816-56e33bf0cb65",
          "name": "TransactionsByTransactionIdPut",
          "request": {
            "url": {
              "protocol": "http",
              "host": "example.com",
              "path": [
                "transactions/:transactionId"
              ],
              "variable": [
                {
                  "id": "transactionId",
                  "value": "{}",
                  "type": "string"
                }
              ]
            },
            "method": "PUT",
            "header": [
              {
                "key": "Content-Type",
                "value": "{}",
                "description": "",
                "disabled": false
              },
              {
                "key": "X-PJ-Application-Key",
                "value": "{}",
                "description": "",
                "disabled": false
              },
              {
                "key": "Accept",
                "value": "*/*",
                "disabled": false
              }
            ],
            "body": {
              "mode": "urlencoded",
              "urlencoded": [
                {
                  "key": "amountBase",
                  "value": "{}",
                  "disabled": false,
                  "description": ""
                },
                {
                  "key": "amountReject",
                  "value": "{}",
                  "disabled": false,
                  "description": ""
                },
                {
                  "key": "amountShipping",
                  "value": "{}",
                  "disabled": false,
                  "description": ""
                },
                {
                  "key": "amountTax",
                  "value": "{}",
                  "disabled": false,
                  "description": ""
                },
                {
                  "key": "amountTip",
                  "value": "{}",
                  "disabled": false,
                  "description": ""
                },
                {
                  "key": "status",
                  "value": "{}",
                  "disabled": false,
                  "description": ""
                }
              ]
            },
            "description": "Update an unsettled transaction"
          },
          "response": [
            {
              "status": "OK",
              "code": 200,
              "name": "Response_200",
              "id": "717ae6b9-83d6-4ce8-a4cb-f1ce183dbb2e"
            }
          ]
        },
        {
          "id": "0857f49b-b74b-4433-a7a6-32074f9a1995",
          "name": "TransactionsNotesByTransactionIdGet",
          "request": {
            "url": {
              "protocol": "http",
              "host": "example.com",
              "path": [
                "transactions/:transactionId/notes"
              ],
              "query": [
                {
                  "key": "limit",
                  "value": "%7B%7D",
                  "disabled": false
                },
                {
                  "key": "offset",
                  "value": "%7B%7D",
                  "disabled": false
                }
              ],
              "variable": [
                {
                  "id": "transactionId",
                  "value": "{}",
                  "type": "string"
                }
              ]
            },
            "method": "GET",
            "header": [
              {
                "key": "X-PJ-Application-Key",
                "value": "{}",
                "description": "",
                "disabled": false
              },
              {
                "key": "Accept",
                "value": "*/*",
                "disabled": false
              }
            ],
            "body": {
              "mode": "raw"
            },
            "description": "Get a list of notes for a transaction"
          },
          "response": [
            {
              "status": "OK",
              "code": 200,
              "name": "Response_200",
              "id": "d7590203-27cc-4193-b274-8250d4a32212"
            }
          ]
        },
        {
          "id": "77e9605b-4e52-434a-876c-ae274ec4d56c",
          "name": "TransactionsNotesByTransactionIdPost",
          "request": {
            "url": {
              "protocol": "http",
              "host": "example.com",
              "path": [
                "transactions/:transactionId/notes"
              ],
              "variable": [
                {
                  "id": "transactionId",
                  "value": "{}",
                  "type": "string"
                }
              ]
            },
            "method": "POST",
            "header": [
              {
                "key": "X-PJ-Application-Key",
                "value": "{}",
                "description": "",
                "disabled": false
              },
              {
                "key": "Accept",
                "value": "*/*",
                "disabled": false
              }
            ],
            "body": {
              "mode": "urlencoded",
              "urlencoded": [
                {
                  "key": "note",
                  "value": "{}",
                  "disabled": false,
                  "description": ""
                }
              ]
            },
            "description": "/transactions/{transactionid}/notes/."
          },
          "response": [
            {
              "status": "OK",
              "code": 200,
              "name": "Response_200",
              "id": "14d348a0-ae70-40e0-8ebf-5c7de6668d3e"
            }
          ]
        },
        {
          "id": "0fc3a97e-2d0e-4372-adfd-4cee054da3f1",
          "name": "TransactionsNotesByTransactionIdAndNoteIdGet",
          "request": {
            "url": {
              "protocol": "http",
              "host": "example.com",
              "path": [
                "transactions/:transactionId/notes/:noteId"
              ],
              "variable": [
                {
                  "id": "noteId",
                  "value": "{}",
                  "type": "string"
                },
                {
                  "id": "transactionId",
                  "value": "{}",
                  "type": "string"
                }
              ]
            },
            "method": "GET",
            "header": [
              {
                "key": "X-PJ-Application-Key",
                "value": "{}",
                "description": "",
                "disabled": false
              },
              {
                "key": "Accept",
                "value": "*/*",
                "disabled": false
              }
            ],
            "body": {
              "mode": "raw"
            },
            "description": "/transactions/{transactionid}/notes/{noteid}."
          },
          "response": [
            {
              "status": "OK",
              "code": 200,
              "name": "Response_200",
              "id": "25b64281-3efb-4060-afce-c7773f22c00c"
            }
          ]
        },
        {
          "id": "7e9ed13b-00b0-4de1-83b0-031fae3faf35",
          "name": "TransactionsNotesByTransactionIdAndNoteIdPut",
          "request": {
            "url": {
              "protocol": "http",
              "host": "example.com",
              "path": [
                "transactions/:transactionId/notes/:noteId"
              ],
              "variable": [
                {
                  "id": "noteId",
                  "value": "{}",
                  "type": "string"
                },
                {
                  "id": "transactionId",
                  "value": "{}",
                  "type": "string"
                }
              ]
            },
            "method": "PUT",
            "header": [
              {
                "key": "X-PJ-Application-Key",
                "value": "{}",
                "description": "",
                "disabled": false
              },
              {
                "key": "Accept",
                "value": "*/*",
                "disabled": false
              }
            ],
            "body": {
              "mode": "urlencoded",
              "urlencoded": [
                {
                  "key": "note",
                  "value": "{}",
                  "disabled": false,
                  "description": ""
                }
              ]
            },
            "description": "/transactions/{transactionid}/notes/{noteid}."
          },
          "response": [
            {
              "status": "OK",
              "code": 200,
              "name": "Response_200",
              "id": "232cba7a-9475-4951-b21b-e7af398a5cb5"
            }
          ]
        },
        {
          "id": "cf8b9a37-703d-4843-83d2-bfa3e7677ce0",
          "name": "TransactionsNotesByTransactionIdAndNoteIdDelete",
          "request": {
            "url": {
              "protocol": "http",
              "host": "example.com",
              "path": [
                "transactions/:transactionId/notes/:noteId"
              ],
              "variable": [
                {
                  "id": "noteId",
                  "value": "{}",
                  "type": "string"
                },
                {
                  "id": "transactionId",
                  "value": "{}",
                  "type": "string"
                }
              ]
            },
            "method": "DELETE",
            "header": [
              {
                "key": "X-PJ-Application-Key",
                "value": "{}",
                "description": "",
                "disabled": false
              },
              {
                "key": "Accept",
                "value": "*/*",
                "disabled": false
              }
            ],
            "body": {
              "mode": "raw"
            },
            "description": "/transactions/{transactionid}/notes/{noteid}."
          },
          "response": [
            {
              "status": "OK",
              "code": 200,
              "name": "Response_200",
              "id": "7b5152aa-4743-468a-931a-fda51408da4a"
            }
          ]
        },
        {
          "id": "0003d985-e1e9-4691-a9d3-fcb025e958dd",
          "name": "TransactionsSignatureCaptureByTransactionIdPost",
          "request": {
            "url": {
              "protocol": "http",
              "host": "example.com",
              "path": [
                "transactions/:transactionId/signature/capture"
              ],
              "variable": [
                {
                  "id": "transactionId",
                  "value": "{}",
                  "type": "string"
                }
              ]
            },
            "method": "POST",
            "header": [
              {
                "key": "X-PJ-Application-Key",
                "value": "{}",
                "description": "",
                "disabled": false
              },
              {
                "key": "Accept",
                "value": "*/*",
                "disabled": false
              }
            ],
            "body": {
              "mode": "urlencoded",
              "urlencoded": [
                {
                  "key": "signature",
                  "value": "{}",
                  "disabled": false,
                  "description": ""
                }
              ]
            },
            "description": "Capture a signature using the scriptel signature capture"
          },
          "response": [
            {
              "status": "OK",
              "code": 200,
              "name": "Response_200",
              "id": "be1c3bf0-5386-4462-aff7-ed5954710027"
            }
          ]
        },
        {
          "id": "0228dcde-11ad-4aa2-8046-c1b8eacc048b",
          "name": "TransactionsReceiptsLatestEmailByTransactionIdPost",
          "request": {
            "url": {
              "protocol": "http",
              "host": "example.com",
              "path": [
                "transactions/:transactionId/receipts/latest/email"
              ],
              "variable": [
                {
                  "id": "transactionId",
                  "value": "{}",
                  "type": "string"
                }
              ]
            },
            "method": "POST",
            "header": [
              {
                "key": "X-PJ-Application-Key",
                "value": "{}",
                "description": "",
                "disabled": false
              },
              {
                "key": "Accept",
                "value": "*/*",
                "disabled": false
              }
            ],
            "body": {
              "mode": "urlencoded",
              "urlencoded": [
                {
                  "key": "replyTo",
                  "value": "{}",
                  "disabled": false,
                  "description": ""
                },
                {
                  "key": "requestSignature",
                  "value": "{}",
                  "disabled": false,
                  "description": ""
                },
                {
                  "key": "to",
                  "value": "{}",
                  "disabled": false,
                  "description": ""
                }
              ]
            },
            "description": "/transactions/{transactionid}/receipts/latest/email."
          },
          "response": [
            {
              "status": "OK",
              "code": 200,
              "name": "Response_200",
              "id": "af1cde52-223f-45f8-841f-26eddb045283"
            }
          ]
        },
        {
          "id": "389701cb-4fd4-41a8-8ae8-a65b616065c3",
          "name": "TransactionsReceiptsByTransactionIdGet",
          "request": {
            "url": {
              "protocol": "http",
              "host": "example.com",
              "path": [
                "transactions/:transactionId/receipts"
              ],
              "variable": [
                {
                  "id": "transactionId",
                  "value": "{}",
                  "type": "string"
                }
              ]
            },
            "method": "GET",
            "header": [
              {
                "key": "X-PJ-Application-Key",
                "value": "{}",
                "description": "",
                "disabled": false
              },
              {
                "key": "Accept",
                "value": "*/*",
                "disabled": false
              }
            ],
            "body": {
              "mode": "raw"
            },
            "description": "Get all of the signed receipts for a transaction."
          },
          "response": [
            {
              "status": "OK",
              "code": 200,
              "name": "Response_200",
              "id": "f39b94c1-2b25-44f9-a2c1-4fe5c8e67fb5"
            }
          ]
        },
        {
          "id": "43b7a278-8313-46b7-acb8-5d2612b964af",
          "name": "TransactionsReceiptsLatestByTransactionIdGet",
          "request": {
            "url": {
              "protocol": "http",
              "host": "example.com",
              "path": [
                "transactions/:transactionId/receipts/latest"
              ],
              "variable": [
                {
                  "id": "transactionId",
                  "value": "{}",
                  "type": "string"
                }
              ]
            },
            "method": "GET",
            "header": [
              {
                "key": "X-PJ-Application-Key",
                "value": "{}",
                "description": "",
                "disabled": false
              },
              {
                "key": "Accept",
                "value": "*/*",
                "disabled": false
              }
            ],
            "body": {
              "mode": "raw"
            },
            "description": "Retrieve the most recent version of the receipt."
          },
          "response": [
            {
              "status": "OK",
              "code": 200,
              "name": "Response_200",
              "id": "f378f5a4-5eed-4917-8acc-b51a074dc6f9"
            }
          ]
        },
        {
          "id": "e03b671d-6367-41bf-9460-423b631dc9c9",
          "name": "TransactionsReceiptsLatestThermalByTransactionIdGet",
          "request": {
            "url": {
              "protocol": "http",
              "host": "example.com",
              "path": [
                "transactions/:transactionId/receipts/latest/thermal"
              ],
              "variable": [
                {
                  "id": "transactionId",
                  "value": "{}",
                  "type": "string"
                }
              ]
            },
            "method": "GET",
            "header": [
              {
                "key": "X-PJ-Application-Key",
                "value": "{}",
                "description": "",
                "disabled": false
              },
              {
                "key": "Accept",
                "value": "*/*",
                "disabled": false
              }
            ],
            "body": {
              "mode": "raw"
            },
            "description": "Get the most recent version of the thermal receipt HTML Document"
          },
          "response": [
            {
              "status": "OK",
              "code": 200,
              "name": "Response_200",
              "id": "e4532424-8d7a-442d-bfd7-b7a18645d97a"
            }
          ]
        },
        {
          "id": "c2a472d6-c5c8-4b9b-8278-543cf978d917",
          "name": "TransactionsReceiptsLatestFullpageByTransactionIdGet",
          "request": {
            "url": {
              "protocol": "http",
              "host": "example.com",
              "path": [
                "transactions/:transactionId/receipts/latest/fullpage"
              ],
              "variable": [
                {
                  "id": "transactionId",
                  "value": "{}",
                  "type": "string"
                }
              ]
            },
            "method": "GET",
            "header": [
              {
                "key": "X-PJ-Application-Key",
                "value": "{}",
                "descri