{
  "info": {
    "name": "EPA Facility Registry System API ",
    "_postman_id": "82f1c7b9-64f3-444c-b465-b7ac93aaf793",
    "description": "",
    "schema": "https://schema.getpostman.com/json/collection/v2.0.0/"
  },
  "item": [
    {
      "id": "88cfc1ea-1091-4f92-99e9-079929006097",
      "name": "enviroFacts_AA_CEMS_DETAILS",
      "request": {
        "url": {
          "protocol": "http",
          "host": "iaspub.epa.gov",
          "path": [
            "enviro",
            "efservice",
            "AA_CEMS_DETAILS/ROWS/:row_start::row_end/:output"
          ],
          "variable": [
            {
              "id": "output",
              "value": "{}",
              "type": "string"
            },
            {
              "id": "row_end",
              "value": "{}",
              "type": "string"
            },
            {
              "id": "row_start",
              "value": "{}",
              "type": "string"
            }
          ]
        },
        "method": "GET",
        "body": {
          "mode": "raw"
        },
        "description": ""
      },
      "response": [
        {
          "status": "OK",
          "code": 200,
          "name": "Response_200",
          "id": "69adb167-c6a2-4902-880f-4aaff553f6d4"
        }
      ]
    },
    {
      "id": "be9b9c96-6d33-4c9a-870e-f8c24d3d679e",
      "name": "enviroFacts_FRS_AFFILIATION",
      "request": {
        "url": {
          "protocol": "http",
          "host": "iaspub.epa.gov",
          "path": [
            "enviro",
            "efservice",
            "FRS_AFFILIATION/ROWS/:row_start::row_end/:output"
          ],
          "variable": [
            {
              "id": "output",
              "value": "{}",
              "type": "string"
            },
            {
              "id": "row_end",
              "value": "{}",
              "type": "string"
            },
            {
              "id": "row_start",
              "value": "{}",
              "type": "string"
            }
          ]
        },
        "method": "GET",
        "body": {
          "mode": "raw"
        },
        "description": ""
      },
      "response": [
        {
          "status": "OK",
          "code": 200,
          "name": "Response_200",
          "id": "e9ca4b13-dae2-4a1e-9d26-b556a9322f88"
        }
      ]
    },
    {
      "id": "f0074318-5aec-408c-b042-d0b8651873d0",
      "name": "enviroFacts_FRS_AGENCY_REF",
      "request": {
        "url": {
          "protocol": "http",
          "host": "iaspub.epa.gov",
          "path": [
            "enviro",
            "efservice",
            "FRS_AGENCY_REF/ROWS/:row_start::row_end/:output"
          ],
          "variable": [
            {
              "id": "output",
              "value": "{}",
              "type": "string"
            },
            {
              "id": "row_end",
              "value": "{}",
              "type": "string"
            },
            {
              "id": "row_start",
              "value": "{}",
              "type": "string"
            }
          ]
        },
        "method": "GET",
        "body": {
          "mode": "raw"
        },
        "description": ""
      },
      "response": [
        {
          "status": "OK",
          "code": 200,
          "name": "Response_200",
          "id": "e127fb5a-8472-48c7-9c6a-62c81f4481c8"
        }
      ]
    },
    {
      "id": "26cbb972-ef2b-421a-82d6-6bb1f767aa4b",
      "name": "enviroFacts_FRS_ALTERNATIVE_ID",
      "request": {
        "url": {
          "protocol": "http",
          "host": "iaspub.epa.gov",
          "path": [
            "enviro",
            "efservice",
            "FRS_ALTERNATIVE_ID/ROWS/:row_start::row_end/:output"
          ],
          "variable": [
            {
              "id": "output",
              "value": "{}",
              "type": "string"
            },
            {
              "id": "row_end",
              "value": "{}",
              "type": "string"
            },
            {
              "id": "row_start",
              "value": "{}",
              "type": "string"
            }
          ]
        },
        "method": "GET",
        "body": {
          "mode": "raw"
        },
        "description": ""
      },
      "response": [
        {
          "status": "OK",
          "code": 200,
          "name": "Response_200",
          "id": "ec9d52ef-c047-42f0-bef9-f323eaf22f0d"
        }
      ]
    },
    {
      "id": "f302a2d7-75d2-436c-a34f-b3aa7e372f2e",
      "name": "enviroFacts_FRS_ALT_NAME",
      "request": {
        "url": {
          "protocol": "http",
          "host": "iaspub.epa.gov",
          "path": [
            "enviro",
            "efservice",
            "FRS_ALT_NAME/ROWS/:row_start::row_end/:output"
          ],
          "variable": [
            {
              "id": "output",
              "value": "{}",
              "type": "string"
            },
            {
              "id": "row_end",
              "value": "{}",
              "type": "string"
            },
            {
              "id": "row_start",
              "value": "{}",
              "type": "string"
            }
          ]
        },
        "method": "GET",
        "body": {
          "mode": "raw"
        },
        "description": ""
      },
      "response": [
        {
          "status": "OK",
          "code": 200,
          "name": "Response_200",
          "id": "2457e37a-60aa-49fb-9b15-bd0adf983fcd"
        }
      ]
    },
    {
      "id": "eb5206ea-680a-4712-842d-b34e20d5eb33",
      "name": "enviroFacts_FRS_CODE_DESCRIPTION",
      "request": {
        "url": {
          "protocol": "http",
          "host": "iaspub.epa.gov",
          "path": [
            "enviro",
            "efservice",
            "FRS_CODE_DESCRIPTION/ROWS/:row_start::row_end/:output"
          ],
          "variable": [
            {
              "id": "output",
              "value": "{}",
              "type": "string"
            },
            {
              "id": "row_end",
              "value": "{}",
              "type": "string"
            },
            {
              "id": "row_start",
              "value": "{}",
              "type": "string"
            }
          ]
        },
        "method": "GET",
        "body": {
          "mode": "raw"
        },
        "description": ""
      },
      "response": [
        {
          "status": "OK",
          "code": 200,
          "name": "Response_200",
          "id": "b0a5a388-1631-4d97-bb0c-f4aa719f04f9"
        }
      ]
    },
    {
      "id": "cddee882-586d-40b0-8b93-661d38b000be",
      "name": "enviroFacts_FRS_CONTACT",
      "request": {
        "url": {
          "protocol": "http",
          "host": "iaspub.epa.gov",
          "path": [
            "enviro",
            "efservice",
            "FRS_CONTACT/ROWS/:row_start::row_end/:output"
          ],
          "variable": [
            {
              "id": "output",
              "value": "{}",
              "type": "string"
            },
            {
              "id": "row_end",
              "value": "{}",
              "type": "string"
            },
            {
              "id": "row_start",
              "value": "{}",
              "type": "string"
            }
          ]
        },
        "method": "GET",
        "body": {
          "mode": "raw"
        },
        "description": ""
      },
      "response": [
        {
          "status": "OK",
          "code": 200,
          "name": "Response_200",
          "id": "7287c9d6-9d78-4f76-9766-d7816a9ff8d8"
        }
      ]
    },
    {
      "id": "4ddbc046-ea14-425f-8910-ce15adf5ce2a",
      "name": "enviroFacts_FRS_FACILITY_SITE",
      "request": {
        "url": {
          "protocol": "http",
          "host": "iaspub.epa.gov",
          "path": [
            "enviro",
            "efservice",
            "FRS_FACILITY_SITE/ROWS/:row_start::row_end/:output"
          ],
          "variable": [
            {
              "id": "output",
              "value": "{}",
              "type": "string"
            },
            {
              "id": "row_end",
              "value": "{}",
              "type": "string"
            },
            {
              "id": "row_start",
              "value": "{}",
              "type": "string"
            }
          ]
        },
        "method": "GET",
        "body": {
          "mode": "raw"
        },
        "description": ""
      },
      "response": [
        {
          "status": "OK",
          "code": 200,
          "name": "Response_200",
          "id": "971b9839-7baa-4372-96d3-a8ac95162508"
        }
      ]
    },
    {
      "id": "935d5701-12ac-4276-a2ac-acfa943f4386",
      "name": "enviroFacts_FRS_INTEREST",
      "request": {
        "url": {
          "protocol": "http",
          "host": "iaspub.epa.gov",
          "path": [
            "enviro",
            "efservice",
            "FRS_INTEREST/ROWS/:row_start::row_end/:output"
          ],
          "variable": [
            {
              "id": "output",
              "value": "{}",
              "type": "string"
            },
            {
              "id": "row_end",
              "value": "{}",
              "type": "string"
            },
            {
              "id": "row_start",
              "value": "{}",
              "type": "string"
            }
          ]
        },
        "method": "GET",
        "body": {
          "mode": "raw"
        },
        "description": ""
      },
      "response": [
        {
          "status": "OK",
          "code": 200,
          "name": "Response_200",
          "id": "46f12b17-2a89-4d79-8e2e-d41b85861f66"
        }
      ]
    },
    {
      "id": "52dc1efa-c502-4c97-a7af-c0334a421f60",
      "name": "enviroFacts_FRS_INTEREST_REF",
      "request": {
        "url": {
          "protocol": "http",
          "host": "iaspub.epa.gov",
          "path": [
            "enviro",
            "efservice",
            "FRS_INTEREST_REF/ROWS/:row_start::row_end/:output"
          ],
          "variable": [
            {
              "id": "output",
              "value": "{}",
              "type": "string"
            },
            {
              "id": "row_end",
              "value": "{}",
              "type": "string"
            },
            {
              "id": "row_start",
              "value": "{}",
              "type": "string"
            }
          ]
        },
        "method": "GET",
        "body": {
          "mode": "raw"
        },
        "description": ""
      },
      "response": [
        {
          "status": "OK",
          "code": 200,
          "name": "Response_200",
          "id": "0e5124f0-2d40-42d2-b51b-c00022ec5206"
        }
      ]
    },
    {
      "id": "ece68adc-4f3c-4118-b895-a91d2b0f6b5e",
      "name": "enviroFacts_FRS_MAILING_ADDRESS",
      "request": {
        "url": {
          "protocol": "http",
          "host": "iaspub.epa.gov",
          "path": [
            "enviro",
            "efservice",
            "FRS_MAILING_ADDRESS/ROWS/:row_start::row_end/:output"
          ],
          "variable": [
            {
              "id": "output",
              "value": "{}",
              "type": "string"
            },
            {
              "id": "row_end",
              "value": "{}",
              "type": "string"
            },
            {
              "id": "row_start",
              "value": "{}",
              "type": "string"
            }
          ]
        },
        "method": "GET",
        "body": {
          "mode": "raw"
        },
        "description": ""
      },
      "response": [
        {
          "status": "OK",
          "code": 200,
          "name": "Response_200",
          "id": "77662447-66f0-4455-b41c-4558f9ef089d"
        }
      ]
    },
    {
      "id": "f1b0c0a6-a8c5-48b8-b481-74d2e4b0d18f",
      "name": "enviroFacts_FRS_NAICS",
      "request": {
        "url": {
          "protocol": "http",
          "host": "iaspub.epa.gov",
          "path": [
            "enviro",
            "efservice",
            "FRS_NAICS/ROWS/:row_start::row_end/:output"
          ],
          "variable": [
            {
              "id": "output",
              "value": "{}",
              "type": "string"
            },
            {
              "id": "row_end",
              "value": "{}",
              "type": "string"
            },
            {
              "id": "row_start",
              "value": "{}",
              "type": "string"
            }
          ]
        },
        "method": "GET",
        "body": {
          "mode": "raw"
        },
        "description": ""
      },
      "response": [
        {
          "status": "OK",
          "code": 200,
          "name": "Response_200",
          "id": "711f98a9-d31e-4884-a03a-89c962099ac6"
        }
      ]
    },
    {
      "id": "28bdb434-50cb-41eb-abbf-d22eea20524a",
      "name": "enviroFacts_FRS_ORGANIZATION",
      "request": {
        "url": {
          "protocol": "http",
          "host": "iaspub.epa.gov",
          "path": [
            "enviro",
            "efservice",
            "FRS_ORGANIZATION/ROWS/:row_start::row_end/:output"
          ],
          "variable": [
            {
              "id": "output",
              "value": "{}",
              "type": "string"
            },
            {
              "id": "row_end",
              "value": "{}",
              "type": "string"
            },
            {
              "id": "row_start",
              "value": "{}",
              "type": "string"
            }
          ]
        },
        "method": "GET",
        "body": {
          "mode": "raw"
        },
        "description": ""
      },
      "response": [
        {
          "status": "OK",
          "code": 200,
          "name": "Response_200",
          "id": "6ea0b8e4-7292-40e5-9ec2-056d751ac0d8"
        }
      ]
    },
    {
      "id": "f298b4fe-a90d-4cfe-a1a9-2d87402bf9c4",
      "name": "enviroFacts_FRS_PROGRAM_FACILITY",
      "request": {
        "url": {
          "protocol": "http",
          "host": "iaspub.epa.gov",
          "path": [
            "enviro",
            "efservice",
            "FRS_PROGRAM_FACILITY/ROWS/:row_start::row_end/:output"
          ],
          "variable": [
            {
              "id": "output",
              "value": "{}",
              "type": "string"
            },
            {
              "id": "row_end",
              "value": "{}",
              "type": "string"
            },
            {
              "id": "row_start",
              "value": "{}",
              "type": "string"
            }
          ]
        },
        "method": "GET",
        "body": {
          "mode": "raw"
        },
        "description": ""
      },
      "response": [
        {
          "status": "OK",
          "code": 200,
          "name": "Response_200",
          "id": "9a41ee2c-8a3f-4bb6-ad10-7f8a651de006"
        }
      ]
    },
    {
      "id": "d474e7fd-919f-4bb4-98d8-312a38c147a4",
      "name": "enviroFacts_FRS_SIC",
      "request": {
        "url": {
          "protocol": "http",
          "host": "iaspub.epa.gov",
          "path": [
            "enviro",
            "efservice",
            "FRS_SIC/ROWS/:row_start::row_end/:output"
          ],
          "variable": [
            {
              "id": "output",
              "value": "{}",
              "type": "string"
            },
            {
              "id": "row_end",
              "value": "{}",
              "type": "string"
            },
            {
              "id": "row_start",
              "value": "{}",
              "type": "string"
            }
          ]
        },
        "method": "GET",
        "body": {
          "mode": "raw"
        },
        "description": ""
      },
      "response": [
        {
          "status": "OK",
          "code": 200,
          "name": "Response_200",
          "id": "c2f24eba-e5f5-45cd-8b8c-c7042062680f"
        }
      ]
    },
    {
      "id": "0deb0c78-3ed7-4336-b736-093d596f365b",
      "name": "enviroFacts_FRS_SUPPLEMENTAL_INTEREST",
      "request": {
        "url": {
          "protocol": "http",
          "host": "iaspub.epa.gov",
          "path": [
            "enviro",
            "efservice",
            "FRS_SUPPLEMENTAL_INTEREST/ROWS/:row_start::row_end/:output"
          ],
          "variable": [
            {
              "id": "output",
              "value": "{}",
              "type": "string"
            },
            {
              "id": "row_end",
              "value": "{}",
              "type": "string"
            },
            {
              "id": "row_start",
              "value": "{}",
              "type": "string"
            }
          ]
        },
        "method": "GET",
        "body": {
          "mode": "raw"
        },
        "description": ""
      },
      "response": [
        {
          "status": "OK",
          "code": 200,
          "name": "Response_200",
          "id": "24f44e7f-894f-4415-97b2-1dd7a48eea34"
        }
      ]
    },
    {
      "id": "7677b1be-73b0-49f8-a501-f0186201e949",
      "name": "enviroFacts_FRS_SYSTEM_REF",
      "request": {
        "url": {
          "protocol": "http",
          "host": "iaspub.epa.gov",
          "path": [
            "enviro",
            "efservice",
            "FRS_SYSTEM_REF/ROWS/:row_start::row_end/:output"
          ],
          "variable": [
            {
              "id": "output",
              "value": "{}",
              "type": "string"
            },
            {
              "id": "row_end",
              "value": "{}",
              "type": "string"
            },
            {
              "id": "row_start",
              "value": "{}",
              "type": "string"
            }
          ]
        },
        "method": "GET",
        "body": {
          "mode": "raw"
        },
        "description": ""
      },
      "response": [
        {
          "status": "OK",
          "code": 200,
          "name": "Response_200",
          "id": "550de616-e59f-45f5-b7ea-3d9460b58ac6"
        }
      ]
    },
    {
      "id": "e11a3867-7459-455d-957d-ad51ef03b724",
      "name": "enviroFacts_FRS_TRIBAL_ENTITY_REF",
      "request": {
        "url": {
          "protocol": "http",
          "host": "iaspub.epa.gov",
          "path": [
            "enviro",
            "efservice",
            "FRS_TRIBAL_ENTITY_REF/ROWS/:row_start::row_end/:output"
          ],
          "variable": [
            {
              "id": "output",
              "value": "{}",
              "type": "string"
            },
            {
              "id": "row_end",
              "value": "{}",
              "type": "string"
            },
            {
              "id": "row_start",
              "value": "{}",
              "type": "string"
            }
          ]
        },
        "method": "GET",
        "body": {
          "mode": "raw"
        },
        "description": ""
      },
      "response": [
        {
          "status": "OK",
          "code": 200,
          "name": "Response_200",
          "id": "f3e9a116-cbcf-4afe-97f0-0cdb8089f86b"
        }
      ]
    },
    {
      "id": "7ad79d1f-82aa-4a9c-a2c9-9ebe6d5ffc91",
      "name": "enviroFacts_FRS_TRIBAL_LAND_REF",
      "request": {
        "url": {
          "protocol": "http",
          "host": "iaspub.epa.gov",
          "path": [
            "enviro",
            "efservice",
            "FRS_TRIBAL_LAND_REF/ROWS/:row_start::row_end/:output"
          ],
          "variable": [
            {
              "id": "output",
              "value": "{}",
              "type": "string"
            },
            {
              "id": "row_end",
              "value": "{}",
              "type": "string"
            },
            {
              "id": "row_start",
              "value": "{}",
              "type": "string"
            }
          ]
        },
        "method": "GET",
        "body": {
          "mode": "raw"
        },
        "description": ""
      },
      "response": [
        {
          "status": "OK",
          "code": 200,
          "name": "Response_200",
          "id": "01f1eb5a-56c1-40be-9d9b-9c3e346316be"
        }
      ]
    },
    {
      "id": "2dfd0188-dd48-48bf-a7d5-ff37372ca766",
      "name": "enviroFacts_G_INFO",
      "request": {
        "url": {
          "protocol": "http",
          "host": "iaspub.epa.gov",
          "path": [
            "enviro",
            "efservice",
            "G_INFO/ROWS/:row_start::row_end/:output"
          ],
          "variable": [
            {
              "id": "output",
              "value": "{}",
              "type": "string"
            },
            {
              "id": "row_end",
              "value": "{}",
              "type": "string"
            },
            {
              "id": "row_start",
              "value": "{}",
              "type": "string"
            }
          ]
        },
        "method": "GET",
        "body": {
          "mode": "raw"
        },
        "description": ""
      },
      "response": [
        {
          "status": "OK",
          "code": 200,
          "name": "Response_200",
          "id": "133d8665-d7bf-4b9b-8aa1-8d1c4385ef9b"
        }
      ]
    }
  ]
}