{
  "info": {
    "name": "EPA Safe Drinking Water Information System API ",
    "_postman_id": "1579690d-bb1d-4f12-890c-e87c3ce4b819",
    "description": "",
    "schema": "https://schema.getpostman.com/json/collection/v2.0.0/"
  },
  "item": [
    {
      "id": "bd87eb4d-3b30-4a6c-bd8f-bc42e59cdb16",
      "name": "enviroFacts_ENFORCEMENT_ACTION",
      "request": {
        "url": {
          "protocol": "http",
          "host": "iaspub.epa.gov",
          "path": [
            "enviro",
            "efservice",
            "ENFORCEMENT_ACTION/ROWS/:row_start::row_end/:output"
          ],
          "variable": [
            {
              "id": "output",
              "value": "{}",
              "type": "string"
            },
            {
              "id": "row_end",
              "value": "{}",
              "type": "string"
            },
            {
              "id": "row_start",
              "value": "{}",
              "type": "string"
            }
          ]
        },
        "method": "GET",
        "body": {
          "mode": "raw"
        },
        "description": ""
      },
      "response": [
        {
          "status": "OK",
          "code": 200,
          "name": "Response_200",
          "id": "7d145ba1-e811-4a53-94c8-a29a77ddf2ae"
        }
      ]
    },
    {
      "id": "3362fddf-6197-422e-a8ed-5dea41ca33bd",
      "name": "enviroFacts_GEOGRAPHIC_AREA",
      "request": {
        "url": {
          "protocol": "http",
          "host": "iaspub.epa.gov",
          "path": [
            "enviro",
            "efservice",
            "GEOGRAPHIC_AREA/ROWS/:row_start::row_end/:output"
          ],
          "variable": [
            {
              "id": "output",
              "value": "{}",
              "type": "string"
            },
            {
              "id": "row_end",
              "value": "{}",
              "type": "string"
            },
            {
              "id": "row_start",
              "value": "{}",
              "type": "string"
            }
          ]
        },
        "method": "GET",
        "body": {
          "mode": "raw"
        },
        "description": ""
      },
      "response": [
        {
          "status": "OK",
          "code": 200,
          "name": "Response_200",
          "id": "a138afc5-3210-4a8a-bd49-4ee4f7986c5c"
        }
      ]
    },
    {
      "id": "9eb38e1c-72a7-4ecb-bdc4-b051451b7b27",
      "name": "enviroFacts_SERVICE_AREA",
      "request": {
        "url": {
          "protocol": "http",
          "host": "iaspub.epa.gov",
          "path": [
            "enviro",
            "efservice",
            "SERVICE_AREA/ROWS/:row_start::row_end/:output"
          ],
          "variable": [
            {
              "id": "output",
              "value": "{}",
              "type": "string"
            },
            {
              "id": "row_end",
              "value": "{}",
              "type": "string"
            },
            {
              "id": "row_start",
              "value": "{}",
              "type": "string"
            }
          ]
        },
        "method": "GET",
        "body": {
          "mode": "raw"
        },
        "description": ""
      },
      "response": [
        {
          "status": "OK",
          "code": 200,
          "name": "Response_200",
          "id": "2f7bf7a6-dbd0-4b62-bd58-601e77f86cb2"
        }
      ]
    },
    {
      "id": "1fdb8ccc-0d39-4542-aeca-9c14de830e41",
      "name": "enviroFacts_VIOLATION",
      "request": {
        "url": {
          "protocol": "http",
          "host": "iaspub.epa.gov",
          "path": [
            "enviro",
            "efservice",
            "VIOLATION/ROWS/:row_start::row_end/:output"
          ],
          "variable": [
            {
              "id": "output",
              "value": "{}",
              "type": "string"
            },
            {
              "id": "row_end",
              "value": "{}",
              "type": "string"
            },
            {
              "id": "row_start",
              "value": "{}",
              "type": "string"
            }
          ]
        },
        "method": "GET",
        "body": {
          "mode": "raw"
        },
        "description": ""
      },
      "response": [
        {
          "status": "OK",
          "code": 200,
          "name": "Response_200",
          "id": "407fc8c8-8960-4f93-bf69-08f462d5c1e2"
        }
      ]
    },
    {
      "id": "4a423954-16ff-4c56-99c4-5b3f092e8115",
      "name": "enviroFacts_VIOLATION_ENF_ASSOC",
      "request": {
        "url": {
          "protocol": "http",
          "host": "iaspub.epa.gov",
          "path": [
            "enviro",
            "efservice",
            "VIOLATION_ENF_ASSOC/ROWS/:row_start::row_end/:output"
          ],
          "variable": [
            {
              "id": "output",
              "value": "{}",
              "type": "string"
            },
            {
              "id": "row_end",
              "value": "{}",
              "type": "string"
            },
            {
              "id": "row_start",
              "value": "{}",
              "type": "string"
            }
          ]
        },
        "method": "GET",
        "body": {
          "mode": "raw"
        },
        "description": ""
      },
      "response": [
        {
          "status": "OK",
          "code": 200,
          "name": "Response_200",
          "id": "c80993ac-bc39-42b8-b159-b27280d42d11"
        }
      ]
    },
    {
      "id": "b904517b-604e-4b95-b777-44e9f27f47ce",
      "name": "enviroFacts_WATER_SYSTEM",
      "request": {
        "url": {
          "protocol": "http",
          "host": "iaspub.epa.gov",
          "path": [
            "enviro",
            "efservice",
            "WATER_SYSTEM/ROWS/:row_start::row_end/:output"
          ],
          "variable": [
            {
              "id": "output",
              "value": "{}",
              "type": "string"
            },
            {
              "id": "row_end",
              "value": "{}",
              "type": "string"
            },
            {
              "id": "row_start",
              "value": "{}",
              "type": "string"
            }
          ]
        },
        "method": "GET",
        "body": {
          "mode": "raw"
        },
        "description": ""
      },
      "response": [
        {
          "status": "OK",
          "code": 200,
          "name": "Response_200",
          "id": "0c274c35-118f-47fb-a511-5adb33fbf597"
        }
      ]
    },
    {
      "id": "0db8986f-42c3-4b5e-85f0-4997022d9ee9",
      "name": "enviroFacts_WATER_SYSTEM_FACILITY",
      "request": {
        "url": {
          "protocol": "http",
          "host": "iaspub.epa.gov",
          "path": [
            "enviro",
            "efservice",
            "WATER_SYSTEM_FACILITY/ROWS/:row_start::row_end/:output"
          ],
          "variable": [
            {
              "id": "output",
              "value": "{}",
              "type": "string"
            },
            {
              "id": "row_end",
              "value": "{}",
              "type": "string"
            },
            {
              "id": "row_start",
              "value": "{}",
              "type": "string"
            }
          ]
        },
        "method": "GET",
        "body": {
          "mode": "raw"
        },
        "description": ""
      },
      "response": [
        {
          "status": "OK",
          "code": 200,
          "name": "Response_200",
          "id": "5cefcd83-7108-4613-81a6-d9c2fe1972e2"
        }
      ]
    }
  ]
}