{
  "info": {
    "name": "EPA Integrated Grants Management System API ",
    "_postman_id": "4fa8ec6e-4aa9-4190-abe2-6ce689a6cb78",
    "description": "",
    "schema": "https://schema.getpostman.com/json/collection/v2.0.0/"
  },
  "item": [
    {
      "id": "200a85f0-25ed-4c27-b08b-6cf2908666c2",
      "name": "enviroFacts_OGD_CFDA",
      "request": {
        "url": {
          "protocol": "http",
          "host": "iaspub.epa.gov",
          "path": [
            "enviro",
            "efservice",
            "OGD_CFDA/ROWS/:row_start::row_end/:output"
          ],
          "variable": [
            {
              "id": "output",
              "value": "{}",
              "type": "string"
            },
            {
              "id": "row_end",
              "value": "{}",
              "type": "string"
            },
            {
              "id": "row_start",
              "value": "{}",
              "type": "string"
            }
          ]
        },
        "method": "GET",
        "body": {
          "mode": "raw"
        },
        "description": ""
      },
      "response": [
        {
          "status": "OK",
          "code": 200,
          "name": "Response_200",
          "id": "e06acab1-06d7-4a69-8dbc-890df34ef3bc"
        }
      ]
    },
    {
      "id": "5231ad73-e7d5-4d54-a599-7699a18628db",
      "name": "enviroFacts_OGD_EF_GRANT_DRPT_CFDA",
      "request": {
        "url": {
          "protocol": "http",
          "host": "iaspub.epa.gov",
          "path": [
            "enviro",
            "efservice",
            "OGD_EF_GRANT_DRPT_CFDA/ROWS/:row_start::row_end/:output"
          ],
          "variable": [
            {
              "id": "output",
              "value": "{}",
              "type": "string"
            },
            {
              "id": "row_end",
              "value": "{}",
              "type": "string"
            },
            {
              "id": "row_start",
              "value": "{}",
              "type": "string"
            }
          ]
        },
        "method": "GET",
        "body": {
          "mode": "raw"
        },
        "description": ""
      },
      "response": [
        {
          "status": "OK",
          "code": 200,
          "name": "Response_200",
          "id": "0ec89ecd-50c9-4271-ae86-d39d4011b0f1"
        }
      ]
    },
    {
      "id": "4fd5f647-0b4c-4925-aa4b-f6868ef2b602",
      "name": "enviroFacts_OGD_EF_GRANT_DRPT_SA",
      "request": {
        "url": {
          "protocol": "http",
          "host": "iaspub.epa.gov",
          "path": [
            "enviro",
            "efservice",
            "OGD_EF_GRANT_DRPT_SA/ROWS/:row_start::row_end/:output"
          ],
          "variable": [
            {
              "id": "output",
              "value": "{}",
              "type": "string"
            },
            {
              "id": "row_end",
              "value": "{}",
              "type": "string"
            },
            {
              "id": "row_start",
              "value": "{}",
              "type": "string"
            }
          ]
        },
        "method": "GET",
        "body": {
          "mode": "raw"
        },
        "description": ""
      },
      "response": [
        {
          "status": "OK",
          "code": 200,
          "name": "Response_200",
          "id": "c381ac1b-2682-4e1f-977c-a8b308bfd6b1"
        }
      ]
    },
    {
      "id": "53f8b305-1bdc-4165-a0e8-9904b29db9f3",
      "name": "enviroFacts_OGD_EF_GRANT_DTL_RPT",
      "request": {
        "url": {
          "protocol": "http",
          "host": "iaspub.epa.gov",
          "path": [
            "enviro",
            "efservice",
            "OGD_EF_GRANT_DTL_RPT/ROWS/:row_start::row_end/:output"
          ],
          "variable": [
            {
              "id": "output",
              "value": "{}",
              "type": "string"
            },
            {
              "id": "row_end",
              "value": "{}",
              "type": "string"
            },
            {
              "id": "row_start",
              "value": "{}",
              "type": "string"
            }
          ]
        },
        "method": "GET",
        "body": {
          "mode": "raw"
        },
        "description": ""
      },
      "response": [
        {
          "status": "OK",
          "code": 200,
          "name": "Response_200",
          "id": "2ccb0f8f-77d0-4672-b27d-719d2ae5a7b5"
        }
      ]
    },
    {
      "id": "bf4d4be4-c917-40b5-be9b-cfae42f00a27",
      "name": "enviroFacts_OGD_EF_GRANT_SUM_RPT",
      "request": {
        "url": {
          "protocol": "http",
          "host": "iaspub.epa.gov",
          "path": [
            "enviro",
            "efservice",
            "OGD_EF_GRANT_SUM_RPT/ROWS/:row_start::row_end/:output"
          ],
          "variable": [
            {
              "id": "output",
              "value": "{}",
              "type": "string"
            },
            {
              "id": "row_end",
              "value": "{}",
              "type": "string"
            },
            {
              "id": "row_start",
              "value": "{}",
              "type": "string"
            }
          ]
        },
        "method": "GET",
        "body": {
          "mode": "raw"
        },
        "description": ""
      },
      "response": [
        {
          "status": "OK",
          "code": 200,
          "name": "Response_200",
          "id": "64c815db-d2f8-44ef-85fc-e7062edbc931"
        }
      ]
    },
    {
      "id": "a1759dcf-ac8b-4d98-abb2-61ab43d3da80",
      "name": "enviroFacts_OGD_STAT_AUTHORITY",
      "request": {
        "url": {
          "protocol": "http",
          "host": "iaspub.epa.gov",
          "path": [
            "enviro",
            "efservice",
            "OGD_STAT_AUTHORITY/ROWS/:row_start::row_end/:output"
          ],
          "variable": [
            {
              "id": "output",
              "value": "{}",
              "type": "string"
            },
            {
              "id": "row_end",
              "value": "{}",
              "type": "string"
            },
            {
              "id": "row_start",
              "value": "{}",
              "type": "string"
            }
          ]
        },
        "method": "GET",
        "body": {
          "mode": "raw"
        },
        "description": ""
      },
      "response": [
        {
          "status": "OK",
          "code": 200,
          "name": "Response_200",
          "id": "080017ec-a984-4f14-8f26-cc946a82b69d"
        }
      ]
    }
  ]
}