{
  "info": {
    "name": "EPA Greenhouse Gas API ",
    "_postman_id": "f924b05e-18f8-44d4-aa5a-44a22361e7b4",
    "description": "",
    "schema": "https://schema.getpostman.com/json/collection/v2.0.0/"
  },
  "item": [
    {
      "id": "9fed20c8-a70d-4830-a469-af1cb0c00b96",
      "name": "enviroFacts_AA_FOSSIL_FUEL_INFORMATION",
      "request": {
        "url": {
          "protocol": "http",
          "host": "iaspub.epa.gov",
          "path": [
            "enviro",
            "efservice",
            "AA_FOSSIL_FUEL_INFORMATION/ROWS/:row_start::row_end/:output"
          ],
          "variable": [
            {
              "id": "output",
              "value": "{}",
              "type": "string"
            },
            {
              "id": "row_end",
              "value": "{}",
              "type": "string"
            },
            {
              "id": "row_start",
              "value": "{}",
              "type": "string"
            }
          ]
        },
        "method": "GET",
        "body": {
          "mode": "raw"
        },
        "description": ""
      },
      "response": [
        {
          "status": "OK",
          "code": 200,
          "name": "Response_200",
          "id": "4f601341-0a5d-43ba-a06c-486d5c90bcb6"
        }
      ]
    },
    {
      "id": "0b40a340-c399-4634-8d75-0631ed8c7f7e",
      "name": "enviroFacts_AA_FOSSIL_FUEL_TIER_2_INFO",
      "request": {
        "url": {
          "protocol": "http",
          "host": "iaspub.epa.gov",
          "path": [
            "enviro",
            "efservice",
            "AA_FOSSIL_FUEL_TIER_2_INFO/ROWS/:row_start::row_end/:output"
          ],
          "variable": [
            {
              "id": "output",
              "value": "{}",
              "type": "string"
            },
            {
              "id": "row_end",
              "value": "{}",
              "type": "string"
            },
            {
              "id": "row_start",
              "value": "{}",
              "type": "string"
            }
          ]
        },
        "method": "GET",
        "body": {
          "mode": "raw"
        },
        "description": ""
      },
      "response": [
        {
          "status": "OK",
          "code": 200,
          "name": "Response_200",
          "id": "3c4491c3-b891-4dd3-9131-a8bc3c280193"
        }
      ]
    },
    {
      "id": "65a4f09f-b825-4731-b843-4d2841640515",
      "name": "enviroFacts_AA_MAKEUP_CHEMICAL_INFO",
      "request": {
        "url": {
          "protocol": "http",
          "host": "iaspub.epa.gov",
          "path": [
            "enviro",
            "efservice",
            "AA_MAKEUP_CHEMICAL_INFO/ROWS/:row_start::row_end/:output"
          ],
          "variable": [
            {
              "id": "output",
              "value": "{}",
              "type": "string"
            },
            {
              "id": "row_end",
              "value": "{}",
              "type": "string"
            },
            {
              "id": "row_start",
              "value": "{}",
              "type": "string"
            }
          ]
        },
        "method": "GET",
        "body": {
          "mode": "raw"
        },
        "description": ""
      },
      "response": [
        {
          "status": "OK",
          "code": 200,
          "name": "Response_200",
          "id": "95c7f154-0846-4d6a-a13c-6a6f15281387"
        }
      ]
    },
    {
      "id": "0723d4d5-227c-483c-a8a2-a76ec16c72dc",
      "name": "enviroFacts_AA_SPENT_LIQUOR_INFORMATION",
      "request": {
        "url": {
          "protocol": "http",
          "host": "iaspub.epa.gov",
          "path": [
            "enviro",
            "efservice",
            "AA_SPENT_LIQUOR_INFORMATION/ROWS/:row_start::row_end/:output"
          ],
          "variable": [
            {
              "id": "output",
              "value": "{}",
              "type": "string"
            },
            {
              "id": "row_end",
              "value": "{}",
              "type": "string"
            },
            {
              "id": "row_start",
              "value": "{}",
              "type": "string"
            }
          ]
        },
        "method": "GET",
        "body": {
          "mode": "raw"
        },
        "description": ""
      },
      "response": [
        {
          "status": "OK",
          "code": 200,
          "name": "Response_200",
          "id": "7f5dd481-ce3f-4e41-8853-d401d9498a93"
        }
      ]
    },
    {
      "id": "ec388f41-0663-4197-af68-b3114c4f1cef",
      "name": "enviroFacts_AA_SUBPART_LEVEL_INFORMATION",
      "request": {
        "url": {
          "protocol": "http",
          "host": "iaspub.epa.gov",
          "path": [
            "enviro",
            "efservice",
            "AA_SUBPART_LEVEL_INFORMATION/ROWS/:row_start::row_end/:output"
          ],
          "variable": [
            {
              "id": "output",
              "value": "{}",
              "type": "string"
            },
            {
              "id": "row_end",
              "value": "{}",
              "type": "string"
            },
            {
              "id": "row_start",
              "value": "{}",
              "type": "string"
            }
          ]
        },
        "method": "GET",
        "body": {
          "mode": "raw"
        },
        "description": ""
      },
      "response": [
        {
          "status": "OK",
          "code": 200,
          "name": "Response_200",
          "id": "7af154c0-ead2-4890-91a1-6b5c214e79a9"
        }
      ]
    },
    {
      "id": "ecfa51e3-4e35-42e3-ac91-e2e1bc335852",
      "name": "enviroFacts_AA_TIER_4_CEMS_QUARTERLY_CO2",
      "request": {
        "url": {
          "protocol": "http",
          "host": "iaspub.epa.gov",
          "path": [
            "enviro",
            "efservice",
            "AA_TIER_4_CEMS_QUARTERLY_CO2/ROWS/:row_start::row_end/:output"
          ],
          "variable": [
            {
              "id": "output",
              "value": "{}",
              "type": "string"
            },
            {
              "id": "row_end",
              "value": "{}",
              "type": "string"
            },
            {
              "id": "row_start",
              "value": "{}",
              "type": "string"
            }
          ]
        },
        "method": "GET",
        "body": {
          "mode": "raw"
        },
        "description": ""
      },
      "response": [
        {
          "status": "OK",
          "code": 200,
          "name": "Response_200",
          "id": "fd459c34-979b-4ec9-a68a-bb58337f5aed"
        }
      ]
    },
    {
      "id": "71ddc88a-8eff-46ff-9f51-db8fc85d7cf9",
      "name": "enviroFacts_C_BIOGENIC_CO2_DETAILS",
      "request": {
        "url": {
          "protocol": "http",
          "host": "iaspub.epa.gov",
          "path": [
            "enviro",
            "efservice",
            "C_BIOGENIC_CO2_DETAILS/ROWS/:row_start::row_end/:output"
          ],
          "variable": [
            {
              "id": "output",
              "value": "{}",
              "type": "string"
            },
            {
              "id": "row_end",
              "value": "{}",
              "type": "string"
            },
            {
              "id": "row_start",
              "value": "{}",
              "type": "string"
            }
          ]
        },
        "method": "GET",
        "body": {
          "mode": "raw"
        },
        "description": ""
      },
      "response": [
        {
          "status": "OK",
          "code": 200,
          "name": "Response_200",
          "id": "c22ec5f4-fabe-4e42-a45d-d0b6c8b96e06"
        }
      ]
    },
    {
      "id": "8ee1ca16-61e1-4cff-b15e-aa894bb4d157",
      "name": "enviroFacts_C_CEMS_QUARTERLY_CO2",
      "request": {
        "url": {
          "protocol": "http",
          "host": "iaspub.epa.gov",
          "path": [
            "enviro",
            "efservice",
            "C_CEMS_QUARTERLY_CO2/ROWS/:row_start::row_end/:output"
          ],
          "variable": [
            {
              "id": "output",
              "value": "{}",
              "type": "string"
            },
            {
              "id": "row_end",
              "value": "{}",
              "type": "string"
            },
            {
              "id": "row_start",
              "value": "{}",
              "type": "string"
            }
          ]
        },
        "method": "GET",
        "body": {
          "mode": "raw"
        },
        "description": ""
      },
      "response": [
        {
          "status": "OK",
          "code": 200,
          "name": "Response_200",
          "id": "224058ae-7ebc-4984-943a-d74865cedc9b"
        }
      ]
    },
    {
      "id": "21090e14-ba92-482e-ab16-5cc1ad036220",
      "name": "enviroFacts_C_CONFIGURATION_LEVEL_INFO",
      "request": {
        "url": {
          "protocol": "http",
          "host": "iaspub.epa.gov",
          "path": [
            "enviro",
            "efservice",
            "C_CONFIGURATION_LEVEL_INFO/ROWS/:row_start::row_end/:output"
          ],
          "variable": [
            {
              "id": "output",
              "value": "{}",
              "type": "string"
            },
            {
              "id": "row_end",
              "value": "{}",
              "type": "string"
            },
            {
              "id": "row_start",
              "value": "{}",
              "type": "string"
            }
          ]
        },
        "method": "GET",
        "body": {
          "mode": "raw"
        },
        "description": ""
      },
      "response": [
        {
          "status": "OK",
          "code": 200,
          "name": "Response_200",
          "id": "c3c8af87-eeef-4ae3-9771-32fe8edad78f"
        }
      ]
    },
    {
      "id": "87402834-85f3-44a4-a458-7a50386644f7",
      "name": "enviroFacts_C_FUEL_LEVEL_INFORMATION",
      "request": {
        "url": {
          "protocol": "http",
          "host": "iaspub.epa.gov",
          "path": [
            "enviro",
            "efservice",
            "C_FUEL_LEVEL_INFORMATION/ROWS/:row_start::row_end/:output"
          ],
          "variable": [
            {
              "id": "output",
              "value": "{}",
              "type": "string"
            },
            {
              "id": "row_end",
              "value": "{}",
              "type": "string"
            },
            {
              "id": "row_start",
              "value": "{}",
              "type": "string"
            }
          ]
        },
        "method": "GET",
        "body": {
          "mode": "raw"
        },
        "description": ""
      },
      "response": [
        {
          "status": "OK",
          "code": 200,
          "name": "Response_200",
          "id": "09e64542-074a-4910-b7d0-f609a058cb80"
        }
      ]
    },
    {
      "id": "0ee3dfa4-b8ca-4af3-a0e5-8e494144be8b",
      "name": "enviroFacts_C_SUBPART_LEVEL_INFORMATION",
      "request": {
        "url": {
          "protocol": "http",
          "host": "iaspub.epa.gov",
          "path": [
            "enviro",
            "efservice",
            "C_SUBPART_LEVEL_INFORMATION/ROWS/:row_start::row_end/:output"
          ],
          "variable": [
            {
              "id": "output",
              "value": "{}",
              "type": "string"
            },
            {
              "id": "row_end",
              "value": "{}",
              "type": "string"
            },
            {
              "id": "row_start",
              "value": "{}",
              "type": "string"
            }
          ]
        },
        "method": "GET",
        "body": {
          "mode": "raw"
        },
        "description": ""
      },
      "response": [
        {
          "status": "OK",
          "code": 200,
          "name": "Response_200",
          "id": "258b10e3-7847-4e34-8e95-2ffff256a44a"
        }
      ]
    },
    {
      "id": "30f0137c-752b-4ee9-990c-33f3d0e12cfb",
      "name": "enviroFacts_C_TIER2_MONTHLY_HHV",
      "request": {
        "url": {
          "protocol": "http",
          "host": "iaspub.epa.gov",
          "path": [
            "enviro",
            "efservice",
            "C_TIER2_MONTHLY_HHV/ROWS/:row_start::row_end/:output"
          ],
          "variable": [
            {
              "id": "output",
              "value": "{}",
              "type": "string"
            },
            {
              "id": "row_end",
              "value": "{}",
              "type": "string"
            },
            {
              "id": "row_start",
              "value": "{}",
              "type": "string"
            }
          ]
        },
        "method": "GET",
        "body": {
          "mode": "raw"
        },
        "description": ""
      },
      "response": [
        {
          "status": "OK",
          "code": 200,
          "name": "Response_200",
          "id": "adb9697f-e195-464f-aff2-13324342a80d"
        }
      ]
    },
    {
      "id": "ca81ed0a-f106-400b-a1ff-d2f683599424",
      "name": "enviroFacts_DD_FACILITY_INFO",
      "request": {
        "url": {
          "protocol": "http",
          "host": "iaspub.epa.gov",
          "path": [
            "enviro",
            "efservice",
            "DD_FACILITY_INFO/ROWS/:row_start::row_end/:output"
          ],
          "variable": [
            {
              "id": "output",
              "value": "{}",
              "type": "string"
            },
            {
              "id": "row_end",
              "value": "{}",
              "type": "string"
            },
            {
              "id": "row_start",
              "value": "{}",
              "type": "string"
            }
          ]
        },
        "method": "GET",
        "body": {
          "mode": "raw"
        },
        "description": ""
      },
      "response": [
        {
          "status": "OK",
          "code": 200,
          "name": "Response_200",
          "id": "e48aa0c8-de1a-4272-9cb7-faf0a83ac89d"
        }
      ]
    },
    {
      "id": "5b98185c-9787-4f31-8f0b-d6845a8c69f5",
      "name": "enviroFacts_DD_INCREASE_NAMEPLATE",
      "request": {
        "url": {
          "protocol": "http",
          "host": "iaspub.epa.gov",
          "path": [
            "enviro",
            "efservice",
            "DD_INCREASE_NAMEPLATE/ROWS/:row_start::row_end/:output"
          ],
          "variable": [
            {
              "id": "output",
              "value": "{}",
              "type": "string"
            },
            {
              "id": "row_end",
              "value": "{}",
              "type": "string"
            },
            {
              "id": "row_start",
              "value": "{}",
              "type": "string"
            }
          ]
        },
        "method": "GET",
        "body": {
          "mode": "raw"
        },
        "description": ""
      },
      "response": [
        {
          "status": "OK",
          "code": 200,
          "name": "Response_200",
          "id": "4eea8265-f0f8-4d67-b58d-5a05b910e4d6"
        }
      ]
    },
    {
      "id": "7654bf4f-cd3b-499f-bc6e-b3673a4851f4",
      "name": "enviroFacts_DD_SF6PFC_ACQUISITIONS",
      "request": {
        "url": {
          "protocol": "http",
          "host": "iaspub.epa.gov",
          "path": [
            "enviro",
            "efservice",
            "DD_SF6PFC_ACQUISITIONS/ROWS/:row_start::row_end/:output"
          ],
          "variable": [
            {
              "id": "output",
              "value": "{}",
              "type": "string"
            },
            {
              "id": "row_end",
              "value": "{}",
              "type": "string"
            },
            {
              "id": "row_start",
              "value": "{}",
              "type": "string"
            }
          ]
        },
        "method": "GET",
        "body": {
          "mode": "raw"
        },
        "description": ""
      },
      "response": [
        {
          "status": "OK",
          "code": 200,
          "name": "Response_200",
          "id": "065be52c-0b8a-4c0e-a229-c55de40f94c2"
        }
      ]
    },
    {
      "id": "61c08d1d-c1ff-4bb6-b6b7-0c57d6007c71",
      "name": "enviroFacts_DD_SF6PFC_DECREASES",
      "request": {
        "url": {
          "protocol": "http",
          "host": "iaspub.epa.gov",
          "path": [
            "enviro",
            "efservice",
            "DD_SF6PFC_DECREASES/ROWS/:row_start::row_end/:output"
          ],
          "variable": [
            {
              "id": "output",
              "value": "{}",
              "type": "string"
            },
            {
              "id": "row_end",
              "value": "{}",
              "type": "string"
            },
            {
              "id": "row_start",
              "value": "{}",
              "type": "string"
            }
          ]
        },
        "method": "GET",
        "body": {
          "mode": "raw"
        },
        "description": ""
      },
      "response": [
        {
          "status": "OK",
          "code": 200,
          "name": "Response_200",
          "id": "7321e0f5-7a83-4847-8874-2270914df846"
        }
      ]
    },
    {
      "id": "4546e786-f70d-4172-bce1-b307fc6cc65c",
      "name": "enviroFacts_DD_SF6PFC_DISBURSEMENT",
      "request": {
        "url": {
          "protocol": "http",
          "host": "iaspub.epa.gov",
          "path": [
            "enviro",
            "efservice",
            "DD_SF6PFC_DISBURSEMENT/ROWS/:row_start::row_end/:output"
          ],
          "variable": [
            {
              "id": "output",
              "value": "{}",
              "type": "string"
            },
            {
              "id": "row_end",
              "value": "{}",
              "type": "string"
            },
            {
              "id": "row_start",
              "value": "{}",
              "type": "string"
            }
          ]
        },
        "method": "GET",
        "body": {
          "mode": "raw"
        },
        "description": ""
      },
      "response": [
        {
          "status": "OK",
          "code": 200,
          "name": "Response_200",
          "id": "a9725aa5-8712-47b5-9f1f-e67a420ff39e"
        }
      ]
    },
    {
      "id": "ac30fb6b-c14e-4935-968e-607cbed390a9",
      "name": "enviroFacts_DD_SUBPART_LEVEL_INFORMATION",
      "request": {
        "url": {
          "protocol": "http",
          "host": "iaspub.epa.gov",
          "path": [
            "enviro",
            "efservice",
            "DD_SUBPART_LEVEL_INFORMATION/ROWS/:row_start::row_end/:output"
          ],
          "variable": [
            {
              "id": "output",
              "value": "{}",
              "type": "string"
            },
            {
              "id": "row_end",
              "value": "{}",
              "type": "string"
            },
            {
              "id": "row_start",
              "value": "{}",
              "type": "string"
            }
          ]
        },
        "method": "GET",
        "body": {
          "mode": "raw"
        },
        "description": ""
      },
      "response": [
        {
          "status": "OK",
          "code": 200,
          "name": "Response_200",
          "id": "0a7a261e-6954-4685-a689-f1878f5494fa"
        }
      ]
    },
    {
      "id": "46e7f61d-6d33-43e5-a7cd-d194ec850a2a",
      "name": "enviroFacts_DD_TRANSMISSION_LINE",
      "request": {
        "url": {
          "protocol": "http",
          "host": "iaspub.epa.gov",
          "path": [
            "enviro",
            "efservice",
            "DD_TRANSMISSION_LINE/ROWS/:row_start::row_end/:output"
          ],
          "variable": [
            {
              "id": "output",
              "value": "{}",
              "type": "string"
            },
            {
              "id": "row_end",
              "value": "{}",
              "type": "string"
            },
            {
              "id": "row_start",
              "value": "{}",
              "type": "string"
            }
          ]
        },
        "method": "GET",
        "body": {
          "mode": "raw"
        },
        "description": ""
      },
      "response": [
        {
          "status": "OK",
          "code": 200,
          "name": "Response_200",
          "id": "a7e35cc5-fcc7-4973-a48a-9e63bed9c47c"
        }
      ]
    },
    {
      "id": "4394b052-c5b9-49c4-8aa5-11a579061d14",
      "name": "enviroFacts_DD_USER_EMISSIONS_CALC",
      "request": {
        "url": {
          "protocol": "http",
          "host": "iaspub.epa.gov",
          "path": [
            "enviro",
            "efservice",
            "DD_USER_EMISSIONS_CALC/ROWS/:row_start::row_end/:output"
          ],
          "variable": [
            {
              "id": "output",
              "value": "{}",
              "type": "string"
            },
            {
              "id": "row_end",
              "value": "{}",
              "type": "string"
            },
            {
              "id": "row_start",
              "value": "{}",
              "type": "string"
            }
          ]
        },
        "method": "GET",
        "body": {
          "mode": "raw"
        },
        "description": ""
      },
      "response": [
        {
          "status": "OK",
          "code": 200,
          "name": "Response_200",
          "id": "afe7e37f-66ba-4bb8-9d57-cb509a2287cf"
        }
      ]
    },
    {
      "id": "7136a662-6b28-4302-af65-14e954a6a3b8",
      "name": "enviroFacts_D_FUEL_LEVEL_INFORMATION",
      "request": {
        "url": {
          "protocol": "http",
          "host": "iaspub.epa.gov",
          "path": [
            "enviro",
            "efservice",
            "D_FUEL_LEVEL_INFORMATION/ROWS/:row_start::row_end/:output"
          ],
          "variable": [
            {
              "id": "output",
              "value": "{}",
              "type": "string"
            },
            {
              "id": "row_end",
              "value": "{}",
              "type": "string"
            },
            {
              "id": "row_start",
              "value": "{}",
              "type": "string"
            }
          ]
        },
        "method": "GET",
        "body": {
          "mode": "raw"
        },
        "description": ""
      },
      "response": [
        {
          "status": "OK",
          "code": 200,
          "name": "Response_200",
          "id": "d552d129-e98e-4965-b240-1b1ecd1c94d4"
        }
      ]
    },
    {
      "id": "b2a04ed9-2b2d-4b7d-bc7b-2c05f39e837a",
      "name": "enviroFacts_EE_CEMS_DETAILS",
      "request": {
        "url": {
          "protocol": "http",
          "host": "iaspub.epa.gov",
          "path": [
            "enviro",
            "efservice",
            "EE_CEMS_DETAILS/ROWS/:row_start::row_end/:output"
          ],
          "variable": [
            {
              "id": "output",
              "value": "{}",
              "type": "string"
            },
            {
              "id": "row_end",
              "value": "{}",
              "type": "string"
            },
            {
              "id": "row_start",
              "value": "{}",
              "type": "string"
            }
          ]
        },
        "method": "GET",
        "body": {
          "mode": "raw"
        },
        "description": ""
      },
      "response": [
        {
          "status": "OK",
          "code": 200,
          "name": "Response_200",
          "id": "e8c0eeef-2911-45ce-867b-8e87b100fc7b"
        }
      ]
    },
    {
      "id": "04fc67af-bbc2-444d-b0e7-e9712be510d1",
      "name": "enviroFacts_EE_CEMS_INFO",
      "request": {
        "url": {
          "protocol": "http",
          "host": "iaspub.epa.gov",
          "path": [
            "enviro",
            "efservice",
            "EE_CEMS_INFO/ROWS/:row_start::row_end/:output"
          ],
          "variable": [
            {
              "id": "output",
              "value": "{}",
              "type": "string"
            },
            {
              "id": "row_end",
              "value": "{}",
              "type": "string"
            },
            {
              "id": "row_start",
              "value": "{}",
              "type": "string"
            }
          ]
        },
        "method": "GET",
        "body": {
          "mode": "raw"
        },
        "description": ""
      },
      "response": [
        {
          "status": "OK",
          "code": 200,
          "name": "Response_200",
          "id": "97ce9748-2c2f-421c-a347-3b7fec378e58"
        }
      ]
    },
    {
      "id": "3298a627-f76a-45aa-8715-6b206776614a",
      "name": "enviroFacts_EE_FACILITY_INFO",
      "request": {
        "url": {
          "protocol": "http",
          "host": "iaspub.epa.gov",
          "path": [
            "enviro",
            "efservice",
            "EE_FACILITY_INFO/ROWS/:row_start::row_end/:output"
          ],
          "variable": [
            {
              "id": "output",
              "value": "{}",
              "type": "string"
            },
            {
              "id": "row_end",
              "value": "{}",
              "type": "string"
            },
            {
              "id": "row_start",
              "value": "{}",
              "type": "string"
            }
          ]
        },
        "method": "GET",
        "body": {
          "mode": "raw"
        },
        "description": ""
      },
      "response": [
        {
          "status": "OK",
          "code": 200,
          "name": "Response_200",
          "id": "5282abd0-6d92-48ee-b3d5-22685d69a620"
        }
      ]
    },
    {
      "id": "b72d4af0-71ab-42ab-9400-46177c611827",
      "name": "enviroFacts_EE_NOCEMSTIO2DETAILS",
      "request": {
        "url": {
          "protocol": "http",
          "host": "iaspub.epa.gov",
          "path": [
            "enviro",
            "efservice",
            "EE_NOCEMSTIO2DETAILS/ROWS/:row_start::row_end/:output"
          ],
          "variable": [
            {
              "id": "output",
              "value": "{}",
              "type": "string"
            },
            {
              "id": "row_end",
              "value": "{}",
              "type": "string"
            },
            {
              "id": "row_start",
              "value": "{}",
              "type": "string"
            }
          ]
        },
        "method": "GET",
        "body": {
          "mode": "raw"
        },
        "description": ""
      },
      "response": [
        {
          "status": "OK",
          "code": 200,
          "name": "Response_200",
          "id": "291fe39a-4e59-47e2-8eae-010070f1969e"
        }
      ]
    },
    {
      "id": "22c081ab-dfb5-4885-b21e-f397571e40e3",
      "name": "enviroFacts_EE_NOCEMS_MONTHLYDETAILS",
      "request": {
        "url": {
          "protocol": "http",
          "host": "iaspub.epa.gov",
          "path": [
            "enviro",
            "efservice",
            "EE_NOCEMS_MONTHLYDETAILS/ROWS/:row_start::row_end/:output"
          ],
          "variable": [
            {
              "id": "output",
              "value": "{}",
              "type": "string"
            },
            {
              "id": "row_end",
              "value": "{}",
              "type": "string"
            },
            {
              "id": "row_start",
              "value": "{}",
              "type": "string"
            }
          ]
        },
        "method": "GET",
        "body": {
          "mode": "raw"
        },
        "description": ""
      },
      "response": [
        {
          "status": "OK",
          "code": 200,
          "name": "Response_200",
          "id": "4f4bb1f3-2439-401b-94e4-fb3ac236a894"
        }
      ]
    },
    {
      "id": "1224bc4e-6569-483d-a248-c379233ab098",
      "name": "enviroFacts_EE_SUBPART_LEVEL_INFORMATION",
      "request": {
        "url": {
          "protocol": "http",
          "host": "iaspub.epa.gov",
          "path": [
            "enviro",
            "efservice",
            "EE_SUBPART_LEVEL_INFORMATION/ROWS/:row_start::row_end/:output"
          ],
          "variable": [
            {
              "id": "output",
              "value": "{}",
              "type": "string"
            },
            {
              "id": "row_end",
              "value": "{}",
              "type": "string"
            },
            {
              "id": "row_start",
              "value": "{}",
              "type": "string"
            }
          ]
        },
        "method": "GET",
        "body": {
          "mode": "raw"
        },
        "description": ""
      },
      "response": [
        {
          "status": "OK",
          "code": 200,
          "name": "Response_200",
          "id": "6e06fbab-ed9c-4bb3-ba61-cf53dc8f0111"
        }
      ]
    },
    {
      "id": "d45f2edd-849b-42e1-b653-2e98f1999682",
      "name": "enviroFacts_EE_TIER4CEMS_QTRDTLS",
      "request": {
        "url": {
          "protocol": "http",
          "host": "iaspub.epa.gov",
          "path": [
            "enviro",
            "efservice",
            "EE_TIER4CEMS_QTRDTLS/ROWS/:row_start::row_end/:output"
          ],
          "variable": [
            {
              "id": "output",
              "value": "{}",
              "type": "string"
            },
            {
              "id": "row_end",
              "value": "{}",
              "type": "string"
            },
            {
              "id": "row_start",
              "value": "{}",
              "type": "string"
            }
          ]
        },
        "method": "GET",
        "body": {
          "mode": "raw"
        },
        "description": ""
      },
      "response": [
        {
          "status": "OK",
          "code": 200,
          "name": "Response_200",
          "id": "4d3644d7-f2c9-4b8a-9feb-e94fd4e32a2c"
        }
      ]
    },
    {
      "id": "3494629b-7243-466d-b953-9a5d4fc068e6",
      "name": "enviroFacts_FF_DEGASIFICATION",
      "request": {
        "url": {
          "protocol": "http",
          "host": "iaspub.epa.gov",
          "path": [
            "enviro",
            "efservice",
            "FF_DEGASIFICATION/ROWS/:row_start::row_end/:output"
          ],
          "variable": [
            {
              "id": "output",
              "value": "{}",
              "type": "string"
            },
            {
              "id": "row_end",
              "value": "{}",
              "type": "string"
            },
            {
              "id": "row_start",
              "value": "{}",
              "type": "string"
            }
          ]
        },
        "method": "GET",
        "body": {
          "mode": "raw"
        },
        "description": ""
      },
      "response": [
        {
          "status": "OK",
          "code": 200,
          "name": "Response_200",
          "id": "de112b9d-2a69-4c1e-9bda-8cbee1fe151e"
        }
      ]
    },
    {
      "id": "d2c83ab8-32d4-4759-b996-35c4a22d1178",
      "name": "enviroFacts_FF_DEGAS_QTRLY",
      "request": {
        "url": {
          "protocol": "http",
          "host": "iaspub.epa.gov",
          "path": [
            "enviro",
            "efservice",
            "FF_DEGAS_QTRLY/ROWS/:row_start::row_end/:output"
          ],
          "variable": [
            {
              "id": "output",
              "value": "{}",
              "type": "string"
            },
            {
              "id": "row_end",
              "value": "{}",
              "type": "string"
            },
            {
              "id": "row_start",
              "value": "{}",
              "type": "string"
            }
          ]
        },
        "method": "GET",
        "body": {
          "mode": "raw"
        },
        "description": ""
      },
      "response": [
        {
          "status": "OK",
          "code": 200,
          "name": "Response_200",
          "id": "b6396906-a95d-44dd-a909-f8c6445fe8ab"
        }
      ]
    },
    {
      "id": "d24109ec-edb8-44fe-9aca-187a769ddcee",
      "name": "enviroFacts_FF_DEGAS_WEEKLY",
      "request": {
        "url": {
          "protocol": "http",
          "host": "iaspub.epa.gov",
          "path": [
            "enviro",
            "efservice",
            "FF_DEGAS_WEEKLY/ROWS/:row_start::row_end/:output"
          ],
          "variable": [
            {
              "id": "output",
              "value": "{}",
              "type": "string"
            },
            {
              "id": "row_end",
              "value": "{}",
              "type": "string"
            },
            {
              "id": "row_start",
              "value": "{}",
              "type": "string"
            }
          ]
        },
        "method": "GET",
        "body": {
          "mode": "raw"
        },
        "description": ""
      },
      "response": [
        {
          "status": "OK",
          "code": 200,
          "name": "Response_200",
          "id": "0af1b4a3-f7e2-4648-bbaf-b6ade9132eff"
        }
      ]
    },
    {
      "id": "f9f08ce2-0fc2-4b07-9b5c-775de6316246",
      "name": "enviroFacts_FF_DESTROFFSITE_BACKUP",
      "request": {
        "url": {
          "protocol": "http",
          "host": "iaspub.epa.gov",
          "path": [
            "enviro",
            "efservice",
            "FF_DESTROFFSITE_BACKUP/ROWS/:row_start::row_end/:output"
          ],
          "variable": [
            {
              "id": "output",
              "value": "{}",
              "type": "string"
            },
            {
              "id": "row_end",
              "value": "{}",
              "type": "string"
            },
            {
              "id": "row_start",
              "value": "{}",
              "type": "string"
            }
          ]
        },
        "method": "GET",
        "body": {
          "mode": "raw"
        },
        "description": ""
      },
      "response": [
        {
          "status": "OK",
          "code": 200,
          "name": "Response_200",
          "id": "73f6be05-c917-4f02-b455-ec19535f1898"
        }
      ]
    },
    {
      "id": "6113cfa1-6d2e-4b6b-bffd-79bb864b7f64",
      "name": "enviroFacts_FF_DESTROFFSITE_QTRLY",
      "request": {
        "url": {
          "protocol": "http",
          "host": "iaspub.epa.gov",
          "path": [
            "enviro",
            "efservice",
            "FF_DESTROFFSITE_QTRLY/ROWS/:row_start::row_end/:output"
          ],
          "variable": [
            {
              "id": "output",
              "value": "{}",
              "type": "string"
            },
            {
              "id": "row_end",
              "value": "{}",
              "type": "string"
            },
            {
              "id": "row_start",
              "value": "{}",
              "type": "string"
            }
          ]
        },
        "method": "GET",
        "body": {
          "mode": "raw"
        },
        "description": ""
      },
      "response": [
        {
          "status": "OK",
          "code": 200,
          "name": "Response_200",
          "id": "d1ae24cb-8a61-4acb-9dd3-07ea8c2f6b15"
        }
      ]
    },
    {
      "id": "5868165a-cc56-4bef-a610-f9955e94f54e",
      "name": "enviroFacts_FF_DESTROFFSITE_WEEKLY",
      "request": {
        "url": {
          "protocol": "http",
          "host": "iaspub.epa.gov",
          "path": [
            "enviro",
            "efservice",
            "FF_DESTROFFSITE_WEEKLY/ROWS/:row_start::row_end/:output"
          ],
          "variable": [
            {
              "id": "output",
              "value": "{}",
              "type": "string"
            },
            {
              "id": "row_end",
              "value": "{}",
              "type": "string"
            },
            {
              "id": "row_start",
              "value": "{}",
              "type": "string"
            }
          ]
        },
        "method": "GET",
        "body": {
          "mode": "raw"
        },
        "description": ""
      },
      "response": [
        {
          "status": "OK",
          "code": 200,
          "name": "Response_200",
          "id": "9352073b-d2ca-409b-925d-4d1fa51b361f"
        }
      ]
    },
    {
      "id": "cffae0e7-748c-4763-a0b1-f49462308e32",
      "name": "enviroFacts_FF_METHOD_DETAILS",
      "request": {
        "url": {
          "protocol": "http",
          "host": "iaspub.epa.gov",
          "path": [
            "enviro",
            "efservice",
            "FF_METHOD_DETAILS/ROWS/:row_start::row_end/:output"
          ],
          "variable": [
            {
              "id": "output",
              "value": "{}",
              "type": "string"
            },
            {
              "id": "row_end",
              "value": "{}",
              "type": "string"
            },
            {
              "id": "row_start",
              "value": "{}",
              "type": "string"
            }
          ]
        },
        "method": "GET",
        "body": {
          "mode": "raw"
        },
        "description": ""
      },
      "response": [
        {
          "status": "OK",
          "code": 200,
          "name": "Response_200",
          "id": "b0420bb5-2697-4ca2-8d4c-766f9e9e799e"
        }
      ]
    },
    {
      "id": "801b1dcf-4758-4146-9c0a-5a252f3fa4bd",
      "name": "enviroFacts_FF_SUBPART_LEVEL_INFORMATION",
      "request": {
        "url": {
          "protocol": "http",
          "host": "iaspub.epa.gov",
          "path": [
            "enviro",
            "efservice",
            "FF_SUBPART_LEVEL_INFORMATION/ROWS/:row_start::row_end/:output"
          ],
          "variable": [
            {
              "id": "output",
              "value": "{}",
              "type": "string"
            },
            {
              "id": "row_end",
              "value": "{}",
              "type": "string"
            },
            {
              "id": "row_start",
              "value": "{}",
              "type": "string"
            }
          ]
        },
        "method": "GET",
        "body": {
          "mode": "raw"
        },
        "description": ""
      },
      "response": [
        {
          "status": "OK",
          "code": 200,
          "name": "Response_200",
          "id": "569c524d-7136-4125-ad06-880c4e102837"
        }
      ]
    },
    {
      "id": "9dec0386-7ca2-45fd-bd2f-5356c468e06e",
      "name": "enviroFacts_FF_SUMMARY_SOURCE",
      "request": {
        "url": {
          "protocol": "http",
          "host": "iaspub.epa.gov",
          "path": [
            "enviro",
            "efservice",
            "FF_SUMMARY_SOURCE/ROWS/:row_start::row_end/:output"
          ],
          "variable": [
            {
              "id": "output",
              "value": "{}",
              "type": "string"
            },
            {
              "id": "row_end",
              "value": "{}",
              "type": "string"
            },
            {
              "id": "row_start",
              "value": "{}",
              "type": "string"
            }
          ]
        },
        "method": "GET",
        "body": {
          "mode": "raw"
        },
        "description": ""
      },
      "response": [
        {
          "status": "OK",
          "code": 200,
          "name": "Response_200",
          "id": "ac8baf5c-ca4b-4473-9779-515f66c34eb1"
        }
      ]
    },
    {
      "id": "a11effe8-f64c-4fb3-bb25-8027175a30c5",
      "name": "enviroFacts_FF_VENTILATION_QTRL",
      "request": {
        "url": {
          "protocol": "http",
          "host": "iaspub.epa.gov",
          "path": [
            "enviro",
            "efservice",
            "FF_VENTILATION_QTRL/ROWS/:row_start::row_end/:output"
          ],
          "variable": [
            {
              "id": "output",
              "value": "{}",
              "type": "string"
            },
            {
              "id": "row_end",
              "value": "{}",
              "type": "string"
            },
            {
              "id": "row_start",
              "value": "{}",
              "type": "string"
            }
          ]
        },
        "method": "GET",
        "body": {
          "mode": "raw"
        },
        "description": ""
      },
      "response": [
        {
          "status": "OK",
          "code": 200,
          "name": "Response_200",
          "id": "7fcc1e04-66d0-401e-a244-d88f00ad2b74"
        }
      ]
    },
    {
      "id": "9c229df5-907b-426a-b6fd-be10ef9a9633",
      "name": "enviroFacts_FF_WELL_AND_SHAFT",
      "request": {
        "url": {
          "protocol": "http",
          "host": "iaspub.epa.gov",
          "path": [
            "enviro",
            "efservice",
            "FF_WELL_AND_SHAFT/ROWS/:row_start::row_end/:output"
          ],
          "variable": [
            {
              "id": "output",
              "value": "{}",
              "type": "string"
            },
            {
              "id": "row_end",
              "value": "{}",
              "type": "string"
            },
            {
              "id": "row_start",
              "value": "{}",
              "type": "string"
            }
          ]
        },
        "method": "GET",
        "body": {
          "mode": "raw"
        },
        "description": ""
      },
      "response": [
        {
          "status": "OK",
          "code": 200,
          "name": "Response_200",
          "id": "c75bc774-f9d9-4543-bb96-f7f693f36c9a"
        }
      ]
    },
    {
      "id": "5d9c3e46-e649-424f-9617-fa35ca9d3a05",
      "name": "enviroFacts_F_SMELTER_DETAILS",
      "request": {
        "url": {
          "protocol": "http",
          "host": "iaspub.epa.gov",
          "path": [
            "enviro",
            "efservice",
            "F_SMELTER_DETAILS/ROWS/:row_start::row_end/:output"
          ],
          "variable": [
            {
              "id": "output",
              "value": "{}",
              "type": "string"
            },
            {
              "id": "row_end",
              "value": "{}",
              "type": "string"
            },
            {
              "id": "row_start",
              "value": "{}",
              "type": "string"
            }
          ]
        },
        "method": "GET",
        "body": {
          "mode": "raw"
        },
        "description": ""
      },
      "response": [
        {
          "status": "OK",
          "code": 200,
          "name": "Response_200",
          "id": "b4b9f04c-aacc-490d-9e5f-cec7c3d4c8dc"
        }
      ]
    },
    {
      "id": "e64a90c5-49e2-438d-933c-fa5c1b184323",
      "name": "enviroFacts_GG_FACILITY_INFO",
      "request": {
        "url": {
          "protocol": "http",
          "host": "iaspub.epa.gov",
          "path": [
            "enviro",
            "efservice",
            "GG_FACILITY_INFO/ROWS/:row_start::row_end/:output"
          ],
          "variable": [
            {
              "id": "output",
              "value": "{}",
              "type": "string"
            },
            {
              "id": "row_end",
              "value": "{}",
              "type": "string"
            },
            {
              "id": "row_start",
              "value": "{}",
              "type": "string"
            }
          ]
        },
        "method": "GET",
        "body": {
          "mode": "raw"
        },
        "description": ""
      },
      "response": [
        {
          "status": "OK",
          "code": 200,
          "name": "Response_200",
          "id": "319d5707-b3ed-4b6c-b3b8-1bf26966304f"
        }
      ]
    },
    {
      "id": "edb38db9-187c-44f4-a240-dc95a93b4ca6",
      "name": "enviroFacts_GG_NOCEMS_ZIN_DETAILS",
      "request": {
        "url": {
          "protocol": "http",
          "host": "iaspub.epa.gov",
          "path": [
            "enviro",
            "efservice",
            "GG_NOCEMS_ZIN_DETAILS/ROWS/:row_start::row_end/:output"
          ],
          "variable": [
            {
              "id": "output",
              "value": "{}",
              "type": "string"
            },
            {
              "id": "row_end",
              "value": "{}",
              "type": "string"
            },
            {
              "id": "row_start",
              "value": "{}",
              "type": "string"
            }
          ]
        },
        "method": "GET",
        "body": {
          "mode": "raw"
        },
        "description": ""
      },
      "response": [
        {
          "status": "OK",
          "code": 200,
          "name": "Response_200",
          "id": "861ed725-2072-47e8-b520-7785411c6b5e"
        }
      ]
    },
    {
      "id": "b9d76b21-4d01-4bbb-a812-2047a60569fc",
      "name": "enviroFacts_GG_SUBPART_LEVEL_INFORMATION",
      "request": {
        "url": {
          "protocol": "http",
          "host": "iaspub.epa.gov",
          "path": [
            "enviro",
            "efservice",
            "GG_SUBPART_LEVEL_INFORMATION/ROWS/:row_start::row_end/:output"
          ],
          "variable": [
            {
              "id": "output",
              "value": "{}",
              "type": "string"
            },
            {
              "id": "row_end",
              "value": "{}",
              "type": "string"
            },
            {
              "id": "row_start",
              "value": "{}",
              "type": "string"
            }
          ]
        },
        "method": "GET",
        "body": {
          "mode": "raw"
        },
        "description": ""
      },
      "response": [
        {
          "status": "OK",
          "code": 200,
          "name": "Response_200",
          "id": "652e28de-187d-40d8-b1bb-eb75cbbaf9bb"
        }
      ]
    },
    {
      "id": "973b30a8-06b9-4504-ae05-101331b58888",
      "name": "enviroFacts_G_CEMS_DETAILS",
      "request": {
        "url": {
          "protocol": "http",
          "host": "iaspub.epa.gov",
          "path": [
            "enviro",
            "efservice",
            "G_CEMS_DETAILS/ROWS/:row_start::row_end/:output"
          ],
          "variable": [
            {
              "id": "output",
              "value": "{}",
              "type": "string"
            },
            {
              "id": "row_end",
              "value": "{}",
              "type": "string"
            },
            {
              "id": "row_start",
              "value": "{}",
              "type": "string"
            }
          ]
        },
        "method": "GET",
        "body": {
          "mode": "raw"
        },
        "description": ""
      },
      "response": [
        {
          "status": "OK",
          "code": 200,
          "name": "Response_200",
          "id": "cb5958fe-6c12-4cfb-bde5-463623835d6c"
        }
      ]
    },
    {
      "id": "8bc76378-4f73-496b-bc70-320cb7c5e126",
      "name": "enviroFacts_G_FEEDSTOCK_DETAILS",
      "request": {
        "url": {
          "protocol": "http",
          "host": "iaspub.epa.gov",
          "path": [
            "enviro",
            "efservice",
            "G_FEEDSTOCK_DETAILS/ROWS/:row_start::row_end/:output"
          ],
          "variable": [
            {
              "id": "output",
              "value": "{}",
              "type": "string"
            },
            {
              "id": "row_end",
              "value": "{}",
              "type": "string"
            },
            {
              "id": "row_start",
              "value": "{}",
              "type": "string"
            }
          ]
        },
        "method": "GET",
        "body": {
          "mode": "raw"
        },
        "description": ""
      },
      "response": [
        {
          "status": "OK",
          "code": 200,
          "name": "Response_200",
          "id": "c5eba5e2-ce65-491a-ac51-51cd5c7c8bb3"
        }
      ]
    },
    {
      "id": "84f51295-e622-4e25-81a3-c6a0329fcaef",
      "name": "enviroFacts_G_NON_CEMS_SOURCE_INFO",
      "request": {
        "url": {
          "protocol": "http",
          "host": "iaspub.epa.gov",
          "path": [
            "enviro",
            "efservice",
            "G_NON_CEMS_SOURCE_INFO/ROWS/:row_start::row_end/:output"
          ],
          "variable": [
            {
              "id": "output",
              "value": "{}",
              "type": "string"
            },
            {
              "id": "row_end",
              "value": "{}",
              "type": "string"
            },
            {
              "id": "row_start",
              "value": "{}",
              "type": "string"
            }
          ]
        },
        "method": "GET",
        "body": {
          "mode": "raw"
        },
        "description": ""
      },
      "response": [
        {
          "status": "OK",
          "code": 200,
          "name": "Response_200",
          "id": "3cd4f5ff-6f50-4a53-bb30-f2d1f5236724"
        }
      ]
    },
    {
      "id": "146db6fc-6fa5-43f0-b6f3-1246f784a477",
      "name": "enviroFacts_HH_ACTIVE_AERATION_SYS_DETLS",
      "request": {
        "url": {
          "protocol": "http",
          "host": "iaspub.epa.gov",
          "path": [
            "enviro",
            "efservice",
            "HH_ACTIVE_AERATION_SYS_DETLS/ROWS/:row_start::row_end/:output"
          ],
          "variable": [
            {
              "id": "output",
              "value": "{}",
              "type": "string"
            },
            {
              "id": "row_end",
              "value": "{}",
              "type": "string"
            },
            {
              "id": "row_start",
              "value": "{}",
              "type": "string"
            }
          ]
        },
        "method": "GET",
        "body": {
          "mode": "raw"
        },
        "description": ""
      },
      "response": [
        {
          "status": "OK",
          "code": 200,
          "name": "Response_200",
          "id": "8036bb40-9c5d-48ce-a3de-5f3efc86d7c6"
        }
      ]
    },
    {
      "id": "9a84ad65-4c7a-4ef5-8e95-48d5a70cd3c3",
      "name": "enviroFacts_HH_ANN_WASTE_DISPOSAL_QTY",
      "request": {
        "url": {
          "protocol": "http",
          "host": "iaspub.epa.gov",
          "path": [
            "enviro",
            "efservice",
            "HH_ANN_WASTE_DISPOSAL_QTY/ROWS/:row_start::row_end/:output"
          ],
          "variable": [
            {
              "id": "output",
              "value": "{}",
              "type": "string"
            },
            {
              "id": "row_end",
              "value": "{}",
              "type": "string"
            },
            {
              "id": "row_start",
              "value": "{}",
              "type": "string"
            }
          ]
        },
        "method": "GET",
        "body": {
          "mode": "raw"
        },
        "description": ""
      },
      "response": [
        {
          "status": "OK",
          "code": 200,
          "name": "Response_200",
          "id": "e640d45b-6ddd-44ee-98af-c7d37fe8283f"
        }
      ]
    },
    {
      "id": "e4e0d6e2-d284-43cb-b896-83b21fc0fd66",
      "name": "enviroFacts_HH_COVER_TYPE_DETAILS",
      "request": {
        "url": {
          "protocol": "http",
          "host": "iaspub.epa.gov",
          "path": [
            "enviro",
            "efservice",
            "HH_COVER_TYPE_DETAILS/ROWS/:row_start::row_end/:output"
          ],
          "variable": [
            {
              "id": "output",
              "value": "{}",
              "type": "string"
            },
            {
              "id": "row_end",
              "value": "{}",
              "type": "string"
            },
            {
              "id": "row_start",
              "value": "{}",
              "type": "string"
            }
          ]
        },
        "method": "GET",
        "body": {
          "mode": "raw"
        },
        "description": ""
      },
      "response": [
        {
          "status": "OK",
          "code": 200,
          "name": "Response_200",
          "id": "ccbb9df5-6bb3-426b-9939-480e5c76801a"
        }
      ]
    },
    {
      "id": "84ee3ae8-2a2e-47b7-9d99-056a569a1a5f",
      "name": "enviroFacts_HH_GAS_COLLECTION_MNTHLY_DETLS",
      "request": {
        "url": {
          "protocol": "http",
          "host": "iaspub.epa.gov",
          "path": [
            "enviro",
            "efservice",
            "HH_GAS_COLLECTION_MNTHLY_DETLS/ROWS/:row_start::row_end/:output"
          ],
          "variable": [
            {
              "id": "output",
              "value": "{}",
              "type": "string"
            },
            {
              "id": "row_end",
              "value": "{}",
              "type": "string"
            },
            {
              "id": "row_start",
              "value": "{}",
              "type": "string"
            }
          ]
        },
        "method": "GET",
        "body": {
          "mode": "raw"
        },
        "description": ""
      },
      "response": [
        {
          "status": "OK",
          "code": 200,
          "name": "Response_200",
          "id": "998c3e32-e68f-4280-96ab-b075d1674a41"
        }
      ]
    },
    {
      "id": "5320b085-3fb9-446a-a366-b9979ab4d8b3",
      "name": "enviroFacts_HH_GAS_COLLECTION_SYSTEM_DETLS",
      "request": {
        "url": {
          "protocol": "http",
          "host": "iaspub.epa.gov",
          "path": [
            "enviro",
            "efservice",
            "HH_GAS_COLLECTION_SYSTEM_DETLS/ROWS/:row_start::row_end/:output"
          ],
          "variable": [
            {
              "id": "output",
              "value": "{}",
              "type": "string"
            },
            {
              "id": "row_end",
              "value": "{}",
              "type": "string"
            },
            {
              "id": "row_start",
              "value": "{}",
              "type": "string"
            }
          ]
        },
        "method": "GET",
        "body": {
          "mode": "raw"
        },
        "description": ""
      },
      "response": [
        {
          "status": "OK",
          "code": 200,
          "name": "Response_200",
          "id": "326fd91d-01eb-4614-8137-19e5b5acc944"
        }
      ]
    },
    {
      "id": "6993817d-a4b6-4c7a-98c8-2e938c9745b5",
      "name": "enviroFacts_HH_HIST_WASTE_QTY_METHOD",
      "request": {
        "url": {
          "protocol": "http",
          "host": "iaspub.epa.gov",
          "path": [
            "enviro",
            "efservice",
            "HH_HIST_WASTE_QTY_METHOD/ROWS/:row_start::row_end/:output"
          ],
          "variable": [
            {
              "id": "output",
              "value": "{}",
              "type": "string"
            },
            {
              "id": "row_end",
              "value": "{}",
              "type": "string"
            },
            {
              "id": "row_start",
              "value": "{}",
              "type": "string"
            }
          ]
        },
        "method": "GET",
        "body": {
          "mode": "raw"
        },
        "description": ""
      },
      "response": [
        {
          "status": "OK",
          "code": 200,
          "name": "Response_200",
          "id": "ddb31dc6-9997-4411-aef4-aaace72246b4"
        }
      ]
    },
    {
      "id": "062a19b0-01df-466a-9e2a-997cdcbfbf65",
      "name": "enviroFacts_HH_HIST_YR_WASTE_QTY",
      "request": {
        "url": {
          "protocol": "http",
          "host": "iaspub.epa.gov",
          "path": [
            "enviro",
            "efservice",
            "HH_HIST_YR_WASTE_QTY/ROWS/:row_start::row_end/:output"
          ],
          "variable": [
            {
              "id": "output",
              "value": "{}",
              "type": "string"
            },
            {
              "id": "row_end",
              "value": "{}",
              "type": "string"
            },
            {
              "id": "row_start",
              "value": "{}",
              "type": "string"
            }
          ]
        },
        "method": "GET",
        "body": {
          "mode": "raw"
        },
        "description": ""
      },
      "response": [
        {
          "status": "OK",
          "code": 200,
          "name": "Response_200",
          "id": "35c6ae26-5974-4873-80e2-5b8474f36e1b"
        }
      ]
    },
    {
      "id": "ee5cc082-b293-4360-98db-365164a11687",
      "name": "enviroFacts_HH_HIST_YR_WASTE_QTY_DETL",
      "request": {
        "url": {
          "protocol": "http",
          "host": "iaspub.epa.gov",
          "path": [
            "enviro",
            "efservice",
            "HH_HIST_YR_WASTE_QTY_DETL/ROWS/:row_start::row_end/:output"
          ],
          "variable": [
            {
              "id": "output",
              "value": "{}",
              "type": "string"
            },
            {
              "id": "row_end",
              "value": "{}",
              "type": "string"
            },
            {
              "id": "row_start",
              "value": "{}",
              "type": "string"
            }
          ]
        },
        "method": "GET",
        "body": {
          "mode": "raw"
        },
        "description": ""
      },
      "response": [
        {
          "status": "OK",
          "code": 200,
          "name": "Response_200",
          "id": "220f123d-2347-43d4-8d10-3f317828e681"
        }
      ]
    },
    {
      "id": "d56e84aa-cd7e-4ec2-a3a0-0ae257fc9bac",
      "name": "enviroFacts_HH_LANDFILL_INFO",
      "request": {
        "url": {
          "protocol": "http",
          "host": "iaspub.epa.gov",
          "path": [
            "enviro",
            "efservice",
            "HH_LANDFILL_INFO/ROWS/:row_start::row_end/:output"
          ],
          "variable": [
            {
              "id": "output",
              "value": "{}",
              "type": "string"
            },
            {
              "id": "row_end",
              "value": "{}",
              "type": "string"
            },
            {
              "id": "row_start",
              "value": "{}",
              "type": "string"
            }
          ]
        },
        "method": "GET",
        "body": {
          "mode": "raw"
        },
        "description": ""
      },
      "response": [
        {
          "status": "OK",
          "code": 200,
          "name": "Response_200",
          "id": "db80f0d9-731c-4996-bb61-507b43618440"
        }
      ]
    },
    {
      "id": "74285991-2537-459f-b6a8-cb76c108ac31",
      "name": "enviroFacts_HH_LNDFIL_WITHOUT_GAS_CLCT_EMIS",
      "request": {
        "url": {
          "protocol": "http",
          "host": "iaspub.epa.gov",
          "path": [
            "enviro",
            "efservice",
            "HH_LNDFIL_WITHOUT_GAS_CLCT_EMIS/ROWS/:row_start::row_end/:output"
          ],
          "variable": [
            {
              "id": "output",
              "value": "{}",
              "type": "string"
            },
            {
              "id": "row_end",
              "value": "{}",
              "type": "string"
            },
            {
              "id": "row_start",
              "value": "{}",
              "type": "string"
            }
          ]
        },
        "method": "GET",
        "body": {
          "mode": "raw"
        },
        "description": ""
      },
      "response": [
        {
          "status": "OK",
          "code": 200,
          "name": "Response_200",
          "id": "50c81c7f-ae7f-4601-be18-827e47a93109"
        }
      ]
    },
    {
      "id": "4f015221-dab0-48b1-b87e-710b9a0cb466",
      "name": "enviroFacts_HH_LNDFIL_WITH_GAS_CLCT_WST_DEP",
      "request": {
        "url": {
          "protocol": "http",
          "host": "iaspub.epa.gov",
          "path": [
            "enviro",
            "efservice",
            "HH_LNDFIL_WITH_GAS_CLCT_WST_DEP/ROWS/:row_start::row_end/:output"
          ],
          "variable": [
            {
              "id": "output",
              "value": "{}",
              "type": "string"
            },
            {
              "id": "row_end",
              "value": "{}",
              "type": "string"
            },
            {
              "id": "row_start",
              "value": "{}",
              "type": "string"
            }
          ]
        },
        "method": "GET",
        "body": {
          "mode": "raw"
        },
        "description": ""
      },
      "response": [
        {
          "status": "OK",
          "code": 200,
          "name": "Response_200",
          "id": "cf89b4a2-6c03-4e29-913e-e7145f51afeb"
        }
      ]
    },
    {
      "id": "da8d5a08-db89-4d49-b224-2598ba25a7ed",
      "name": "enviroFacts_HH_SUBPART_LEVEL_INFORMATION",
      "request": {
        "url": {
          "protocol": "http",
          "host": "iaspub.epa.gov",
          "path": [
            "enviro",
            "efservice",
            "HH_SUBPART_LEVEL_INFORMATION/ROWS/:row_start::row_end/:output"
          ],
          "variable": [
            {
              "id": "output",
              "value": "{}",
              "type": "string"
            },
            {
              "id": "row_end",
              "value": "{}",
              "type": "string"
            },
            {
              "id": "row_start",
              "value": "{}",
              "type": "string"
            }
          ]
        },
        "method": "GET",
        "body": {
          "mode": "raw"
        },
        "description": ""
      },
      "response": [
        {
          "status": "OK",
          "code": 200,
          "name": "Response_200",
          "id": "2287673f-7c72-47c4-8332-8596a55c33bd"
        }
      ]
    },
    {
      "id": "d7fb8745-fb67-4261-baab-2ce5a7657a64",
      "name": "enviroFacts_HH_WASTE_QTY_DETAILS",
      "request": {
        "url": {
          "protocol": "http",
          "host": "iaspub.epa.gov",
          "path": [
            "enviro",
            "efservice",
            "HH_WASTE_QTY_DETAILS/ROWS/:row_start: