{
  "info": {
    "name": "EPA Comprehensive Environmental Response, Compensation, and Liability Information System API ",
    "_postman_id": "b8a2dbdf-e234-49c7-9149-0af0d4bd004d",
    "description": "",
    "schema": "https://schema.getpostman.com/json/collection/v2.0.0/"
  },
  "item": [
    {
      "id": "7241567f-4ed7-4178-acd7-92fd91be47e2",
      "name": "enviroFacts_CER_ACTION",
      "request": {
        "url": {
          "protocol": "http",
          "host": "iaspub.epa.gov",
          "path": [
            "enviro",
            "efservice",
            "CER_ACTION/ROWS/:row_start::row_end/:output"
          ],
          "variable": [
            {
              "id": "output",
              "value": "{}",
              "type": "string"
            },
            {
              "id": "row_end",
              "value": "{}",
              "type": "string"
            },
            {
              "id": "row_start",
              "value": "{}",
              "type": "string"
            }
          ]
        },
        "method": "GET",
        "body": {
          "mode": "raw"
        },
        "description": ""
      },
      "response": [
        {
          "status": "OK",
          "code": 200,
          "name": "Response_200",
          "id": "629aaa04-b322-4f33-b8e9-7dd943b2cd81"
        }
      ]
    },
    {
      "id": "a7e3e95c-75cb-4b68-bbbb-36f07c8b05c8",
      "name": "enviroFacts_CER_CMT_SITE",
      "request": {
        "url": {
          "protocol": "http",
          "host": "iaspub.epa.gov",
          "path": [
            "enviro",
            "efservice",
            "CER_CMT_SITE/ROWS/:row_start::row_end/:output"
          ],
          "variable": [
            {
              "id": "output",
              "value": "{}",
              "type": "string"
            },
            {
              "id": "row_end",
              "value": "{}",
              "type": "string"
            },
            {
              "id": "row_start",
              "value": "{}",
              "type": "string"
            }
          ]
        },
        "method": "GET",
        "body": {
          "mode": "raw"
        },
        "description": ""
      },
      "response": [
        {
          "status": "OK",
          "code": 200,
          "name": "Response_200",
          "id": "0de2d3c2-acc3-49ec-a3d3-c4dcfcb66499"
        }
      ]
    },
    {
      "id": "adc7447b-b80c-497f-9aee-a6fa68cff52d",
      "name": "enviroFacts_CER_CMT_SITE_ALIAS",
      "request": {
        "url": {
          "protocol": "http",
          "host": "iaspub.epa.gov",
          "path": [
            "enviro",
            "efservice",
            "CER_CMT_SITE_ALIAS/ROWS/:row_start::row_end/:output"
          ],
          "variable": [
            {
              "id": "output",
              "value": "{}",
              "type": "string"
            },
            {
              "id": "row_end",
              "value": "{}",
              "type": "string"
            },
            {
              "id": "row_start",
              "value": "{}",
              "type": "string"
            }
          ]
        },
        "method": "GET",
        "body": {
          "mode": "raw"
        },
        "description": ""
      },
      "response": [
        {
          "status": "OK",
          "code": 200,
          "name": "Response_200",
          "id": "86269685-699b-4c8c-a421-85fd187f753a"
        }
      ]
    },
    {
      "id": "52addf9c-424e-41de-91bc-3aaa00943132",
      "name": "enviroFacts_CER_CONTACT",
      "request": {
        "url": {
          "protocol": "http",
          "host": "iaspub.epa.gov",
          "path": [
            "enviro",
            "efservice",
            "CER_CONTACT/ROWS/:row_start::row_end/:output"
          ],
          "variable": [
            {
              "id": "output",
              "value": "{}",
              "type": "string"
            },
            {
              "id": "row_end",
              "value": "{}",
              "type": "string"
            },
            {
              "id": "row_start",
              "value": "{}",
              "type": "string"
            }
          ]
        },
        "method": "GET",
        "body": {
          "mode": "raw"
        },
        "description": ""
      },
      "response": [
        {
          "status": "OK",
          "code": 200,
          "name": "Response_200",
          "id": "e9825fcc-88f5-447f-8b5d-2c83815d57f5"
        }
      ]
    },
    {
      "id": "9fc94cfe-fe51-4c9d-915b-f59dd9fbac89",
      "name": "enviroFacts_CER_FEDERAL_REGISTER",
      "request": {
        "url": {
          "protocol": "http",
          "host": "iaspub.epa.gov",
          "path": [
            "enviro",
            "efservice",
            "CER_FEDERAL_REGISTER/ROWS/:row_start::row_end/:output"
          ],
          "variable": [
            {
              "id": "output",
              "value": "{}",
              "type": "string"
            },
            {
              "id": "row_end",
              "value": "{}",
              "type": "string"
            },
            {
              "id": "row_start",
              "value": "{}",
              "type": "string"
            }
          ]
        },
        "method": "GET",
        "body": {
          "mode": "raw"
        },
        "description": ""
      },
      "response": [
        {
          "status": "OK",
          "code": 200,
          "name": "Response_200",
          "id": "e3342597-5699-41fd-818e-1358bfd4c406"
        }
      ]
    },
    {
      "id": "51d6c748-3edc-4c50-bb8e-a523ae751d92",
      "name": "enviroFacts_CER_FINANCIAL_TRANSACTION",
      "request": {
        "url": {
          "protocol": "http",
          "host": "iaspub.epa.gov",
          "path": [
            "enviro",
            "efservice",
            "CER_FINANCIAL_TRANSACTION/ROWS/:row_start::row_end/:output"
          ],
          "variable": [
            {
              "id": "output",
              "value": "{}",
              "type": "string"
            },
            {
              "id": "row_end",
              "value": "{}",
              "type": "string"
            },
            {
              "id": "row_start",
              "value": "{}",
              "type": "string"
            }
          ]
        },
        "method": "GET",
        "body": {
          "mode": "raw"
        },
        "description": ""
      },
      "response": [
        {
          "status": "OK",
          "code": 200,
          "name": "Response_200",
          "id": "4297a700-52e1-4cb8-b246-31d579cb058f"
        }
      ]
    },
    {
      "id": "78239bac-1122-4428-adde-316054ff6cac",
      "name": "enviroFacts_CER_LOCATION",
      "request": {
        "url": {
          "protocol": "http",
          "host": "iaspub.epa.gov",
          "path": [
            "enviro",
            "efservice",
            "CER_LOCATION/ROWS/:row_start::row_end/:output"
          ],
          "variable": [
            {
              "id": "output",
              "value": "{}",
              "type": "string"
            },
            {
              "id": "row_end",
              "value": "{}",
              "type": "string"
            },
            {
              "id": "row_start",
              "value": "{}",
              "type": "string"
            }
          ]
        },
        "method": "GET",
        "body": {
          "mode": "raw"
        },
        "description": ""
      },
      "response": [
        {
          "status": "OK",
          "code": 200,
          "name": "Response_200",
          "id": "3a7a9d90-5922-4b15-abf3-9dc644c08585"
        }
      ]
    },
    {
      "id": "469c9493-3d72-4d43-8629-97296182a9b2",
      "name": "enviroFacts_CER_OPERABLE_UNIT",
      "request": {
        "url": {
          "protocol": "http",
          "host": "iaspub.epa.gov",
          "path": [
            "enviro",
            "efservice",
            "CER_OPERABLE_UNIT/ROWS/:row_start::row_end/:output"
          ],
          "variable": [
            {
              "id": "output",
              "value": "{}",
              "type": "string"
            },
            {
              "id": "row_end",
              "value": "{}",
              "type": "string"
            },
            {
              "id": "row_start",
              "value": "{}",
              "type": "string"
            }
          ]
        },
        "method": "GET",
        "body": {
          "mode": "raw"
        },
        "description": ""
      },
      "response": [
        {
          "status": "OK",
          "code": 200,
          "name": "Response_200",
          "id": "d7a52715-b3ba-4376-ae78-e1e2210e8af1"
        }
      ]
    },
    {
      "id": "7641ba6e-3c5c-4dbf-b78c-30d036e8e3fb",
      "name": "enviroFacts_CER_REF_ACTION_ANOMALY",
      "request": {
        "url": {
          "protocol": "http",
          "host": "iaspub.epa.gov",
          "path": [
            "enviro",
            "efservice",
            "CER_REF_ACTION_ANOMALY/ROWS/:row_start::row_end/:output"
          ],
          "variable": [
            {
              "id": "output",
              "value": "{}",
              "type": "string"
            },
            {
              "id": "row_end",
              "value": "{}",
              "type": "string"
            },
            {
              "id": "row_start",
              "value": "{}",
              "type": "string"
            }
          ]
        },
        "method": "GET",
        "body": {
          "mode": "raw"
        },
        "description": ""
      },
      "response": [
        {
          "status": "OK",
          "code": 200,
          "name": "Response_200",
          "id": "698b18ed-d896-415a-bfa2-59190ded183e"
        }
      ]
    },
    {
      "id": "7aa332ec-0e16-40bd-a7bf-a433c7abdbb0",
      "name": "enviroFacts_CER_REF_ACTION_CRITICAL_FLAG",
      "request": {
        "url": {
          "protocol": "http",
          "host": "iaspub.epa.gov",
          "path": [
            "enviro",
            "efservice",
            "CER_REF_ACTION_CRITICAL_FLAG/:row_start::row_end/:output"
          ],
          "variable": [
            {
              "id": "output",
              "value": "{}",
              "type": "string"
            },
            {
              "id": "row_end",
              "value": "{}",
              "type": "string"
            },
            {
              "id": "row_start",
              "value": "{}",
              "type": "string"
            }
          ]
        },
        "method": "GET",
        "body": {
          "mode": "raw"
        },
        "description": ""
      },
      "response": [
        {
          "status": "OK",
          "code": 200,
          "name": "Response_200",
          "id": "782117a2-9b79-474a-b603-b312e8aab2d2"
        }
      ]
    },
    {
      "id": "52b554b0-d3b9-47fe-aa2a-93df2e675a3d",
      "name": "enviroFacts_CER_REF_ACTION_LEAD_TYPE",
      "request": {
        "url": {
          "protocol": "http",
          "host": "iaspub.epa.gov",
          "path": [
            "enviro",
            "efservice",
            "CER_REF_ACTION_LEAD_TYPE/ROWS/:row_start::row_end/:output"
          ],
          "variable": [
            {
              "id": "output",
              "value": "{}",
              "type": "string"
            },
            {
              "id": "row_end",
              "value": "{}",
              "type": "string"
            },
            {
              "id": "row_start",
              "value": "{}",
              "type": "string"
            }
          ]
        },
        "method": "GET",
        "body": {
          "mode": "raw"
        },
        "description": ""
      },
      "response": [
        {
          "status": "OK",
          "code": 200,
          "name": "Response_200",
          "id": "52ecfb37-1101-4ee0-97ad-6e1db914b9e9"
        }
      ]
    },
    {
      "id": "53f91cd7-ff72-4cf5-9033-5c05fe19a865",
      "name": "enviroFacts_CER_REF_ACTION_QUALIFIER",
      "request": {
        "url": {
          "protocol": "http",
          "host": "iaspub.epa.gov",
          "path": [
            "enviro",
            "efservice",
            "CER_REF_ACTION_QUALIFIER/ROWS/:row_start::row_end/:output"
          ],
          "variable": [
            {
              "id": "output",
              "value": "{}",
              "type": "string"
            },
            {
              "id": "row_end",
              "value": "{}",
              "type": "string"
            },
            {
              "id": "row_start",
              "value": "{}",
              "type": "string"
            }
          ]
        },
        "method": "GET",
        "body": {
          "mode": "raw"
        },
        "description": ""
      },
      "response": [
        {
          "status": "OK",
          "code": 200,
          "name": "Response_200",
          "id": "fb6f3f1c-00f6-4393-88ad-44945872a6c3"
        }
      ]
    },
    {
      "id": "b505e9ea-17c6-44ba-b001-12f61fc9e845",
      "name": "enviroFacts_CER_REF_ACTION_TYPE",
      "request": {
        "url": {
          "protocol": "http",
          "host": "iaspub.epa.gov",
          "path": [
            "enviro",
            "efservice",
            "CER_REF_ACTION_TYPE/ROWS/:row_start::row_end/:output"
          ],
          "variable": [
            {
              "id": "output",
              "value": "{}",
              "type": "string"
            },
            {
              "id": "row_end",
              "value": "{}",
              "type": "string"
            },
            {
              "id": "row_start",
              "value": "{}",
              "type": "string"
            }
          ]
        },
        "method": "GET",
        "body": {
          "mode": "raw"
        },
        "description": ""
      },
      "response": [
        {
          "status": "OK",
          "code": 200,
          "name": "Response_200",
          "id": "5da9b88f-32d1-4d9f-b578-71ae3f5276c3"
        }
      ]
    },
    {
      "id": "051344a4-050d-4c21-8add-3e3bb97edc34",
      "name": "enviroFacts_CER_REF_CMT_SITE",
      "request": {
        "url": {
          "protocol": "http",
          "host": "iaspub.epa.gov",
          "path": [
            "enviro",
            "efservice",
            "CER_REF_CMT_SITE/ROWS/:row_start::row_end/:output"
          ],
          "variable": [
            {
              "id": "output",
              "value": "{}",
              "type": "string"
            },
            {
              "id": "row_end",
              "value": "{}",
              "type": "string"
            },
            {
              "id": "row_start",
              "value": "{}",
              "type": "string"
            }
          ]
        },
        "method": "GET",
        "body": {
          "mode": "raw"
        },
        "description": ""
      },
      "response": [
        {
          "status": "OK",
          "code": 200,
          "name": "Response_200",
          "id": "fecc3f35-9125-4b17-bd7a-09dacf9b9030"
        }
      ]
    },
    {
      "id": "3efa76bd-3e94-4513-a371-3a8b8271de2c",
      "name": "enviroFacts_CER_REF_FDRL_RGSTR_ACTN",
      "request": {
        "url": {
          "protocol": "http",
          "host": "iaspub.epa.gov",
          "path": [
            "enviro",
            "efservice",
            "CER_REF_FDRL_RGSTR_ACTN/ROWS/:row_start::row_end/:output"
          ],
          "variable": [
            {
              "id": "output",
              "value": "{}",
              "type": "string"
            },
            {
              "id": "row_end",
              "value": "{}",
              "type": "string"
            },
            {
              "id": "row_start",
              "value": "{}",
              "type": "string"
            }
          ]
        },
        "method": "GET",
        "body": {
          "mode": "raw"
        },
        "description": ""
      },
      "response": [
        {
          "status": "OK",
          "code": 200,
          "name": "Response_200",
          "id": "7cd24b49-5ef2-44cd-9c9d-e846273d1303"
        }
      ]
    },
    {
      "id": "6ba45f49-0b03-479b-bcee-140548a82902",
      "name": "enviroFacts_CER_REF_FEDERAL_FACILITY",
      "request": {
        "url": {
          "protocol": "http",
          "host": "iaspub.epa.gov",
          "path": [
            "enviro",
            "efservice",
            "CER_REF_FEDERAL_FACILITY/ROWS/:row_start::row_end/:output"
          ],
          "variable": [
            {
              "id": "output",
              "value": "{}",
              "type": "string"
            },
            {
              "id": "row_end",
              "value": "{}",
              "type": "string"
            },
            {
              "id": "row_start",
              "value": "{}",
              "type": "string"
            }
          ]
        },
        "method": "GET",
        "body": {
          "mode": "raw"
        },
        "description": ""
      },
      "response": [
        {
          "status": "OK",
          "code": 200,
          "name": "Response_200",
          "id": "51b4265e-c469-4352-b3ee-cda907d9eda6"
        }
      ]
    },
    {
      "id": "8dd7cfb6-39a3-42a8-b87d-29c8fc79d249",
      "name": "enviroFacts_CER_REF_FINAN_TRANSACTION_TYPE",
      "request": {
        "url": {
          "protocol": "http",
          "host": "iaspub.epa.gov",
          "path": [
            "enviro",
            "efservice",
            "CER_REF_FINAN_TRANSACTION_TYPE/ROWS/:row_start::row_end/:output"
          ],
          "variable": [
            {
              "id": "output",
              "value": "{}",
              "type": "string"
            },
            {
              "id": "row_end",
              "value": "{}",
              "type": "string"
            },
            {
              "id": "row_start",
              "value": "{}",
              "type": "string"
            }
          ]
        },
        "method": "GET",
        "body": {
          "mode": "raw"
        },
        "description": ""
      },
      "response": [
        {
          "status": "OK",
          "code": 200,
          "name": "Response_200",
          "id": "19201c12-2ddd-4493-8f52-97ac218a468e"
        }
      ]
    },
    {
      "id": "4f56a5f5-a3ed-4c9a-b08c-b0477c58a058",
      "name": "enviroFacts_CER_REF_NON_NPL_STATUS",
      "request": {
        "url": {
          "protocol": "http",
          "host": "iaspub.epa.gov",
          "path": [
            "enviro",
            "efservice",
            "CER_REF_NON_NPL_STATUS/ROWS/:row_start::row_end/:output"
          ],
          "variable": [
            {
              "id": "output",
              "value": "{}",
              "type": "string"
            },
            {
              "id": "row_end",
              "value": "{}",
              "type": "string"
            },
            {
              "id": "row_start",
              "value": "{}",
              "type": "string"
            }
          ]
        },
        "method": "GET",
        "body": {
          "mode": "raw"
        },
        "description": ""
      },
      "response": [
        {
          "status": "OK",
          "code": 200,
          "name": "Response_200",
          "id": "59ee01f3-3cbf-47f7-9717-263feb94193a"
        }
      ]
    },
    {
      "id": "1c9f3804-6a08-4f61-a6f6-caa026e68330",
      "name": "enviroFacts_CER_REF_NPL_STATUS",
      "request": {
        "url": {
          "protocol": "http",
          "host": "iaspub.epa.gov",
          "path": [
            "enviro",
            "efservice",
            "CER_REF_NPL_STATUS/ROWS/:row_start::row_end/:output"
          ],
          "variable": [
            {
              "id": "output",
              "value": "{}",
              "type": "string"
            },
            {
              "id": "row_end",
              "value": "{}",
              "type": "string"
            },
            {
              "id": "row_start",
              "value": "{}",
              "type": "string"
            }
          ]
        },
        "method": "GET",
        "body": {
          "mode": "raw"
        },
        "description": ""
      },
      "response": [
        {
          "status": "OK",
          "code": 200,
          "name": "Response_200",
          "id": "03ea28ca-8002-4fd0-b0a5-1a9b242e9657"
        }
      ]
    },
    {
      "id": "29cc7c1e-93c5-4460-9574-5f19148aac9f",
      "name": "enviroFacts_CER_REF_OWNERSHIP_TYPE",
      "request": {
        "url": {
          "protocol": "http",
          "host": "iaspub.epa.gov",
          "path": [
            "enviro",
            "efservice",
            "CER_REF_OWNERSHIP_TYPE/ROWS/:row_start::row_end/:output"
          ],
          "variable": [
            {
              "id": "output",
              "value": "{}",
              "type": "string"
            },
            {
              "id": "row_end",
              "value": "{}",
              "type": "string"
            },
            {
              "id": "row_start",
              "value": "{}",
              "type": "string"
            }
          ]
        },
        "method": "GET",
        "body": {
          "mode": "raw"
        },
        "description": ""
      },
      "response": [
        {
          "status": "OK",
          "code": 200,
          "name": "Response_200",
          "id": "9e9e2493-3e46-43c6-928e-8e32dec9b451"
        }
      ]
    },
    {
      "id": "737e26b6-f886-461d-bd53-3df0cc117954",
      "name": "enviroFacts_CER_REF_PLANNING_STATUS",
      "request": {
        "url": {
          "protocol": "http",
          "host": "iaspub.epa.gov",
          "path": [
            "enviro",
            "efservice",
            "CER_REF_PLANNING_STATUS/ROWS/:row_start::row_end/:output"
          ],
          "variable": [
            {
              "id": "output",
              "value": "{}",
              "type": "string"
            },
            {
              "id": "row_end",
              "value": "{}",
              "type": "string"
            },
            {
              "id": "row_start",
              "value": "{}",
              "type": "string"
            }
          ]
        },
        "method": "GET",
        "body": {
          "mode": "raw"
        },
        "description": ""
      },
      "response": [
        {
          "status": "OK",
          "code": 200,
          "name": "Response_200",
          "id": "80821104-0cab-4dea-a448-f15d034b31da"
        }
      ]
    },
    {
      "id": "b327b158-91c4-4214-b955-e8265803be39",
      "name": "enviroFacts_CER_REF_REGION",
      "request": {
        "url": {
          "protocol": "http",
          "host": "iaspub.epa.gov",
          "path": [
            "enviro",
            "efservice",
            "CER_REF_REGION/ROWS/:row_start::row_end/:output"
          ],
          "variable": [
            {
              "id": "output",
              "value": "{}",
              "type": "string"
            },
            {
              "id": "row_end",
              "value": "{}",
              "type": "string"
            },
            {
              "id": "row_start",
              "value": "{}",
              "type": "string"
            }
          ]
        },
        "method": "GET",
        "body": {
          "mode": "raw"
        },
        "description": ""
      },
      "response": [
        {
          "status": "OK",
          "code": 200,
          "name": "Response_200",
          "id": "53d72850-222f-43d1-8bc1-2899965e8c5f"
        }
      ]
    },
    {
      "id": "f289b21d-b93a-468d-b509-b7a2b8971a90",
      "name": "enviroFacts_CER_REF_SIC",
      "request": {
        "url": {
          "protocol": "http",
          "host": "iaspub.epa.gov",
          "path": [
            "enviro",
            "efservice",
            "CER_REF_SIC/ROWS/:row_start::row_end/:output"
          ],
          "variable": [
            {
              "id": "output",
              "value": "{}",
              "type": "string"
            },
            {
              "id": "row_end",
              "value": "{}",
              "type": "string"
            },
            {
              "id": "row_start",
              "value": "{}",
              "type": "string"
            }
          ]
        },
        "method": "GET",
        "body": {
          "mode": "raw"
        },
        "description": ""
      },
      "response": [
        {
          "status": "OK",
          "code": 200,
          "name": "Response_200",
          "id": "e8617eb5-c58a-4d9c-93a6-5df4ba8d003b"
        }
      ]
    },
    {
      "id": "483439c9-9523-403e-b49e-e17b016657e7",
      "name": "enviroFacts_CER_REF_SITE_INCIDENT_CATEGORY",
      "request": {
        "url": {
          "protocol": "http",
          "host": "iaspub.epa.gov",
          "path": [
            "enviro",
            "efservice",
            "CER_REF_SITE_INCIDENT_CATEGORY/ROWS/:row_start::row_end/:output"
          ],
          "variable": [
            {
              "id": "output",
              "value": "{}",
              "type": "string"
            },
            {
              "id": "row_end",
              "value": "{}",
              "type": "string"
            },
            {
              "id": "row_start",
              "value": "{}",
              "type": "string"
            }
          ]
        },
        "method": "GET",
        "body": {
          "mode": "raw"
        },
        "description": ""
      },
      "response": [
        {
          "status": "OK",
          "code": 200,
          "name": "Response_200",
          "id": "a0a0812d-f7c9-4c3d-903e-8d599dec36b1"
        }
      ]
    },
    {
      "id": "8fb92c50-be68-4591-9ad5-abb6861a64be",
      "name": "enviroFacts_CER_REF_SITE_INCIDENT_TYPE",
      "request": {
        "url": {
          "protocol": "http",
          "host": "iaspub.epa.gov",
          "path": [
            "enviro",
            "efservice",
            "CER_REF_SITE_INCIDENT_TYPE/ROWS/:row_start::row_end/:output"
          ],
          "variable": [
            {
              "id": "output",
              "value": "{}",
              "type": "string"
            },
            {
              "id": "row_end",
              "value": "{}",
              "type": "string"
            },
            {
              "id": "row_start",
              "value": "{}",
              "type": "string"
            }
          ]
        },
        "method": "GET",
        "body": {
          "mode": "raw"
        },
        "description": ""
      },
      "response": [
        {
          "status": "OK",
          "code": 200,
          "name": "Response_200",
          "id": "5aa54caf-50b8-43ba-bf68-ea421590ba6a"
        }
      ]
    },
    {
      "id": "aa8d09e0-74be-48a0-b599-bb6351f0d2c6",
      "name": "enviroFacts_CER_REF_STATE",
      "request": {
        "url": {
          "protocol": "http",
          "host": "iaspub.epa.gov",
          "path": [
            "enviro",
            "efservice",
            "CER_REF_STATE/ROWS/:row_start::row_end/:output"
          ],
          "variable": [
            {
              "id": "output",
              "value": "{}",
              "type": "string"
            },
            {
              "id": "row_end",
              "value": "{}",
              "type": "string"
            },
            {
              "id": "row_start",
              "value": "{}",
              "type": "string"
            }
          ]
        },
        "method": "GET",
        "body": {
          "mode": "raw"
        },
        "description": ""
      },
      "response": [
        {
          "status": "OK",
          "code": 200,
          "name": "Response_200",
          "id": "2c139454-61bf-41c3-91b6-cdc556a1a124"
        }
      ]
    },
    {
      "id": "d2ba009d-696f-46b6-a970-beebe3583fed",
      "name": "enviroFacts_CER_SITE",
      "request": {
        "url": {
          "protocol": "http",
          "host": "iaspub.epa.gov",
          "path": [
            "enviro",
            "efservice",
            "CER_SITE/ROWS/:row_start::row_end/:output"
          ],
          "variable": [
            {
              "id": "output",
              "value": "{}",
              "type": "string"
            },
            {
              "id": "row_end",
              "value": "{}",
              "type": "string"
            },
            {
              "id": "row_start",
              "value": "{}",
              "type": "string"
            }
          ]
        },
        "method": "GET",
        "body": {
          "mode": "raw"
        },
        "description": ""
      },
      "response": [
        {
          "status": "OK",
          "code": 200,
          "name": "Response_200",
          "id": "7399d3af-0eba-4128-b8c0-410c27a30777"
        }
      ]
    },
    {
      "id": "1c0f2199-96e1-4b77-8311-b3f82969beb6",
      "name": "enviroFacts_CER_SITE_ALIAS",
      "request": {
        "url": {
          "protocol": "http",
          "host": "iaspub.epa.gov",
          "path": [
            "enviro",
            "efservice",
            "CER_SITE_ALIAS/ROWS/:row_start::row_end/:output"
          ],
          "variable": [
            {
              "id": "output",
              "value": "{}",
              "type": "string"
            },
            {
              "id": "row_end",
              "value": "{}",
              "type": "string"
            },
            {
              "id": "row_start",
              "value": "{}",
              "type": "string"
            }
          ]
        },
        "method": "GET",
        "body": {
          "mode": "raw"
        },
        "description": ""
      },
      "response": [
        {
          "status": "OK",
          "code": 200,
          "name": "Response_200",
          "id": "2b3e3a93-5f36-411a-b1b7-1a7884dc5dcc"
        }
      ]
    },
    {
      "id": "b6834b06-5f3b-40e7-a5d7-47afd790bb56",
      "name": "enviroFacts_CER_SITE_ROT_REF",
      "request": {
        "url": {
          "protocol": "http",
          "host": "iaspub.epa.gov",
          "path": [
            "enviro",
            "efservice",
            "CER_SITE_ROT_REF/ROWS/:row_start::row_end/:output"
          ],
          "variable": [
            {
              "id": "output",
              "value": "{}",
              "type": "string"
            },
            {
              "id": "row_end",
              "value": "{}",
              "type": "string"
            },
            {
              "id": "row_start",
              "value": "{}",
              "type": "string"
            }
          ]
        },
        "method": "GET",
        "body": {
          "mode": "raw"
        },
        "description": ""
      },
      "response": [
        {
          "status": "OK",
          "code": 200,
          "name": "Response_200",
          "id": "03bf88eb-8f06-4318-be6d-26b6c5936f02"
        }
      ]
    },
    {
      "id": "c86b01da-9f91-44f5-8bff-ace6269d0572",
      "name": "enviroFacts_CER_WSMC_CROSS_LINK",
      "request": {
        "url": {
          "protocol": "http",
          "host": "iaspub.epa.gov",
          "path": [
            "enviro",
            "efservice",
            "CER_WSMC_CROSS_LINK/ROWS/:row_start::row_end/:output"
          ],
          "variable": [
            {
              "id": "output",
              "value": "{}",
              "type": "string"
            },
            {
              "id": "row_end",
              "value": "{}",
              "type": "string"
            },
            {
              "id": "row_start",
              "value": "{}",
              "type": "string"
            }
          ]
        },
        "method": "GET",
        "body": {
          "mode": "raw"
        },
        "description": ""
      },
      "response": [
        {
          "status": "OK",
          "code": 200,
          "name": "Response_200",
          "id": "1f44c590-fc7d-4ca4-b715-178bce846f4f"
        }
      ]
    },
    {
      "id": "2130ca7f-a1fb-4080-8cab-6e8d49a7e284",
      "name": "enviroFacts_CER_WST_SRC_MEDIA_CONTAMINATED",
      "request": {
        "url": {
          "protocol": "http",
          "host": "iaspub.epa.gov",
          "path": [
            "enviro",
            "efservice",
            "CER_WST_SRC_MEDIA_CONTAMINATED/ROWS/:row_start::row_end/:output"
          ],
          "variable": [
            {
              "id": "output",
              "value": "{}",
              "type": "string"
            },
            {
              "id": "row_end",
              "value": "{}",
              "type": "string"
            },
            {
              "id": "row_start",
              "value": "{}",
              "type": "string"
            }
          ]
        },
        "method": "GET",
        "body": {
          "mode": "raw"
        },
        "description": ""
      },
      "response": [
        {
          "status": "OK",
          "code": 200,
          "name": "Response_200",
          "id": "41194247-fa19-404b-ae64-6f0ab49b99cf"
        }
      ]
    }
  ]
}