{
  "info": {
    "name": "EPA Radiation Ambient Monitoring API ",
    "_postman_id": "52e30151-f8a3-4720-84d8-6e8c1f5cf24c",
    "description": "",
    "schema": "https://schema.getpostman.com/json/collection/v2.0.0/"
  },
  "item": [
    {
      "id": "9010611c-cd27-4d1a-b7aa-2276580317ac",
      "name": "enviroFacts_BGM_ONSITE_TREATMENT",
      "request": {
        "url": {
          "protocol": "http",
          "host": "iaspub.epa.gov",
          "path": [
            "enviro",
            "efservice",
            "BGM_ONSITE_TREATMENT/ROWS/:row_start::row_end/:output"
          ],
          "variable": [
            {
              "id": "output",
              "value": "{}",
              "type": "string"
            },
            {
              "id": "row_end",
              "value": "{}",
              "type": "string"
            },
            {
              "id": "row_start",
              "value": "{}",
              "type": "string"
            }
          ]
        },
        "method": "GET",
        "body": {
          "mode": "raw"
        },
        "description": ""
      },
      "response": [
        {
          "status": "OK",
          "code": 200,
          "name": "Response_200",
          "id": "8f47aae9-88c9-453d-9187-008650009d43"
        }
      ]
    },
    {
      "id": "5ad2ea05-a502-4180-ba22-2cfa528fd39a",
      "name": "enviroFacts_ERM_ANALYSIS",
      "request": {
        "url": {
          "protocol": "http",
          "host": "iaspub.epa.gov",
          "path": [
            "enviro",
            "efservice",
            "ERM_ANALYSIS/ROWS/:row_start::row_end/:output"
          ],
          "variable": [
            {
              "id": "output",
              "value": "{}",
              "type": "string"
            },
            {
              "id": "row_end",
              "value": "{}",
              "type": "string"
            },
            {
              "id": "row_start",
              "value": "{}",
              "type": "string"
            }
          ]
        },
        "method": "GET",
        "body": {
          "mode": "raw"
        },
        "description": ""
      },
      "response": [
        {
          "status": "OK",
          "code": 200,
          "name": "Response_200",
          "id": "2b2879f9-8ff6-4abf-ab41-e09cd1fae8f2"
        }
      ]
    },
    {
      "id": "8045c2bb-87cb-4ebb-a0b5-5a0ad29c2e37",
      "name": "enviroFacts_ERM_ANALYTE",
      "request": {
        "url": {
          "protocol": "http",
          "host": "iaspub.epa.gov",
          "path": [
            "enviro",
            "efservice",
            "ERM_ANALYTE/ROWS/:row_start::row_end/:output"
          ],
          "variable": [
            {
              "id": "output",
              "value": "{}",
              "type": "string"
            },
            {
              "id": "row_end",
              "value": "{}",
              "type": "string"
            },
            {
              "id": "row_start",
              "value": "{}",
              "type": "string"
            }
          ]
        },
        "method": "GET",
        "body": {
          "mode": "raw"
        },
        "description": ""
      },
      "response": [
        {
          "status": "OK",
          "code": 200,
          "name": "Response_200",
          "id": "b3e9784a-f7e5-45b9-910d-aa04f568017f"
        }
      ]
    },
    {
      "id": "d67b371c-b4d2-413c-a7b7-e829dfccd085",
      "name": "enviroFacts_ERM_ANA_PROC",
      "request": {
        "url": {
          "protocol": "http",
          "host": "iaspub.epa.gov",
          "path": [
            "enviro",
            "efservice",
            "ERM_ANA_PROC/ROWS/:row_start::row_end/:output"
          ],
          "variable": [
            {
              "id": "output",
              "value": "{}",
              "type": "string"
            },
            {
              "id": "row_end",
              "value": "{}",
              "type": "string"
            },
            {
              "id": "row_start",
              "value": "{}",
              "type": "string"
            }
          ]
        },
        "method": "GET",
        "body": {
          "mode": "raw"
        },
        "description": ""
      },
      "response": [
        {
          "status": "OK",
          "code": 200,
          "name": "Response_200",
          "id": "ba123fd5-dfd3-4a1d-80a0-737306ddcd8f"
        }
      ]
    },
    {
      "id": "f37f5f23-67df-4631-ba84-2feac10668ed",
      "name": "enviroFacts_ERM_COUNT",
      "request": {
        "url": {
          "protocol": "http",
          "host": "iaspub.epa.gov",
          "path": [
            "enviro",
            "efservice",
            "ERM_COUNT/ROWS/:row_start::row_end/:output"
          ],
          "variable": [
            {
              "id": "output",
              "value": "{}",
              "type": "string"
            },
            {
              "id": "row_end",
              "value": "{}",
              "type": "string"
            },
            {
              "id": "row_start",
              "value": "{}",
              "type": "string"
            }
          ]
        },
        "method": "GET",
        "body": {
          "mode": "raw"
        },
        "description": ""
      },
      "response": [
        {
          "status": "OK",
          "code": 200,
          "name": "Response_200",
          "id": "6910eec6-80f6-40c1-a8d9-b6694392aa3b"
        }
      ]
    },
    {
      "id": "16b14436-9ab9-4e6a-a2a0-28d328d2f1aa",
      "name": "enviroFacts_ERM_DET_TYPE",
      "request": {
        "url": {
          "protocol": "http",
          "host": "iaspub.epa.gov",
          "path": [
            "enviro",
            "efservice",
            "ERM_DET_TYPE/ROWS/:row_start::row_end/:output"
          ],
          "variable": [
            {
              "id": "output",
              "value": "{}",
              "type": "string"
            },
            {
              "id": "row_end",
              "value": "{}",
              "type": "string"
            },
            {
              "id": "row_start",
              "value": "{}",
              "type": "string"
            }
          ]
        },
        "method": "GET",
        "body": {
          "mode": "raw"
        },
        "description": ""
      },
      "response": [
        {
          "status": "OK",
          "code": 200,
          "name": "Response_200",
          "id": "8dcb7911-96c7-41e2-a5f6-97657775ea9d"
        }
      ]
    },
    {
      "id": "92857418-f910-4b1e-94d0-5904bee96ec7",
      "name": "enviroFacts_ERM_LOCATION",
      "request": {
        "url": {
          "protocol": "http",
          "host": "iaspub.epa.gov",
          "path": [
            "enviro",
            "efservice",
            "ERM_LOCATION/ROWS/:row_start::row_end/:output"
          ],
          "variable": [
            {
              "id": "output",
              "value": "{}",
              "type": "string"
            },
            {
              "id": "row_end",
              "value": "{}",
              "type": "string"
            },
            {
              "id": "row_start",
              "value": "{}",
              "type": "string"
            }
          ]
        },
        "method": "GET",
        "body": {
          "mode": "raw"
        },
        "description": ""
      },
      "response": [
        {
          "status": "OK",
          "code": 200,
          "name": "Response_200",
          "id": "2c4e3eca-c09e-4570-87a8-60604c95d3ce"
        }
      ]
    },
    {
      "id": "89e68338-a1a1-46a4-bc2d-8b02519891e4",
      "name": "enviroFacts_ERM_MATRIX",
      "request": {
        "url": {
          "protocol": "http",
          "host": "iaspub.epa.gov",
          "path": [
            "enviro",
            "efservice",
            "ERM_MATRIX/ROWS/:row_start::row_end/:output"
          ],
          "variable": [
            {
              "id": "output",
              "value": "{}",
              "type": "string"
            },
            {
              "id": "row_end",
              "value": "{}",
              "type": "string"
            },
            {
              "id": "row_start",
              "value": "{}",
              "type": "string"
            }
          ]
        },
        "method": "GET",
        "body": {
          "mode": "raw"
        },
        "description": ""
      },
      "response": [
        {
          "status": "OK",
          "code": 200,
          "name": "Response_200",
          "id": "b1090744-acee-41d5-988f-ef7e00014873"
        }
      ]
    },
    {
      "id": "3de76eaf-02a3-4550-bf29-45db4f4b618f",
      "name": "enviroFacts_ERM_PROJECT",
      "request": {
        "url": {
          "protocol": "http",
          "host": "iaspub.epa.gov",
          "path": [
            "enviro",
            "efservice",
            "ERM_PROJECT/ROWS/:row_start::row_end/:output"
          ],
          "variable": [
            {
              "id": "output",
              "value": "{}",
              "type": "string"
            },
            {
              "id": "row_end",
              "value": "{}",
              "type": "string"
            },
            {
              "id": "row_start",
              "value": "{}",
              "type": "string"
            }
          ]
        },
        "method": "GET",
        "body": {
          "mode": "raw"
        },
        "description": ""
      },
      "response": [
        {
          "status": "OK",
          "code": 200,
          "name": "Response_200",
          "id": "e7a6fa83-bb3a-42c4-8a77-d9c5738d7350"
        }
      ]
    },
    {
      "id": "68e25cb5-a268-4165-8437-23a961f73690",
      "name": "enviroFacts_ERM_RESULT",
      "request": {
        "url": {
          "protocol": "http",
          "host": "iaspub.epa.gov",
          "path": [
            "enviro",
            "efservice",
            "ERM_RESULT/ROWS/:row_start::row_end/:output"
          ],
          "variable": [
            {
              "id": "output",
              "value": "{}",
              "type": "string"
            },
            {
              "id": "row_end",
              "value": "{}",
              "type": "string"
            },
            {
              "id": "row_start",
              "value": "{}",
              "type": "string"
            }
          ]
        },
        "method": "GET",
        "body": {
          "mode": "raw"
        },
        "description": ""
      },
      "response": [
        {
          "status": "OK",
          "code": 200,
          "name": "Response_200",
          "id": "e1db17c4-6bf9-4b47-9b2f-834f7d91c194"
        }
      ]
    },
    {
      "id": "b1fb9569-f45c-4e22-bdb0-bd0e2e8214c8",
      "name": "enviroFacts_ERM_SAMPLE",
      "request": {
        "url": {
          "protocol": "http",
          "host": "iaspub.epa.gov",
          "path": [
            "enviro",
            "efservice",
            "ERM_SAMPLE/ROWS/:row_start::row_end/:output"
          ],
          "variable": [
            {
              "id": "output",
              "value": "{}",
              "type": "string"
            },
            {
              "id": "row_end",
              "value": "{}",
              "type": "string"
            },
            {
              "id": "row_start",
              "value": "{}",
              "type": "string"
            }
          ]
        },
        "method": "GET",
        "body": {
          "mode": "raw"
        },
        "description": ""
      },
      "response": [
        {
          "status": "OK",
          "code": 200,
          "name": "Response_200",
          "id": "10e0c58a-57a3-41ae-8cb5-2e7e6c484eaa"
        }
      ]
    },
    {
      "id": "a08bfcc0-7b04-4718-8943-a628e56986ea",
      "name": "enviroFacts_ERM_STUDY",
      "request": {
        "url": {
          "protocol": "http",
          "host": "iaspub.epa.gov",
          "path": [
            "enviro",
            "efservice",
            "ERM_STUDY/ROWS/:row_start::row_end/:output"
          ],
          "variable": [
            {
              "id": "output",
              "value": "{}",
              "type": "string"
            },
            {
              "id": "row_end",
              "value": "{}",
              "type": "string"
            },
            {
              "id": "row_start",
              "value": "{}",
              "type": "string"
            }
          ]
        },
        "method": "GET",
        "body": {
          "mode": "raw"
        },
        "description": ""
      },
      "response": [
        {
          "status": "OK",
          "code": 200,
          "name": "Response_200",
          "id": "a8bdf3a5-5ea0-4fb3-bcdc-fb35428f3c79"
        }
      ]
    },
    {
      "id": "c8d237df-972d-46f2-a30c-9251a9c2c1f3",
      "name": "enviroFacts_LCR_SAMPLE",
      "request": {
        "url": {
          "protocol": "http",
          "host": "iaspub.epa.gov",
          "path": [
            "enviro",
            "efservice",
            "LCR_SAMPLE/ROWS/:row_start::row_end/:output"
          ],
          "variable": [
            {
              "id": "output",
              "value": "{}",
              "type": "string"
            },
            {
              "id": "row_end",
              "value": "{}",
              "type": "string"
            },
            {
              "id": "row_start",
              "value": "{}",
              "type": "string"
            }
          ]
        },
        "method": "GET",
        "body": {
          "mode": "raw"
        },
        "description": ""
      },
      "response": [
        {
          "status": "OK",
          "code": 200,
          "name": "Response_200",
          "id": "02b8b11d-809a-4afc-a8f2-4e0c3a5062b4"
        }
      ]
    },
    {
      "id": "9007e4e8-a43f-45d8-a6fc-3bc57683b1e4",
      "name": "enviroFacts_LCR_SAMPLE_RESULT",
      "request": {
        "url": {
          "protocol": "http",
          "host": "iaspub.epa.gov",
          "path": [
            "enviro",
            "efservice",
            "LCR_SAMPLE_RESULT/ROWS/:row_start::row_end/:output"
          ],
          "variable": [
            {
              "id": "output",
              "value": "{}",
              "type": "string"
            },
            {
              "id": "row_end",
              "value": "{}",
              "type": "string"
            },
            {
              "id": "row_start",
              "value": "{}",
              "type": "string"
            }
          ]
        },
        "method": "GET",
        "body": {
          "mode": "raw"
        },
        "description": ""
      },
      "response": [
        {
          "status": "OK",
          "code": 200,
          "name": "Response_200",
          "id": "85f99eda-feab-45f3-b6cc-d35229e60e83"
        }
      ]
    }
  ]
}