{
  "info": {
    "name": "U.S. EPA Enforcement and Compliance History Online (ECHO) - Enforcement Case Search ECHO ICIS Law Sections Lookup Service",
    "_postman_id": "e423ab57-f6d5-46a2-815c-85a0be87811e",
    "description": "Returns the ICIS Law Section Descriptions.",
    "schema": "https://schema.getpostman.com/json/collection/v2.0.0/"
  },
  "item": [
    {
      "id": "535987c7-3f26-44bb-ad4c-30e1a4fed414",
      "name": "the-get-case-report-service-endpoint-returns-a-complex-object-of-civil-enforcement-case-details-base",
      "request": {
        "url": "http://ofmpub.epa.gov/echo/case_rest_services.get_case_report?No Name=%7B%7D&output=%7B%7D&p_id=%7B%7D",
        "method": "GET",
        "body": {
          "mode": "raw"
        },
        "description": "The get_case_report service endpoint returns a complex object of civil enforcement case details based on the provided case id."
      },
      "response": [
        {
          "status": "OK",
          "code": 200,
          "name": "Response_200",
          "id": "011c2d6e-46de-4a97-83f1-416a679db7fe"
        }
      ]
    },
    {
      "id": "3576940d-7674-4a5f-ae80-3bf2befe9497",
      "name": "the-get-cases-service-end-point-searches-for-civil-enforcement-and-criminal-cases-based-on-the-provi",
      "request": {
        "url": "http://ofmpub.epa.gov/echo/case_rest_services.get_cases?No Name=%7B%7D&output=%7B%7D",
        "method": "GET",
        "body": {
          "mode": "raw"
        },
        "description": "The get_cases service end point searches for civil enforcement and criminal cases based on the provided selection criteria."
      },
      "response": [
        {
          "status": "OK",
          "code": 200,
          "name": "Response_200",
          "id": "bcd218d6-64c6-46d3-a5fc-30a22db593f9"
        }
      ]
    },
    {
      "id": "39f8ce91-43d0-400a-87b1-e8226f053f30",
      "name": "the-get-crcase-report-service-end-point-returns-a-complex-object-of-criminal-case-detials-based-on-t",
      "request": {
        "url": "http://ofmpub.epa.gov/echo/case_rest_services.get_crcase_report?No Name=%7B%7D&output=%7B%7D&p_id=%7B%7D",
        "method": "GET",
        "body": {
          "mode": "raw"
        },
        "description": "The get_crcase_report service end point returns a complex object of criminal case detials based on the provided criminal case id."
      },
      "response": [
        {
          "status": "OK",
          "code": 200,
          "name": "Response_200",
          "id": "f9f462c7-7fc6-4d0b-8946-23a9a74af972"
        }
      ]
    },
    {
      "id": "f363eef4-f3f6-4bc4-8460-84a7012c9d75",
      "name": "based-on-the-qid-obtained-from-a-get-cases-query-return-a-comma-sepated-vaule-csv-file-of-the-cases-",
      "request": {
        "url": "http://ofmpub.epa.gov/echo/case_rest_services.get_download?No Name=%7B%7D&output=%7B%7D",
        "method": "GET",
        "body": {
          "mode": "raw"
        },
        "description": "Based on the QID obtained from a get_cases query, return a comma sepated vaule (CSV) file of the cases found."
      },
      "response": [
        {
          "status": "OK",
          "code": 200,
          "name": "Response_200",
          "id": "3a5e5f9f-23fc-44ce-b6bd-1fe2825683d2"
        }
      ]
    },
    {
      "id": "56e5aa12-a001-470a-9874-706235f971f7",
      "name": "the-purpose-of-the-get-map-service-is-to-display-facility-coordinates-and-facility-clusters-related-",
      "request": {
        "url": "http://ofmpub.epa.gov/echo/case_rest_services.get_map?No Name=%7B%7D&output=%7B%7D",
        "method": "GET",
        "body": {
          "mode": "raw"
        },
        "description": "The purpose of the GET_MAP service is to display facility coordinates and facility clusters related to a get_cases query. Currently, the maximum number of coordinates returned is 500. GET_MAP performs automatic clustering at the state, county, and zip code levels to maximize the number of coordinates returned."
      },
      "response": [
        {
          "status": "OK",
          "code": 200,
          "name": "Response_200",
          "id": "ee3b0718-d7aa-4194-b64e-92b6ee66ad14"
        }
      ]
    },
    {
      "id": "99b6a7b2-79c5-4072-931c-427cf0a4cd43",
      "name": "get-qid-is-passed-with-a-query-id-corresponding-to-a-previously-run-get-cases-query--it-then-returns",
      "request": {
        "url": "http://ofmpub.epa.gov/echo/case_rest_services.get_qid?No Name=%7B%7D&output=%7B%7D",
        "method": "GET",
        "body": {
          "mode": "raw"
        },
        "description": "GET_QID is passed with a query ID corresponding to a previously run get_cases query. It then returns a CASES object containing all matching cases. The main purpose of GET_QID is for large querysets that contain multiple pages (responsesets) of output. GET_QID allows for pagination and for the selection and sorting of columns."
      },
      "response": [
        {
          "status": "OK",
          "code": 200,
          "name": "Response_200",
          "id": "43066df5-2f83-42ba-a419-b101d8ee2172"
        }
      ]
    },
    {
      "id": "2586e911-1969-4726-a883-ac2c1256c6f9",
      "name": "returns-the-json-object-name-and-columnid-for-usage-with-the-qcolumns-parameter-for-get-cases-endpoi",
      "request": {
        "url": "http://ofmpub.epa.gov/echo/case_rest_services.metadata?No Name=%7B%7D&output=%7B%7D",
        "method": "GET",
        "body": {
          "mode": "raw"
        },
        "description": "Returns the JSON Object Name and ColumnId for usage with the qcolumns parameter for get_cases endpoint."
      },
      "response": [
        {
          "status": "OK",
          "code": 200,
          "name": "Response_200",
          "id": "a7a9a957-b059-4828-9e8d-7dd6f30bde8e"
        }
      ]
    },
    {
      "id": "e23b41e5-c375-42d2-b69c-622aa36df9e9",
      "name": "returns-the-icis-law-section-descriptions-",
      "request": {
        "url": "http://ofmpub.epa.gov/echo/rest_lookups.icis_law_sections?No Name=%7B%7D&output=%7B%7D",
        "method": "GET",
        "body": {
          "mode": "raw"
        },
        "description": "Returns the ICIS Law Section Descriptions."
      },
      "response": [
        {
          "status": "OK",
          "code": 200,
          "name": "Response_200",
          "id": "a441daba-54a0-4a29-ace2-5c7f435e29c3"
        }
      ]
    }
  ]
}