{
  "info": {
    "name": "U.S. EPA Enforcement and Compliance History Online (ECHO) - All Data Combined ECHO Metadata Service",
    "_postman_id": "f319ff0e-4206-4158-8cae-0d763f452fce",
    "description": "Returns the JSON Object Name and ColumnId for usage with the qcolumns parameter for get_qid, get_facility_info and other service endpoints.",
    "schema": "https://schema.getpostman.com/json/collection/v2.0.0/"
  },
  "item": [
    {
      "id": "179decaa-701c-453e-b9cc-4fbd8337e771",
      "name": "based-on-the-qid-obtained-from-a-get-facilities-or-get-facility-info-query-return-a-comma-sepated-va",
      "request": {
        "url": "http://ofmpub.epa.gov/echo/echo_rest_services.get_download?No Name=%7B%7D&output=%7B%7D&qcolumns=%7B%7D",
        "method": "GET",
        "body": {
          "mode": "raw"
        },
        "description": "Based on the QID obtained from a get_facilities or get_facility_info query, return a comma sepated vaule (CSV) file of the facilities found."
      },
      "response": [
        {
          "status": "OK",
          "code": 200,
          "name": "Response_200",
          "id": "1431e111-cfce-45d4-9714-066f2e02fc1f"
        }
      ]
    },
    {
      "id": "bb963ade-c236-4aae-964c-11a87579fecc",
      "name": "validates-query-search-parameters-and-returns-query-identifier---use-the-responseset-parameter-to-se",
      "request": {
        "url": "http://ofmpub.epa.gov/echo/echo_rest_services.get_facilities?No Name=%7B%7D&output=%7B%7D&qcolumns=%7B%7D",
        "method": "GET",
        "body": {
          "mode": "raw"
        },
        "description": "Validates query search parameters and returns query identifier.  Use the responseset parameter to set the page size"
      },
      "response": [
        {
          "status": "OK",
          "code": 200,
          "name": "Response_200",
          "id": "c1bc1a4e-146e-4308-95c2-7d59128cd891"
        }
      ]
    },
    {
      "id": "83bbc944-3406-4293-ba60-7b579059dbd9",
      "name": "returns-either-an-array-of-facilities-or-an-array-of-clusters-that-meet-the-specified-search-criteri",
      "request": {
        "url": "http://ofmpub.epa.gov/echo/echo_rest_services.get_facility_info?No Name=%7B%7D&output=%7B%7D&qcolumns=%7B%7D",
        "method": "GET",
        "body": {
          "mode": "raw"
        },
        "description": "Returns either an array of Facilities or an array of Clusters that meet the specified search criteria."
      },
      "response": [
        {
          "status": "OK",
          "code": 200,
          "name": "Response_200",
          "id": "8d451c6b-dc54-487c-81b1-2e0fd856a2cb"
        }
      ]
    },
    {
      "id": "a48baf03-d8a6-430e-859b-e9a21252f26b",
      "name": "based-on-the-qid-obtained-from-a-get-facilities-or-get-facility-info-query-return-geojson-of-the-fac",
      "request": {
        "url": "http://ofmpub.epa.gov/echo/echo_rest_services.get_geojson?No Name=%7B%7D&output=%7B%7D&qcolumns=%7B%7D",
        "method": "GET",
        "body": {
          "mode": "raw"
        },
        "description": "Based on the QID obtained from a get_facilities or get_facility_info query, return GeoJSON of the facilities found."
      },
      "response": [
        {
          "status": "OK",
          "code": 200,
          "name": "Response_200",
          "id": "ab43cbab-5159-4f70-98d0-f54e5ba99132"
        }
      ]
    },
    {
      "id": "0170879f-ebbf-4a88-ac97-02145a6b1c32",
      "name": "based-on-the-qid-obtained-from-a-clustered-get-facility-info-query-download-cluster-facility-informa",
      "request": {
        "url": "http://ofmpub.epa.gov/echo/echo_rest_services.get_info_clusters?No Name=%7B%7D&output=%7B%7D",
        "method": "GET",
        "body": {
          "mode": "raw"
        },
        "description": "Based on the QID obtained from a clustered get_facility_info query, download cluster facility information as either a CSV or GEOJSON file."
      },
      "response": [
        {
          "status": "OK",
          "code": 200,
          "name": "Response_200",
          "id": "4615791f-e786-4b5c-945e-8e94566485ea"
        }
      ]
    },
    {
      "id": "b1d6634e-d69e-4019-8719-44ec137c5d14",
      "name": "the-purpose-of-the-get-map-service-is-to-display-facility-coordinates-and-facility-clusters-related-",
      "request": {
        "url": "http://ofmpub.epa.gov/echo/echo_rest_services.get_map?No Name=%7B%7D&output=%7B%7D",
        "method": "GET",
        "body": {
          "mode": "raw"
        },
        "description": "The purpose of the GET_MAP service is to display facility coordinates and facility clusters related to a get_facilities facility query. Currently, the maximum number of coordinates returned is 500. GET_MAP performs automatic clustering at the state, county, and zip code levels to maximize the number of coordinates returned."
      },
      "response": [
        {
          "status": "OK",
          "code": 200,
          "name": "Response_200",
          "id": "24822291-b619-4f29-873f-3641cc57d89e"
        }
      ]
    },
    {
      "id": "6ce70322-6962-430c-ad6e-68b6231b389f",
      "name": "get-qid-is-passed-with-a-query-id-corresponding-to-a-previously-run-get-facilities-query--it-then-re",
      "request": {
        "url": "http://ofmpub.epa.gov/echo/echo_rest_services.get_qid?No Name=%7B%7D&output=%7B%7D&qcolumns=%7B%7D",
        "method": "GET",
        "body": {
          "mode": "raw"
        },
        "description": "GET_QID is passed with a query ID corresponding to a previously run get_facilities query. It then returns a Facility object containing all matching facilities. The main purpose of GET_QID is for large querysets that contain multiple pages (responsesets) of output. GET_QID allows for pagination and for the selection and sorting of columns."
      },
      "response": [
        {
          "status": "OK",
          "code": 200,
          "name": "Response_200",
          "id": "9bc4f47b-c35a-44dc-8648-52ac9f34a352"
        }
      ]
    },
    {
      "id": "f5411220-a0de-4f1d-bcbd-c2bcdfb562a5",
      "name": "returns-the-json-object-name-and-columnid-for-usage-with-the-qcolumns-parameter-for-get-qid-get-faci",
      "request": {
        "url": "http://ofmpub.epa.gov/echo/echo_rest_services.metadata?No Name=%7B%7D&output=%7B%7D",
        "method": "GET",
        "body": {
          "mode": "raw"
        },
        "description": "Returns the JSON Object Name and ColumnId for usage with the qcolumns parameter for get_qid, get_facility_info and other service endpoints."
      },
      "response": [
        {
          "status": "OK",
          "code": 200,
          "name": "Response_200",
          "id": "2eba17fb-076c-438c-aa22-74111c765408"
        }
      ]
    }
  ]
}