{
  "info": {
    "name": "U.S. EPA Enforcement and Compliance History Online (ECHO) - Safe Drinking Water Act Safe Drinking Water Act (SDWA) Metadata Service",
    "_postman_id": "a79caccb-aa0f-445c-81af-0c199ddc27c0",
    "description": "Returns the JSON Object Name and ColumnId for usage with the qcolumns parameter for get_systems endpoint.",
    "schema": "https://schema.getpostman.com/json/collection/v2.0.0/"
  },
  "item": [
    {
      "id": "46f550a2-ec51-49c6-9ec4-c634f3485d17",
      "name": "based-on-the-qid-obtained-from-a-get-systems-query-return-a-comma-sepated-vaule-csv-file-of-the-wate",
      "request": {
        "url": "http://ofmpub.epa.gov/echo/sdw_rest_services.get_download?No Name=%7B%7D&output=%7B%7D",
        "method": "GET",
        "body": {
          "mode": "raw"
        },
        "description": "Based on the QID obtained from a get_systems query, return a comma sepated vaule (CSV) file of the water systems found."
      },
      "response": [
        {
          "status": "OK",
          "code": 200,
          "name": "Response_200",
          "id": "7ffee54e-d591-4a7d-bad5-75ed2d697ee4"
        }
      ]
    },
    {
      "id": "478ed6fc-e8e4-4585-91f4-4b94edbe3026",
      "name": "get-qid-is-passed-with-a-query-id-corresponding-to-a-previously-run-get-systems-query--it-then-retur",
      "request": {
        "url": "http://ofmpub.epa.gov/echo/sdw_rest_services.get_qid?No Name=%7B%7D&output=%7B%7D",
        "method": "GET",
        "body": {
          "mode": "raw"
        },
        "description": "GET_QID is passed with a query ID corresponding to a previously run get_systems query. It then returns a Systems object containing all matching water systems. The main purpose of GET_QID is for large querysets that contain multiple pages (responsesets) of output. GET_QID allows for pagination and for the selection and sorting of columns."
      },
      "response": [
        {
          "status": "OK",
          "code": 200,
          "name": "Response_200",
          "id": "a95371af-fb53-4c09-9177-1d7fc61726d8"
        }
      ]
    },
    {
      "id": "158bd48f-9471-42f6-af04-8b91a66f8c56",
      "name": "returns-an-array-of-public-water-systems-that-meet-the-specified-search-criteria-",
      "request": {
        "url": "http://ofmpub.epa.gov/echo/sdw_rest_services.get_systems?No Name=%7B%7D&output=%7B%7D",
        "method": "GET",
        "body": {
          "mode": "raw"
        },
        "description": "Returns an array of public water systems that meet the specified search criteria."
      },
      "response": [
        {
          "status": "OK",
          "code": 200,
          "name": "Response_200",
          "id": "819dccd3-59b6-419d-8334-1fdcc31a7ec9"
        }
      ]
    },
    {
      "id": "1693c523-55e5-47f6-856c-5d6ef7626f3e",
      "name": "returns-the-json-object-name-and-columnid-for-usage-with-the-qcolumns-parameter-for-get-systems-endp",
      "request": {
        "url": "http://ofmpub.epa.gov/echo/sdw_rest_services.metadata?No Name=%7B%7D&output=%7B%7D",
        "method": "GET",
        "body": {
          "mode": "raw"
        },
        "description": "Returns the JSON Object Name and ColumnId for usage with the qcolumns parameter for get_systems endpoint."
      },
      "response": [
        {
          "status": "OK",
          "code": 200,
          "name": "Response_200",
          "id": "827b3544-4280-4dd9-838e-cbeb28af5be2"
        }
      ]
    }
  ]
}