{
  "info": {
    "name": "U.S. EPA Enforcement and Compliance History Online (ECHO) - Detailed Facility Report (DFR) Detailed Facility Report Water Quality Service",
    "_postman_id": "7d6886c1-7e77-4b0b-b2e3-13ae6d46a65c",
    "description": "This procedure obtains data for the Water Quality section of the DFR.",
    "schema": "https://schema.getpostman.com/json/collection/v2.0.0/"
  },
  "item": [
    {
      "id": "6033ed21-5fa2-4f31-9d00-f034d711bd5e",
      "name": "this-procedure-obtains-data-for-air-compliance-in-the-environmental-conditions-section-of-the-dfr-",
      "request": {
        "url": "http://ofmpub.epa.gov/echo/dfr_rest_services.get_air_compliance?No Name=%7B%7D",
        "method": "GET",
        "body": {
          "mode": "raw"
        },
        "description": "This procedure obtains data for Air Compliance in the Environmental Conditions Section of the DFR."
      },
      "response": [
        {
          "status": "OK",
          "code": 200,
          "name": "Response_200",
          "id": "24930d68-653a-4a27-8c9a-7d6210d12820"
        }
      ]
    },
    {
      "id": "30d922e3-e678-4be9-bebb-7d7601626ff2",
      "name": "this-procedure-obtains-data-for-air-quality-in-the-environmental-conditions-section-of-the-dfr-",
      "request": {
        "url": "http://ofmpub.epa.gov/echo/dfr_rest_services.get_air_quality?No Name=%7B%7D",
        "method": "GET",
        "body": {
          "mode": "raw"
        },
        "description": "This procedure obtains data for Air Quality in the Environmental Conditions Section of the DFR."
      },
      "response": [
        {
          "status": "OK",
          "code": 200,
          "name": "Response_200",
          "id": "7df9d35f-89f2-4e10-a2b4-9325397d3acc"
        }
      ]
    },
    {
      "id": "e2af75e9-45db-4c63-a2db-4f9be1abf171",
      "name": "this-procedure-obtains-data-for-the-compliance-monitoring-history-5-years-in-the-enforcement-and-com",
      "request": {
        "url": "http://ofmpub.epa.gov/echo/dfr_rest_services.get_compliance_history?No Name=%7B%7D",
        "method": "GET",
        "body": {
          "mode": "raw"
        },
        "description": "This procedure obtains data for the Compliance Monitoring History (5 years) in the Enforcement and Compliance Section of the Detailed Facility report."
      },
      "response": [
        {
          "status": "OK",
          "code": 200,
          "name": "Response_200",
          "id": "a6b13096-1ef8-44aa-ae33-8e33fd45633d"
        }
      ]
    },
    {
      "id": "538603c4-d898-497b-b344-1cbe06f3929d",
      "name": "this-procedure-obtains-data-for-compliance-summary-data-in-the-enforcement-and-compliance-section-of",
      "request": {
        "url": "http://ofmpub.epa.gov/echo/dfr_rest_services.get_compliance_summary?No Name=%7B%7D",
        "method": "GET",
        "body": {
          "mode": "raw"
        },
        "description": "This procedure obtains data for Compliance Summary Data in the Enforcement and Compliance Section of the Detailed Facility report."
      },
      "response": [
        {
          "status": "OK",
          "code": 200,
          "name": "Response_200",
          "id": "97bb36e1-94b4-49bb-9ed4-87d1bcb58796"
        }
      ]
    },
    {
      "id": "994ab4b5-2509-40ef-a2d4-f8de18fcd518",
      "name": "this-procedure-obtains-data-for-the-cwa-facilitylevel-status-section-located-in-the-three-year-compl",
      "request": {
        "url": "http://ofmpub.epa.gov/echo/dfr_rest_services.get_cwa_3yr_compliance?No Name=%7B%7D",
        "method": "GET",
        "body": {
          "mode": "raw"
        },
        "description": "This procedure obtains data for the CWA Facility-Level Status section located in the Three Year Compliance Status by Quarter portion of the DFR. Valid Compliance Statuses are as follows:\n> \"In Viol\" = Facility is in violation\n> \"No Viol\" = No violation found\n> \"Unk\" = Unknown status\n> \"SNC/Cat 1\" = SNC/Category I violation found"
      },
      "response": [
        {
          "status": "OK",
          "code": 200,
          "name": "Response_200",
          "id": "a6216e7e-f16f-4bd1-84ec-92401fc6201c"
        }
      ]
    },
    {
      "id": "5a931a45-b035-4e58-87c9-ccf92a9e92c5",
      "name": "this-procedure-obtains-data-for-the-cwa-compliance-schedule-violations-section-of-the-dfr-",
      "request": {
        "url": "http://ofmpub.epa.gov/echo/dfr_rest_services.get_cwa_cs_compliance?No Name=%7B%7D",
        "method": "GET",
        "body": {
          "mode": "raw"
        },
        "description": "This procedure obtains data for the CWA Compliance Schedule Violations section of the DFR."
      },
      "response": [
        {
          "status": "OK",
          "code": 200,
          "name": "Response_200",
          "id": "4fee4c0d-e9c7-4deb-9ecf-e170c66f15a2"
        }
      ]
    },
    {
      "id": "deef16b1-e663-4160-9e36-09db0b012815",
      "name": "this-procedure-obtains-data-for-the-cwa-pollutant-discharge-section-located-in-the-three-year-compli",
      "request": {
        "url": "http://ofmpub.epa.gov/echo/dfr_rest_services.get_cwa_eff_alr?No Name=%7B%7D",
        "method": "GET",
        "body": {
          "mode": "raw"
        },
        "description": "This procedure obtains data for the CWA Pollutant Discharge section located in the Three Year Compliance Status by Quarter portion of the DFR."
      },
      "response": [
        {
          "status": "OK",
          "code": 200,
          "name": "Response_200",
          "id": "84a0ad96-c44d-4277-8da2-3833eabef0b2"
        }
      ]
    },
    {
      "id": "edcfb37b-5e11-4ab4-b39a-8f8303bf4d58",
      "name": "this-procedure-obtains-data-for-the-cwa-effluent-compliance-section-on-the-dfr---",
      "request": {
        "url": "http://ofmpub.epa.gov/echo/dfr_rest_services.get_cwa_eff_compliance?No Name=%7B%7D",
        "method": "GET",
        "body": {
          "mode": "raw"
        },
        "description": "This procedure obtains data for the CWA Effluent Compliance section on the DFR."
      },
      "response": [
        {
          "status": "OK",
          "code": 200,
          "name": "Response_200",
          "id": "cad02e00-8fbe-4988-845b-e7656a573a5d"
        }
      ]
    },
    {
      "id": "c828ee23-39ab-440f-a81d-faa9c972a8ef",
      "name": "this-procedure-obtains-data-for-the-cwa-permit-schedule-violations-section-of-the-dfr-",
      "request": {
        "url": "http://ofmpub.epa.gov/echo/dfr_rest_services.get_cwa_ps_compliance?No Name=%7B%7D",
        "method": "GET",
        "body": {
          "mode": "raw"
        },
        "description": "This procedure obtains data for the CWA Permit Schedule Violations section of the DFR."
      },
      "response": [
        {
          "status": "OK",
          "code": 200,
          "name": "Response_200",
          "id": "dbc3b6cd-ab6c-4827-a7ec-ff01c0ce5cf4"
        }
      ]
    },
    {
      "id": "cdbfe4b2-2c91-429d-966b-0a014ba9adf6",
      "name": "this-procedure-obtains-data-for-the-cwa-sncrnc-history-section-located-in-the-three-year-ompliance-s",
      "request": {
        "url": "http://ofmpub.epa.gov/echo/dfr_rest_services.get_cwa_rnc_compliance?No Name=%7B%7D",
        "method": "GET",
        "body": {
          "mode": "raw"
        },
        "description": "This procedure obtains data for the CWA SNC/RNC History section located in the Three Year ompliance Status by Quarter portion of the DFR. Valid Compliance Statuses are as follows.\n> S = SNC/Category I - an enforcement action has been issued, and the facility is not meeting its compliance schedule\n> E = SNC/Category I - effluent violations of monthly average limits (Technical Review Criteria and chronic)\n> X = SNC/Category I - effluent violations of non-monthly average limits (Technical Review Criteria and chronic)\n> T = SNC/Category I - compliance schedule reporting violation\n> D = SNC/Category I - reporting violation - nonreceipt of DMR\n> N = RNC/Category II - reportable non-compliance\n> P = Resolved Pending - an enforcement action has been issued, and facility compliance with the action is pending final completion\n> R = Resolved - the facility has returned to compliance with its permit conditions, either with or without issuance of an enforcement action\n> C = Not considered in RNC/SNC based on manual review of data by state or EPA region. This manual override status is also indicated by a superscripted \"m\".\n> Blank = Not considered in RNC/SNC\n> N/A = EPA's data system is not able to determine the facility-level compliance status based upon the information available. This information may be available from a state database."
      },
      "response": [
        {
          "status": "OK",
          "code": 200,
          "name": "Response_200",
          "id": "5a22a1f7-b815-46fd-84c3-d5e69ebff741"
        }
      ]
    },
    {
      "id": "38c2c2d7-aa97-459f-a019-03ae36ea6d02",
      "name": "this-procedure-obtains-data-for-the-cwa-single-event-violations-section-of-the-dfr-",
      "request": {
        "url": "http://ofmpub.epa.gov/echo/dfr_rest_services.get_cwa_se_compliance?No Name=%7B%7D",
        "method": "GET",
        "body": {
          "mode": "raw"
        },
        "description": "This procedure obtains data for the CWA Single Event Violations section of the DFR."
      },
      "response": [
        {
          "status": "OK",
          "code": 200,
          "name": "Response_200",
          "id": "36dd192c-41fe-4118-9bd4-d5045bf1e4d0"
        }
      ]
    },
    {
      "id": "a3a490e5-9068-4ec6-8a95-0f80c9da3052",
      "name": "returns-a-complex-object-with-demographics-from-the-2010-census-and-2010-american-community-survey-b",
      "request": {
        "url": "http://ofmpub.epa.gov/echo/dfr_rest_services.get_demographics?No Name=%7B%7D",
        "method": "GET",
        "body": {
          "mode": "raw"
        },
        "description": "Returns a complex object with Demographics from the 2010 Census and 2010 American Community Survey based on a 3 mile radius around the facility spatial coordinates."
      },
      "response": [
        {
          "status": "OK",
          "code": 200,
          "name": "Response_200",
          "id": "82913a75-5dca-4336-890c-aac4693f63c7"
        }
      ]
    },
    {
      "id": "81e1a052-f41d-401b-9b5a-7a7c410824a8",
      "name": "this-procedure-is-the-overall-service-for-the-detailed-facility-report--it-returns-all-of-the-data-d",
      "request": {
        "url": "http://ofmpub.epa.gov/echo/dfr_rest_services.get_dfr?No Name=%7B%7D",
        "method": "GET",
        "body": {
          "mode": "raw"
        },
        "description": "This procedure is the overall service for the Detailed Facility Report. It returns all of the data displayed in the DFR web report by invoking individual procedures that each return a targeted portion of the DFR."
      },
      "response": [
        {
          "status": "OK",
          "code": 200,
          "name": "Response_200",
          "id": "fcc81c19-4c0a-4fd5-836c-65c33f769bb2"
        }
      ]
    },
    {
      "id": "c29445ed-6a92-41b7-baa1-2d8da9a5ff10",
      "name": "this-procedure-obtains-data-for-the-enforcement-and-compliance-summary-in-the-facility-summary-secti",
      "request": {
        "url": "http://ofmpub.epa.gov/echo/dfr_rest_services.get_enforcement_summary?No Name=%7B%7D",
        "method": "GET",
        "body": {
          "mode": "raw"
        },
        "description": "This procedure obtains data for the Enforcement and Compliance Summary in the Facility Summary section of the Detailed Facility Report."
      },
      "response": [
        {
          "status": "OK",
          "code": 200,
          "name": "Response_200",
          "id": "67d5b0bf-5615-40d1-ab61-a220ae547841"
        }
      ]
    },
    {
      "id": "b6bf5b97-de4d-454a-a83a-e0a8aebe92be",
      "name": "this-procedure-obtains-data-for-the-formal-enforcement-actions-section-of-the-dfr-",
      "request": {
        "url": "http://ofmpub.epa.gov/echo/dfr_rest_services.get_formal_actions?No Name=%7B%7D",
        "method": "GET",
        "body": {
          "mode": "raw"
        },
        "description": "This procedure obtains data for the Formal Enforcement Actions section of the DFR."
      },
      "response": [
        {
          "status": "OK",
          "code": 200,
          "name": "Response_200",
          "id": "b73982b1-a5e7-4838-8d6b-90ece385d9a3"
        }
      ]
    },
    {
      "id": "15fddcbd-a64d-423a-9cc6-3990053fa138",
      "name": "this-procedure-obtains-data-for-the-integrated-compliance-information-system-formal-enforcement-acti",
      "request": {
        "url": "http://ofmpub.epa.gov/echo/dfr_rest_services.get_icis_formal_actions?No Name=%7B%7D",
        "method": "GET",
        "body": {
          "mode": "raw"
        },
        "description": "This procedure obtains data for the Integrated Compliance Information System, Formal Enforcement Actions section of the DFR."
      },
      "response": [
        {
          "status": "OK",
          "code": 200,
          "name": "Response_200",
          "id": "ec093033-23e3-40a0-93a5-354f581b27cb"
        }
      ]
    },
    {
      "id": "f422b27e-f22e-41e9-86a9-0b0a327b72cd",
      "name": "this-procedure-obtains-data-for-enforcement-and-compliance-summary-section-of-the-detailed-facility-",
      "request": {
        "url": "http://ofmpub.epa.gov/echo/dfr_rest_services.get_inspections?No Name=%7B%7D",
        "method": "GET",
        "body": {
          "mode": "raw"
        },
        "description": "This procedure obtains data for Enforcement and Compliance Summary Section of the Detailed Facility report."
      },
      "response": [
        {
          "status": "OK",
          "code": 200,
          "name": "Response_200",
          "id": "a2fea41b-61be-408f-b81f-7c15ae8da810"
        }
      ]
    },
    {
      "id": "17aa8f8a-ddbf-4a72-85af-96d4e3692329",
      "name": "returns-an-object-with-the-facilitys-latitude-and-longitude-coordinates-",
      "request": {
        "url": "http://ofmpub.epa.gov/echo/dfr_rest_services.get_map?No Name=%7B%7D",
        "method": "GET",
        "body": {
          "mode": "raw"
        },
        "description": "Returns an object with the facility's latitude and longitude coordinates."
      },
      "response": [
        {
          "status": "OK",
          "code": 200,
          "name": "Response_200",
          "id": "21b2ca82-3b6d-4f08-97a9-e0519d1ecb62"
        }
      ]
    },
    {
      "id": "94fc519f-64e0-4fa2-8dc8-545dd112fea8",
      "name": "this-procedure-obtains-data-for-the-facility-naics-codes-section-in-facilitysystem-characteristics-o",
      "request": {
        "url": "http://ofmpub.epa.gov/echo/dfr_rest_services.get_naics?No Name=%7B%7D",
        "method": "GET",
        "body": {
          "mode": "raw"
        },
        "description": "This procedure obtains data for the Facility NAICS Codes section in Facility/System Characteristics of the Detailed Facility Report."
      },
      "response": [
        {
          "status": "OK",
          "code": 200,
          "name": "Response_200",
          "id": "307fb4c8-868a-411c-9c59-74b09259f048"
        }
      ]
    },
    {
      "id": "ff1d1dea-e5b6-427c-ab51-ac265942eefc",
      "name": "this-procedure-obtains-data-for-the-permits-by-statute-section-of-the-dfr-",
      "request": {
        "url": "http://ofmpub.epa.gov/echo/dfr_rest_services.get_nnnPermits?No Name=%7B%7D",
        "method": "GET",
        "body": {
          "mode": "raw"
        },
        "description": "This procedure obtains data for the Permits by Statute section of the DFR."
      },
      "response": [
        {
          "status": "OK",
          "code": 200,
          "name": "Response_200",
          "id": "a57090b7-f3bb-4f36-af18-b53eb280a04c"
        }
      ]
    },
    {
      "id": "0582e558-0fbb-4abc-afd7-d03b5e434c26",
      "name": "this-procedure-obtains-data-for-the-noticesinformal-actions-section-of-the-dfr-",
      "request": {
        "url": "http://ofmpub.epa.gov/echo/dfr_rest_services.get_notices?No Name=%7B%7D",
        "method": "GET",
        "body": {
          "mode": "raw"
        },
        "description": "This procedure obtains data for the Notices/Informal Actions section of the DFR."
      },
      "response": [
        {
          "status": "OK",
          "code": 200,
          "name": "Response_200",
          "id": "266609d7-490d-4deb-a1a5-dccf5b608e52"
        }
      ]
    },
    {
      "id": "fa920d8e-775c-496e-8c89-ace91f0d945d",
      "name": "this-procedure-obtains-data-for-the-following-sections-of-the-detailed-facility-report--facility-inf",
      "request": {
        "url": "http://ofmpub.epa.gov/echo/dfr_rest_services.get_permits?No Name=%7B%7D",
        "method": "GET",
        "body": {
          "mode": "raw"
        },
        "description": "This procedure obtains data for the following sections of the Detailed Facility Report.\n> Facility Information (FRS) in the Facility Summary.\n> Regulatory Interests in the Facility Summary.\n> Also Reports in the Facility Summary.\n> Facility/System Characteristics in Facility/System Characteristics.\n> Facility Contact Information in Facility/System Characteristics.\n> Facility SIC Codes in Facility/System Characteristics section.\n> Facility NAICS Codes in Facility/System Characteristics section."
      },
      "response": [
        {
          "status": "OK",
          "code": 200,
          "name": "Response_200",
          "id": "8fc8db30-354f-44f5-a01c-24f4e915647f"
        }
      ]
    },
    {
      "id": "73d9f95d-11fc-4f03-86fe-39f3b911533e",
      "name": "this-procedure-obtains-data-for-the-rcra-compliance-section-of-the-dfr-",
      "request": {
        "url": "http://ofmpub.epa.gov/echo/dfr_rest_services.get_rcra_compliance?No Name=%7B%7D",
        "method": "GET",
        "body": {
          "mode": "raw"
        },
        "description": "This procedure obtains data for the RCRA Compliance section of the DFR."
      },
      "response": [
        {
          "status": "OK",
          "code": 200,
          "name": "Response_200",
          "id": "1907d371-2bcb-4f70-835a-05e1de7b5344"
        }
      ]
    },
    {
      "id": "79eb0e11-687f-45a7-8bfa-05655ea1c428",
      "name": "this-procedure-obtains-data-for-the-sdwa-lead-and-copper-rule-section-of-the-dfr-",
      "request": {
        "url": "http://ofmpub.epa.gov/echo/dfr_rest_services.get_sdwa_lead_and_copper?No Name=%7B%7D",
        "method": "GET",
        "body": {
          "mode": "raw"
        },
        "description": "This procedure obtains data for the SDWA, Lead and Copper Rule section of the DFR."
      },
      "response": [
        {
          "status": "OK",
          "code": 200,
          "name": "Response_200",
          "id": "ccc1d269-e26f-420f-a357-5af1539f977c"
        }
      ]
    },
    {
      "id": "a68b8375-5374-4865-98b1-97fd1c18e311",
      "name": "this-procedure-obtains-data-for-the-sdwa-sanitary-surveys-section-of-the-dfr-",
      "request": {
        "url": "http://ofmpub.epa.gov/echo/dfr_rest_services.get_sdwa_sanitary_surveys?No Name=%7B%7D",
        "method": "GET",
        "body": {
          "mode": "raw"
        },
        "description": "This procedure obtains data for the SDWA, Sanitary Surveys section of the DFR."
      },
      "response": [
        {
          "status": "OK",
          "code": 200,
          "name": "Response_200",
          "id": "3f626551-62f3-4ba7-9845-1cbd8f83908d"
        }
      ]
    },
    {
      "id": "9dad3a06-546e-471c-8ba0-d4d82d8a138c",
      "name": "this-procedure-obtains-data-for-the-sdwa-sanitary-site-visits-section-of-the-dfr-",
      "request": {
        "url": "http://ofmpub.epa.gov/echo/dfr_rest_services.get_sdwa_site_visits?No Name=%7B%7D",
        "method": "GET",
        "body": {
          "mode": "raw"
        },
        "description": "This procedure obtains data for the SDWA, Sanitary Site Visits section of the DFR."
      },
      "response": [
        {
          "status": "OK",
          "code": 200,
          "name": "Response_200",
          "id": "d6107ffd-4da7-4a5c-b4fd-49436cd3ff05"
        }
      ]
    },
    {
      "id": "d2cea818-6497-4d1f-b11d-17d09a450b97",
      "name": "this-procedure-obtains-data-for-the-sdwa-violations-section-of-the-dfr-",
      "request": {
        "url": "http://ofmpub.epa.gov/echo/dfr_rest_services.get_sdwa_violations?No Name=%7B%7D",
        "method": "GET",
        "body": {
          "mode": "raw"
        },
        "description": "This procedure obtains data for the SDWA Violations section of the DFR."
      },
      "response": [
        {
          "status": "OK",
          "code": 200,
          "name": "Response_200",
          "id": "5138d9ba-4506-4f20-af54-94cddd24721f"
        }
      ]
    },
    {
      "id": "aa81720f-ac27-4f35-a8e7-974e6f6d3441",
      "name": "this-procedure-obtains-data-for-the-sdwa-compliance-section-of-the-dfr-",
      "request": {
        "url": "http://ofmpub.epa.gov/echo/dfr_rest_services.get_sdwis_compliance?No Name=%7B%7D",
        "method": "GET",
        "body": {
          "mode": "raw"
        },
        "description": "This procedure obtains data for the SDWA Compliance section of the DFR."
      },
      "response": [
        {
          "status": "OK",
          "code": 200,
          "name": "Response_200",
          "id": "f7520a30-77a2-42f0-836a-3337bc3b7711"
        }
      ]
    },
    {
      "id": "073700db-a52e-4fee-a319-42122ec9391d",
      "name": "this-procedure-obtains-data-for-the-facility-sic-codes-section-in-facilitysystem-characteristics-of-",
      "request": {
        "url": "http://ofmpub.epa.gov/echo/dfr_rest_services.get_sic_codes?No Name=%7B%7D",
        "method": "GET",
        "body": {
          "mode": "raw"
        },
        "description": "This procedure obtains data for the Facility SIC Codes section in Facility/System Characteristics of the Detailed Facility Report."
      },
      "response": [
        {
          "status": "OK",
          "code": 200,
          "name": "Response_200",
          "id": "08adfc61-b184-4fda-8256-c393deb1b8bd"
        }
      ]
    },
    {
      "id": "1f73c9c5-ccf3-438d-99e1-32292e47f88d",
      "name": "returns-an-object-with-the-facility-coordinate-spatial-metadata-",
      "request": {
        "url": "http://ofmpub.epa.gov/echo/dfr_rest_services.get_spatial_metadata?No Name=%7B%7D",
        "method": "GET",
        "body": {
          "mode": "raw"
        },
        "description": "Returns an object with the facility coordinate spatial metadata."
      },
      "response": [
        {
          "status": "OK",
          "code": 200,
          "name": "Response_200",
          "id": "e3c5447b-83fa-4f4a-8280-0dfc0564a45b"
        }
      ]
    },
    {
      "id": "ea0d0886-e75f-42b6-b9ce-e46418038a14",
      "name": "this-procedure-obtains-data-for-the-tri-history-section-of-the-dfr-",
      "request": {
        "url": "http://ofmpub.epa.gov/echo/dfr_rest_services.get_tri_history?No Name=%7B%7D",
        "method": "GET",
        "body": {
          "mode": "raw"
        },
        "description": "This procedure obtains data for the TRI History section of the DFR."
      },
      "response": [
        {
          "status": "OK",
          "code": 200,
          "name": "Response_200",
          "id": "7ee3cc77-bd5b-4600-9e88-9f708b87356c"
        }
      ]
    },
    {
      "id": "4a3d92c1-ce45-4d69-9309-ae037ff7a5b7",
      "name": "this-procedrue-obtains-data-for-the-tri-releases-section-of-the-dfr-",
      "request": {
        "url": "http://ofmpub.epa.gov/echo/dfr_rest_services.get_tri_releases?No Name=%7B%7D",
        "method": "GET",
        "body": {
          "mode": "raw"
        },
        "description": "This procedrue obtains data for the TRI Releases section of the DFR."
      },
      "response": [
        {
          "status": "OK",
          "code": 200,
          "name": "Response_200",
          "id": "72c4de31-09ea-4531-bac5-e29a9c6ca03e"
        }
      ]
    },
    {
      "id": "4a845bcb-ab73-476f-a4ac-39f137db00f9",
      "name": "this-procedure-obtains-data-for-the-tribes-and-reservations-section-of-the-dfr-",
      "request": {
        "url": "http://ofmpub.epa.gov/echo/dfr_rest_services.get_tribes?No Name=%7B%7D",
        "method": "GET",
        "body": {
          "mode": "raw"
        },
        "description": "This procedure obtains data for the Tribes and Reservations section of the DFR."
      },
      "response": [
        {
          "status": "OK",
          "code": 200,
          "name": "Response_200",
          "id": "f629efc0-780e-4794-a92e-0f593e57f1ae"
        }
      ]
    },
    {
      "id": "1be06248-1004-4f6b-ad72-5d58664c27ad",
      "name": "this-procedure-obtains-data-for-the-water-quality-section-of-the-dfr-",
      "request": {
        "url": "http://ofmpub.epa.gov/echo/dfr_rest_services.get_water_quality?No Name=%7B%7D",
        "method": "GET",
        "body": {
          "mode": "raw"
        },
        "description": "This procedure obtains data for the Water Quality section of the DFR."
      },
      "response": [
        {
          "status": "OK",
          "code": 200,
          "name": "Response_200",
          "id": "b71a5bb4-76b9-4ffd-87e1-2c080e6cb640"
        }
      ]
    }
  ]
}