{
  "info": {
    "name": "U.S. EPA Enforcement and Compliance History Online (ECHO) - Effluent Charting and Reporting ECHO CWA Parameter Lookup Service",
    "_postman_id": "d30dc3ee-d5f9-4bab-93cd-36fbfeefec02",
    "description": "Look up Clean Water Act parameter codes and descriptions in the Integrated Compliance Information System - National Pollutant Discharge Elimination System (ICIS-NPDES) by code or term.",
    "schema": "https://schema.getpostman.com/json/collection/v2.0.0/"
  },
  "item": [
    {
      "id": "582a914e-c349-4be4-8adc-97d6b9604337",
      "name": "downloads-tabular-discharge-monitoring-report-dmr-and-compliance-data-for-one-npdes-permit-as-a-csv-",
      "request": {
        "url": "http://ofmpub.epa.gov/echo/eff_rest_services.download_effluent_chart?No Name=%7B%7D",
        "method": "GET",
        "body": {
          "mode": "raw"
        },
        "description": "Downloads tabular Discharge Monitoring Report (DMR) and compliance data for one NPDES permit as a CSV."
      },
      "response": [
        {
          "status": "OK",
          "code": 200,
          "name": "Response_200",
          "id": "6c897e0b-1511-4798-8277-27fdf179d34c"
        }
      ]
    },
    {
      "id": "62a20d14-b203-4ed8-b9b0-4e3005b19a19",
      "name": "discharge-monitoring-report-dmr-data-supporting-each-effluent-chart-for-one-npdes-permit--includes-d",
      "request": {
        "url": "http://ofmpub.epa.gov/echo/eff_rest_services.get_effluent_chart?No Name=%7B%7D",
        "method": "GET",
        "body": {
          "mode": "raw"
        },
        "description": "Discharge Monitoring Report (DMR) data supporting each effluent chart for one NPDES permit. Includes Discharge Monitoring Reports and NPDES Violations."
      },
      "response": [
        {
          "status": "OK",
          "code": 200,
          "name": "Response_200",
          "id": "5f73dc71-f2ce-464c-91e4-9666a840495d"
        }
      ]
    },
    {
      "id": "f2a3fa4d-6e0e-4f44-8581-b7a4dbf0d380",
      "name": "summary-of-compliance-status-each-outfall-and-parameter-for-one-npdes-permit--provides-the-current-c",
      "request": {
        "url": "http://ofmpub.epa.gov/echo/eff_rest_services.get_summary_chart?No Name=%7B%7D",
        "method": "GET",
        "body": {
          "mode": "raw"
        },
        "description": "Summary of compliance status each outfall and parameter for one NPDES permit. Provides the current compliance status and overall compliance status for the date range of interest. This service supports the Summary Matrix on the Effluent Charts."
      },
      "response": [
        {
          "status": "OK",
          "code": 200,
          "name": "Response_200",
          "id": "841f7ce0-73b2-4329-a9cd-9a68e2aca421"
        }
      ]
    },
    {
      "id": "1ed3098c-8ffa-433b-b1b2-353f149a9c83",
      "name": "look-up-clean-water-act-parameter-codes-and-descriptions-in-the-integrated-compliance-information-sy",
      "request": {
        "url": "http://ofmpub.epa.gov/echo/rest_lookups.cwa_parameters?No Name=%7B%7D",
        "method": "GET",
        "body": {
          "mode": "raw"
        },
        "description": "Look up Clean Water Act parameter codes and descriptions in the Integrated Compliance Information System - National Pollutant Discharge Elimination System (ICIS-NPDES) by code or term."
      },
      "response": [
        {
          "status": "OK",
          "code": 200,
          "name": "Response_200",
          "id": "494ea9a2-38ac-49c2-89cf-9cb27cfe15f1"
        }
      ]
    }
  ]
}