{
  "info": {
    "name": "Yahoo Weather ",
    "_postman_id": "cd187de4-f012-4522-af88-6bc326ccd3f2",
    "description": "Retrieves weather information for a location.",
    "schema": "https://schema.getpostman.com/json/collection/v2.0.0/"
  },
  "item": [
    {
      "id": "3a343db3-7b8d-4891-b9e6-131b35c5abca",
      "name": "Get_weather.get_",
      "request": {
        "url": "http://weather.yahooapis.com/forecastrss?u=%7B%7D&w=%7B%7D",
        "method": "GET",
        "body": {
          "mode": "raw"
        },
        "description": "Retrieves weather information for a location."
      },
      "response": [
        {
          "status": "OK",
          "code": 200,
          "name": "Response_200",
          "id": "14081ff5-69eb-49ff-aec5-b6c1e9c29c5c"
        }
      ]
    }
  ]
}