{
  "info": {
    "name": "Santander Bank Get Commercial Credit Cards",
    "_postman_id": "cc277ce5-eff3-4dd9-a053-7e0c73d5da75",
    "description": "This endpoint can contain multiple brands owned by a particular banking group. Each brand can own multiple SME Commercial Credit Card products.",
    "schema": "https://schema.getpostman.com/json/collection/v2.0.0/"
  },
  "item": [
    {
      "name": "commercial",
      "item": [
        {
          "id": "6158b8e6-01f6-4085-91cd-99bacaac5b49",
          "name": "getCommercialCreditCards",
          "request": {
            "url": "http://openapi.santander.co.uk/open-banking/v2.1/commercial-credit-cards/",
            "method": "GET",
            "body": {
              "mode": "raw"
            },
            "description": "This endpoint can contain multiple brands owned by a particular banking group"
          },
          "response": [
            {
              "status": "OK",
              "code": 200,
              "name": "Response_200",
              "id": "66ad3cc8-ef98-4513-97bb-5fd6e3eed317"
            }
          ]
        }
      ]
    }
  ]
}