{
  "info": {
    "name": "My Space Get Activities Personid Selector",
    "_postman_id": "2569479a-0391-489e-83b2-aa24c649e38a",
    "description": "Retrieves all activities for the user or for the friends of the viewer.",
    "schema": "https://schema.getpostman.com/json/collection/v2.0.0/"
  },
  "item": [
    {
      "name": "Activities",
      "item": [
        {
          "id": "c293c887-2cc3-4dba-9eab-01816e67fdde",
          "name": "1.0.activities.personId.selector.appId.get",
          "request": {
            "url": {
              "protocol": "http",
              "host": "api.myspace.com",
              "path": [
                "1.0/activities/:personId/:selector/:appId"
              ],
              "query": [
                {
                  "key": "count",
                  "value": "%7B%7D",
                  "disabled": false
                },
                {
                  "key": "fields",
                  "value": "%7B%7D",
                  "disabled": false
                },
                {
                  "key": "format",
                  "value": "%7B%7D",
                  "disabled": false
                },
                {
                  "key": "startIndex",
                  "value": "%7B%7D",
                  "disabled": false
                },
                {
                  "key": "updatedSince",
                  "value": "%7B%7D",
                  "disabled": false
                }
              ],
              "variable": [
                {
                  "id": "appId",
                  "value": "{}",
                  "type": "string"
                },
                {
                  "id": "personId",
                  "value": "{}",
                  "type": "string"
                },
                {
                  "id": "selector",
                  "value": "{}",
                  "type": "string"
                }
              ]
            },
            "method": "GET",
            "body": {
              "mode": "raw"
            },
            "description": "Retrieves activities created by an application."
          },
          "response": [
            {
              "status": "OK",
              "code": 200,
              "name": "Response_200",
              "id": "346cedc2-35c2-436d-abcd-6bf1a02f3bd3"
            }
          ]
        },
        {
          "id": "c4da80c7-ed25-44a2-b09f-d3ea50e98eac",
          "name": "1.0.activities._supportedObjectTypes.get",
          "request": {
            "url": "http://api.myspace.com/1.0/activities/@supportedObjectTypes?count=%7B%7D&fields=%7B%7D&format=%7B%7D&startIndex=%7B%7D&updatedSince=%7B%7D",
            "method": "GET",
            "body": {
              "mode": "raw"
            },
            "description": "Retrieves all supported object types."
          },
          "response": [
            {
              "status": "OK",
              "code": 200,
              "name": "Response_200",
              "id": "4c6e3571-a16b-431e-9bea-99a28dcd955c"
            }
          ]
        },
        {
          "id": "c221d35b-156d-451d-982a-d2222ac0e441",
          "name": "1.0.activities._supportedVerbs.get",
          "request": {
            "url": "http://api.myspace.com/1.0/activities/@supportedVerbs?count=%7B%7D&fields=%7B%7D&format=%7B%7D&startIndex=%7B%7D&updatedSince=%7B%7D",
            "method": "GET",
            "body": {
              "mode": "raw"
            },
            "description": "Retrieves all supported verbs."
          },
          "response": [
            {
              "status": "OK",
              "code": 200,
              "name": "Response_200",
              "id": "4322db36-b660-4940-a0d6-d11cda329330"
            }
          ]
        },
        {
          "id": "01e5de2c-a7c0-416c-a662-596d698beff5",
          "name": "1.0.activities._supportedFields.get",
          "request": {
            "url": "http://api.myspace.com/1.0/activities/@supportedFields?count=%7B%7D&fields=%7B%7D&format=%7B%7D&startIndex=%7B%7D&updatedSince=%7B%7D",
            "method": "GET",
            "body": {
              "mode": "raw"
            },
            "description": "Retrieves all supported fields."
          },
          "response": [
            {
              "status": "OK",
              "code": 200,
              "name": "Response_200",
              "id": "702d431f-482e-4e0d-b751-4677bf8bd03b"
            }
          ]
        },
        {
          "id": "f4dc670f-6270-42f6-81a6-4e35786ccb51",
          "name": "1.0.activities.personId._self.post",
          "request": {
            "url": {
              "protocol": "http",
              "host": "api.myspace.com",
              "path": [
                "1.0/activities/:personId/@self"
              ],
              "query": [
                {
                  "key": "Content-Type",
                  "value": "%7B%7D",
                  "disabled": false
                }
              ],
              "variable": [
                {
                  "id": "personId",
                  "value": "{}",
                  "type": "string"
                }
              ]
            },
            "method": "POST",
            "body": {
              "mode": "raw"
            },
            "description": "Creates an activity for the user."
          },
          "response": [
            {
              "status": "OK",
              "code": 200,
              "name": "Response_200",
              "id": "a396a48e-071f-49c5-8838-85238c47cab3"
            }
          ]
        },
        {
          "id": "ee5b9e3b-086a-486c-9184-03f2f608cddc",
          "name": "1.0.activities.personId.selector.get",
          "request": {
            "url": {
              "protocol": "http",
              "host": "api.myspace.com",
              "path": [
                "1.0/activities/:personId/:selector"
              ],
              "query": [
                {
                  "key": "count",
                  "value": "%7B%7D",
                  "disabled": false
                },
                {
                  "key": "fields",
                  "value": "%7B%7D",
                  "disabled": false
                },
                {
                  "key": "format",
                  "value": "%7B%7D",
                  "disabled": false
                },
                {
                  "key": "startIndex",
                  "value": "%7B%7D",
                  "disabled": false
                },
                {
                  "key": "updatedSince",
                  "value": "%7B%7D",
                  "disabled": false
                }
              ],
              "variable": [
                {
                  "id": "personId",
                  "value": "{}",
                  "type": "string"
                },
                {
                  "id": "selector",
                  "value": "{}",
                  "type": "string"
                }
              ]
            },
            "method": "GET",
            "body": {
              "mode": "raw"
            },
            "description": "Retrieves all activities for the user or for the friends of the viewer."
          },
          "response": [
            {
              "status": "OK",
              "code": 200,
              "name": "Response_200",
              "id": "f5265cc6-a913-474f-82f3-b7564391892c"
            }
          ]
        }
      ]
    }
  ]
}