{
  "info": {
    "name": "SalesLoft Fetch a user",
    "_postman_id": "52246588-d861-4071-9a3b-bac2fcc7da3a",
    "description": "Fetches a user, by ID only.",
    "schema": "https://schema.getpostman.com/json/collection/v2.0.0/"
  },
  "item": [
    {
      "name": "Sales",
      "item": [
        {
          "id": "774cb9ac-bf09-4904-bfdd-8f9eda0aaf09",
          "name": "v2.accounts.json.get",
          "request": {
            "url": "http://api.salesloft.com/v2/accounts.json?domain=%7B%7D&ids=%7B%7D&include_paging_counts=%7B%7D&page=%7B%7D&per_page=%7B%7D&sort_by=%7B%7D&sort_direction=%7B%7D&updated_at=%7B%7D",
            "method": "GET",
            "header": [
              {
                "key": "Accept",
                "value": "*/*",
                "disabled": false
              }
            ],
            "body": {
              "mode": "raw"
            },
            "description": "Fetches multiple account records. The records can be filtered, paged, and sorted according to\nthe respective parameters."
          },
          "response": [
            {
              "status": "OK",
              "code": 200,
              "name": "Response_200",
              "id": "ebed71a6-1ddd-45df-a3d8-2cfa5f6d275e"
            }
          ]
        },
        {
          "id": "a89702c7-8a3f-431a-9cbc-356d1d3956d3",
          "name": "v2.accounts.json.post",
          "request": {
            "url": "http://api.salesloft.com/v2/accounts.json",
            "method": "POST",
            "header": [
              {
                "key": "Accept",
                "value": "*/*",
                "disabled": false
              }
            ],
            "body": {
              "mode": "urlencoded",
              "urlencoded": [
                {
                  "key": "city",
                  "value": "{}",
                  "disabled": false,
                  "description": "City"
                },
                {
                  "key": "company_stage_id",
                  "value": "{}",
                  "disabled": false,
                  "description": "ID of the CompanyStage assigned to this Account"
                },
                {
                  "key": "company_type",
                  "value": "{}",
                  "disabled": false,
                  "description": "Type of the Accounts company"
                },
                {
                  "key": "conversational_name",
                  "value": "{}",
                  "disabled": false,
                  "description": "Conversational name of the Account"
                },
                {
                  "key": "country",
                  "value": "{}",
                  "disabled": false,
                  "description": "Country"
                },
                {
                  "key": "custom_fields",
                  "value": "{}",
                  "disabled": false,
                  "description": "Custom fields are defined by the users team"
                },
                {
                  "key": "description",
                  "value": "{}",
                  "disabled": false,
                  "description": "Description"
                },
                {
                  "key": "domain",
                  "value": "{}",
                  "disabled": false,
                  "description": "Website domain, not a fully qualified URI"
                },
                {
                  "key": "do_not_contact",
                  "value": "{}",
                  "disabled": false,
                  "description": "Whether this company can not be contacted"
                },
                {
                  "key": "founded",
                  "value": "{}",
                  "disabled": false,
                  "description": "Date or year of founding"
                },
                {
                  "key": "industry",
                  "value": "{}",
                  "disabled": false,
                  "description": "Industry"
                },
                {
                  "key": "linkedin_url",
                  "value": "{}",
                  "disabled": false,
                  "description": "Full LinkedIn url"
                },
                {
                  "key": "locale",
                  "value": "{}",
                  "disabled": false,
                  "description": "Time locale"
                },
                {
                  "key": "name",
                  "value": "{}",
                  "disabled": false,
                  "description": "Account Full Name"
                },
                {
                  "key": "owner_id",
                  "value": "{}",
                  "disabled": false,
                  "description": "ID of the User that owns this Account"
                },
                {
                  "key": "phone",
                  "value": "{}",
                  "disabled": false,
                  "description": "Phone number without formatting"
                },
                {
                  "key": "postal_code",
                  "value": "{}",
                  "disabled": false,
                  "description": "Postal code"
                },
                {
                  "key": "revenue_range",
                  "value": "{}",
                  "disabled": false,
                  "description": "Estimated revenue range"
                },
                {
                  "key": "size",
                  "value": "{}",
                  "disabled": false,
                  "description": "Estimated number of people in employment"
                },
                {
                  "key": "state",
                  "value": "{}",
                  "disabled": false,
                  "description": "State"
                },
                {
                  "key": "street",
                  "value": "{}",
                  "disabled": false,
                  "description": "Street name and number"
                },
                {
                  "key": "tags",
                  "value": "{}",
                  "disabled": false,
                  "description": "All tags applied to this Account"
                },
                {
                  "key": "twitter_handle",
                  "value": "{}",
                  "disabled": false,
                  "description": "Twitter handle, with @"
                },
                {
                  "key": "website",
                  "value": "{}",
                  "disabled": false,
                  "description": "Website"
                }
              ]
            },
            "description": "Creates an account.\n\n\"domain\" must be unique on the current team."
          },
          "response": [
            {
              "status": "OK",
              "code": 200,
              "name": "Response_200",
              "id": "ceb1c299-feb0-46d2-945f-510d00c971b4"
            }
          ]
        },
        {
          "id": "bdf86cc0-73d4-46da-99ce-7e273d3fefa7",
          "name": "v2.accounts.id.json.get",
          "request": {
            "url": {
              "protocol": "http",
              "host": "api.salesloft.com",
              "path": [
                "v2/accounts/:id.json"
              ],
              "variable": [
                {
                  "id": "id",
                  "value": "{}",
                  "type": "string"
                }
              ]
            },
            "method": "GET",
            "header": [
              {
                "key": "Accept",
                "value": "*/*",
                "disabled": false
              }
            ],
            "body": {
              "mode": "raw"
            },
            "description": "Fetches an account, by ID only."
          },
          "response": [
            {
              "status": "OK",
              "code": 200,
              "name": "Response_200",
              "id": "059fc21d-bfa1-49d3-a8ec-50fdbcc63261"
            }
          ]
        },
        {
          "id": "ca7d64c5-474e-447d-b31d-1421647577f1",
          "name": "v2.accounts.id.json.put",
          "request": {
            "url": {
              "protocol": "http",
              "host": "api.salesloft.com",
              "path": [
                "v2/accounts/:id.json"
              ],
              "variable": [
                {
                  "id": "id",
                  "value": "{}",
                  "type": "string"
                }
              ]
            },
            "method": "PUT",
            "header": [
              {
                "key": "Accept",
                "value": "*/*",
                "disabled": false
              }
            ],
            "body": {
              "mode": "urlencoded",
              "urlencoded": [
                {
                  "key": "city",
                  "value": "{}",
                  "disabled": false,
                  "description": "City"
                },
                {
                  "key": "company_stage_id",
                  "value": "{}",
                  "disabled": false,
                  "description": "ID of the CompanyStage assigned to this Account"
                },
                {
                  "key": "company_type",
                  "value": "{}",
                  "disabled": false,
                  "description": "Type of the Accounts company"
                },
                {
                  "key": "conversational_name",
                  "value": "{}",
                  "disabled": false,
                  "description": "Conversational name of the Account"
                },
                {
                  "key": "country",
                  "value": "{}",
                  "disabled": false,
                  "description": "Country"
                },
                {
                  "key": "custom_fields",
                  "value": "{}",
                  "disabled": false,
                  "description": "Custom fields are defined by the users team"
                },
                {
                  "key": "description",
                  "value": "{}",
                  "disabled": false,
                  "description": "Description"
                },
                {
                  "key": "domain",
                  "value": "{}",
                  "disabled": false,
                  "description": "Website domain, not a fully qualified URI"
                },
                {
                  "key": "do_not_contact",
                  "value": "{}",
                  "disabled": false,
                  "description": "Whether this company can not be contacted"
                },
                {
                  "key": "founded",
                  "value": "{}",
                  "disabled": false,
                  "description": "Date or year of founding"
                },
                {
                  "key": "industry",
                  "value": "{}",
                  "disabled": false,
                  "description": "Industry"
                },
                {
                  "key": "linkedin_url",
                  "value": "{}",
                  "disabled": false,
                  "description": "Full LinkedIn url"
                },
                {
                  "key": "locale",
                  "value": "{}",
                  "disabled": false,
                  "description": "Time locale"
                },
                {
                  "key": "name",
                  "value": "{}",
                  "disabled": false,
                  "description": "Account Full Name"
                },
                {
                  "key": "owner_id",
                  "value": "{}",
                  "disabled": false,
                  "description": "ID of the User that owns this Account"
                },
                {
                  "key": "phone",
                  "value": "{}",
                  "disabled": false,
                  "description": "Phone number without formatting"
                },
                {
                  "key": "postal_code",
                  "value": "{}",
                  "disabled": false,
                  "description": "Postal code"
                },
                {
                  "key": "revenue_range",
                  "value": "{}",
                  "disabled": false,
                  "description": "Estimated revenue range"
                },
                {
                  "key": "size",
                  "value": "{}",
                  "disabled": false,
                  "description": "Estimated number of people in employment"
                },
                {
                  "key": "state",
                  "value": "{}",
                  "disabled": false,
                  "description": "State"
                },
                {
                  "key": "street",
                  "value": "{}",
                  "disabled": false,
                  "description": "Street name and number"
                },
                {
                  "key": "tags",
                  "value": "{}",
                  "disabled": false,
                  "description": "All tags applied to this Account"
                },
                {
                  "key": "twitter_handle",
                  "value": "{}",
                  "disabled": false,
                  "description": "Twitter handle, with @"
                },
                {
                  "key": "website",
                  "value": "{}",
                  "disabled": false,
                  "description": "Website"
                }
              ]
            },
            "description": "Updates an account.\n\n\"domain\" must be unique on the current team."
          },
          "response": [
            {
              "status": "OK",
              "code": 200,
              "name": "Response_200",
              "id": "f8761d3a-7737-4127-85d8-ca32fc3559bf"
            }
          ]
        },
        {
          "id": "88bdc811-15bc-42b8-a4da-4853969e7552",
          "name": "v2.accounts.id.json.delete",
          "request": {
            "url": {
              "protocol": "http",
              "host": "api.salesloft.com",
              "path": [
                "v2/accounts/:id.json"
              ],
              "variable": [
                {
                  "id": "id",
                  "value": "{}",
                  "type": "string"
                }
              ]
            },
            "method": "DELETE",
            "header": [
              {
                "key": "Accept",
                "value": "*/*",
                "disabled": false
              }
            ],
            "body": {
              "mode": "raw"
            },
            "description": "Deletes an account. This operation is not reversible without contacting support.\nThis operation can be called multiple times successfully.\n\nDeleting an account will remove all connected people from that account."
          },
          "response": [
            {
              "status": "OK",
              "code": 200,
              "name": "Response_200",
              "id": "5ac72f3d-a4cd-4282-84e0-5d579a82443d"
            }
          ]
        },
        {
          "id": "d480aeba-a6da-4f3b-bbf8-2311fe432f24",
          "name": "v2.action_details.call_instructions.json.get",
          "request": {
            "url": "http://api.salesloft.com/v2/action_details/call_instructions.json?ids=%7B%7D&include_paging_counts=%7B%7D&page=%7B%7D&per_page=%7B%7D&sort_by=%7B%7D&sort_direction=%7B%7D",
            "method": "GET",
            "header": [
              {
                "key": "Accept",
                "value": "*/*",
                "disabled": false
              }
            ],
            "body": {
              "mode": "raw"
            },
            "description": "Fetches multiple call instruction records. The records can be filtered, paged, and sorted according to\nthe respective parameters."
          },
          "response": [
            {
              "status": "OK",
              "code": 200,
              "name": "Response_200",
              "id": "5c94e2ef-d7f3-4fc1-a8ed-d128040e28da"
            }
          ]
        },
        {
          "id": "6fcdb071-086b-4220-bef8-fcb74f87911b",
          "name": "v2.action_details.call_instructions.id.json.get",
          "request": {
            "url": {
              "protocol": "http",
              "host": "api.salesloft.com",
              "path": [
                "v2/action_details/call_instructions/:id.json"
              ],
              "variable": [
                {
                  "id": "id",
                  "value": "{}",
                  "type": "string"
                }
              ]
            },
            "method": "GET",
            "header": [
              {
                "key": "Accept",
                "value": "*/*",
                "disabled": false
              }
            ],
            "body": {
              "mode": "raw"
            },
            "description": "Fetches a call instruction, by ID only."
          },
          "response": [
            {
              "status": "OK",
              "code": 200,
              "name": "Response_200",
              "id": "720138bb-7b3e-48a4-b19f-4b09dcc0913f"
            }
          ]
        },
        {
          "id": "ae1d7058-05b9-43ba-8c43-2de54c843f95",
          "name": "v2.actions.json.get",
          "request": {
            "url": "http://api.salesloft.com/v2/actions.json?due_on=%7B%7D&ids=%7B%7D&include_paging_counts=%7B%7D&page=%7B%7D&per_page=%7B%7D&sort_by=%7B%7D&sort_direction=%7B%7D&step_id=%7B%7D&type=%7B%7D",
            "method": "GET",
            "header": [
              {
                "key": "Accept",
                "value": "*/*",
                "disabled": false
              }
            ],
            "body": {
              "mode": "raw"
            },
            "description": "Fetches multiple action records. The records can be filtered, paged, and sorted according to\nthe respective parameters. Only actions that are currently \"in_progess\" will be returned by\nthis endpoint."
          },
          "response": [
            {
              "status": "OK",
              "code": 200,
              "name": "Response_200",
              "id": "95f40310-2781-465e-a363-d789b3414a1d"
            }
          ]
        },
        {
          "id": "c62303e0-a283-4c3e-93f7-1c335c17ad20",
          "name": "v2.actions.id.json.get",
          "request": {
            "url": {
              "protocol": "http",
              "host": "api.salesloft.com",
              "path": [
                "v2/actions/:id.json"
              ],
              "variable": [
                {
                  "id": "id",
                  "value": "{}",
                  "type": "string"
                }
              ]
            },
            "method": "GET",
            "header": [
              {
                "key": "Accept",
                "value": "*/*",
                "disabled": false
              }
            ],
            "body": {
              "mode": "raw"
            },
            "description": "Fetches an action, by ID only.\nThis endpoint will only return actions that are in_progress or pending_activity.\nOnce an action is complete, the request for that action will return a 404 status code."
          },
          "response": [
            {
              "status": "OK",
              "code": 200,
              "name": "Response_200",
              "id": "ec358d21-315c-4a26-8bc1-65a02ba10543"
            }
          ]
        },
        {
          "id": "0da8aa7a-f1b8-4ebb-884d-a0224dbda883",
          "name": "v2.activities.calls.json.get",
          "request": {
            "url": "http://api.salesloft.com/v2/activities/calls.json?ids=%7B%7D&include_paging_counts=%7B%7D&page=%7B%7D&per_page=%7B%7D&sort_by=%7B%7D&sort_direction=%7B%7D&updated_at=%7B%7D",
            "method": "GET",
            "header": [
              {
                "key": "Accept",
                "value": "*/*",
                "disabled": false
              }
            ],
            "body": {
              "mode": "raw"
            },
            "description": "Fetches multiple call records. The records can be filtered, paged, and sorted according to\nthe respective parameters."
          },
          "response": [
            {
              "status": "OK",
              "code": 200,
              "name": "Response_200",
              "id": "5f6b5bd1-8523-414e-b2ed-1bf4d22bae48"
            }
          ]
        },
        {
          "id": "e341c6c3-d12b-4397-8921-9005629b0507",
          "name": "v2.activities.calls.id.json.get",
          "request": {
            "url": {
              "protocol": "http",
              "host": "api.salesloft.com",
              "path": [
                "v2/activities/calls/:id.json"
              ],
              "variable": [
                {
                  "id": "id",
                  "value": "{}",
                  "type": "string"
                }
              ]
            },
            "method": "GET",
            "header": [
              {
                "key": "Accept",
                "value": "*/*",
                "disabled": false
              }
            ],
            "body": {
              "mode": "raw"
            },
            "description": "Fetches a call, by ID only."
          },
          "response": [
            {
              "status": "OK",
              "code": 200,
              "name": "Response_200",
              "id": "6db64100-7b2c-4a61-b830-a180f28e9e73"
            }
          ]
        },
        {
          "id": "270aa492-64c2-4bb7-b73a-0d9f27e9e5ab",
          "name": "v2.activities.emails.json.get",
          "request": {
            "url": "http://api.salesloft.com/v2/activities/emails.json?bounced=%7B%7D&ids=%7B%7D&include_paging_counts=%7B%7D&page=%7B%7D&per_page=%7B%7D&sort_by=%7B%7D&sort_direction=%7B%7D&updated_at=%7B%7D",
            "method": "GET",
            "header": [
              {
                "key": "Accept",
                "value": "*/*",
                "disabled": false
              }
            ],
            "body": {
              "mode": "raw"
            },
            "description": "Fetches multiple email records. The records can be filtered, paged, and sorted according to\nthe respective parameters."
          },
          "response": [
            {
              "status": "OK",
              "code": 200,
              "name": "Response_200",
              "id": "1d057c76-c475-41ee-9672-be9d058a5b5f"
            }
          ]
        },
        {
          "id": "1018a1c2-b0b2-4078-b2d9-f34d3b779068",
          "name": "v2.activities.emails.id.json.get",
          "request": {
            "url": {
              "protocol": "http",
              "host": "api.salesloft.com",
              "path": [
                "v2/activities/emails/:id.json"
              ],
              "variable": [
                {
                  "id": "id",
                  "value": "{}",
                  "type": "string"
                }
              ]
            },
            "method": "GET",
            "header": [
              {
                "key": "Accept",
                "value": "*/*",
                "disabled": false
              }
            ],
            "body": {
              "mode": "raw"
            },
            "description": "Fetches an email, by ID only."
          },
          "response": [
            {
              "status": "OK",
              "code": 200,
              "name": "Response_200",
              "id": "0770c6b1-315c-4837-aada-d8f246e6881e"
            }
          ]
        },
        {
          "id": "195f5e2a-3e48-475b-a0a5-ffa17c09a114",
          "name": "v2.cadence_memberships.json.get",
          "request": {
            "url": "http://api.salesloft.com/v2/cadence_memberships.json?cadence_id=%7B%7D&ids=%7B%7D&include_paging_counts=%7B%7D&page=%7B%7D&person_id=%7B%7D&per_page=%7B%7D&sort_by=%7B%7D&sort_direction=%7B%7D&updated_at=%7B%7D",
            "method": "GET",
            "header": [
              {
                "key": "Accept",
                "value": "*/*",
                "disabled": false
              }
            ],
            "body": {
              "mode": "raw"
            },
            "description": "Fetches multiple cadence membership records. The records can be filtered, paged, and sorted according to\nthe respective parameters. A cadence membership is the association between a person and their current and\nhistorical time on a cadence. Cadence membership records are mutable and change over time. If a person is\nadded to a cadence and re-added to the same cadence in the future, there is a single membership record."
          },
          "response": [
            {
              "status": "OK",
              "code": 200,
              "name": "Response_200",
              "id": "e3520dfb-e0f7-4bab-b25f-8967bc22bb9c"
            }
          ]
        },
        {
          "id": "c193218a-722e-407d-88c6-06c490c5f435",
          "name": "v2.cadence_memberships.json.post",
          "request": {
            "url": "http://api.salesloft.com/v2/cadence_memberships.json?cadence_id=%7B%7D&person_id=%7B%7D&user_id=%7B%7D",
            "method": "POST",
            "header": [
              {
                "key": "Accept",
                "value": "*/*",
                "disabled": false
              }
            ],
            "body": {
              "mode": "raw"
            },
            "description": "Adds a person to a cadence. person_id and cadence_id are required, and must be visible to the authenticated user. user_id will\ndefault to the authenticated user, but can be set to any visible user on the authenticated team.\n\nA person cannot be added to a cadence on behalf of a teammate unless the cadence is a team cadence, or the cadence is owned by\nthe teammate."
          },
          "response": [
            {
              "status": "OK",
              "code": 200,
              "name": "Response_200",
              "id": "9346f408-db77-4299-b5fe-b43b198f0731"
            }
          ]
        },
        {
          "id": "223d8f14-847c-4cb8-85ba-24c02ab86ea7",
          "name": "v2.cadence_memberships.id.json.get",
          "request": {
            "url": {
              "protocol": "http",
              "host": "api.salesloft.com",
              "path": [
                "v2/cadence_memberships/:id.json"
              ],
              "variable": [
                {
                  "id": "id",
                  "value": "{}",
                  "type": "string"
                }
              ]
            },
            "method": "GET",
            "header": [
              {
                "key": "Accept",
                "value": "*/*",
                "disabled": false
              }
            ],
            "body": {
              "mode": "raw"
            },
            "description": "Fetches a cadence membership, by ID only."
          },
          "response": [
            {
              "status": "OK",
              "code": 200,
              "name": "Response_200",
              "id": "a1cf6a38-541c-48f7-8d1f-a7924f486cc6"
            }
          ]
        },
        {
          "id": "32e41e23-abf2-4980-9d17-57f96543da7c",
          "name": "v2.cadence_memberships.id.json.delete",
          "request": {
            "url": {
              "protocol": "http",
              "host": "api.salesloft.com",
              "path": [
                "v2/cadence_memberships/:id.json"
              ],
              "variable": [
                {
                  "id": "id",
                  "value": "{}",
                  "type": "string"
                }
              ]
            },
            "method": "DELETE",
            "header": [
              {
                "key": "Accept",
                "value": "*/*",
                "disabled": false
              }
            ],
            "body": {
              "mode": "raw"
            },
            "description": "Delete a cadence membership"
          },
          "response": [
            {
              "status": "OK",
              "code": 200,
              "name": "Response_200",
              "id": "971f3bb9-b6be-49f7-81bc-80bf9acdd54e"
            }
          ]
        },
        {
          "id": "acea50e1-be68-4e3f-b7ce-4672fb7084fa",
          "name": "v2.cadences.json.get",
          "request": {
            "url": "http://api.salesloft.com/v2/cadences.json?ids=%7B%7D&include_paging_counts=%7B%7D&page=%7B%7D&per_page=%7B%7D&sort_by=%7B%7D&sort_direction=%7B%7D&team_cadence=%7B%7D&updated_at=%7B%7D",
            "method": "GET",
            "header": [
              {
                "key": "Accept",
                "value": "*/*",
                "disabled": false
              }
            ],
            "body": {
              "mode": "raw"
            },
            "description": "Fetches multiple cadence records. The records can be filtered, paged, and sorted according to\nthe respective parameters."
          },
          "response": [
            {
              "status": "OK",
              "code": 200,
              "name": "Response_200",
              "id": "1b466736-6379-4f00-a693-f7fcc85e6daf"
            }
          ]
        },
        {
          "id": "cf43faaf-9226-464b-8c51-12321385bd1c",
          "name": "v2.cadences.id.json.get",
          "request": {
            "url": {
              "protocol": "http",
              "host": "api.salesloft.com",
              "path": [
                "v2/cadences/:id.json"
              ],
              "variable": [
                {
                  "id": "id",
                  "value": "{}",
                  "type": "string"
                }
              ]
            },
            "method": "GET",
            "header": [
              {
                "key": "Accept",
                "value": "*/*",
                "disabled": false
              }
            ],
            "body": {
              "mode": "raw"
            },
            "description": "Fetches a cadence, by ID only."
          },
          "response": [
            {
              "status": "OK",
              "code": 200,
              "name": "Response_200",
              "id": "f11c3309-dc9e-4150-b58a-b1169bf8a61f"
            }
          ]
        },
        {
          "id": "f0af3f82-e08d-4b8e-8973-c437a1312f6e",
          "name": "v2.call_data_records.json.get",
          "request": {
            "url": "http://api.salesloft.com/v2/call_data_records.json?has_call=%7B%7D&ids=%7B%7D&include_paging_counts=%7B%7D&page=%7B%7D&per_page=%7B%7D&sort_by=%7B%7D&sort_direction=%7B%7D&updated_at=%7B%7D",
            "method": "GET",
            "header": [
              {
                "key": "Accept",
                "value": "*/*",
                "disabled": false
              }
            ],
            "body": {
              "mode": "raw"
            },
            "description": "Fetches multiple call data records. The records can be filtered, paged, and sorted according to\nthe respective parameters.\n\nCall data records are records of all inbound and outbound calls through SalesLoft. A call data record may\nbe associated with a call, but does not have to be."
          },
          "response": [
            {
              "status": "OK",
              "code": 200,
              "name": "Response_200",
              "id": "99593cf6-e67f-41fd-bffb-ebf770762c3e"
            }
          ]
        },
        {
          "id": "8a045936-2f87-41e1-8317-321fda5b575b",
          "name": "v2.call_data_records.id.json.get",
          "request": {
            "url": {
              "protocol": "http",
              "host": "api.salesloft.com",
              "path": [
                "v2/call_data_records/:id.json"
              ],
              "variable": [
                {
                  "id": "id",
                  "value": "{}",
                  "type": "string"
                }
              ]
            },
            "method": "GET",
            "header": [
              {
                "key": "Accept",
                "value": "*/*",
                "disabled": false
              }
            ],
            "body": {
              "mode": "raw"
            },
            "description": "Fetches a call data record, by ID only."
          },
          "response": [
            {
              "status": "OK",
              "code": 200,
              "name": "Response_200",
              "id": "53471e3a-b2bc-454f-8e84-1e8b1ff02f8c"
            }
          ]
        },
        {
          "id": "1179b4d0-9ded-4747-b9e9-edc9b86bc87c",
          "name": "v2.crm_activities.json.get",
          "request": {
            "url": "http://api.salesloft.com/v2/crm_activities.json?ids=%7B%7D&include_paging_counts=%7B%7D&page=%7B%7D&per_page=%7B%7D&sort_by=%7B%7D&sort_direction=%7B%7D&updated_at=%7B%7D",
            "method": "GET",
            "header": [
              {
                "key": "Accept",
                "value": "*/*",
                "disabled": false
              }
            ],
            "body": {
              "mode": "raw"
            },
            "description": "Fetches multiple crm activity records. The records can be filtered, paged, and sorted according to\nthe respective parameters."
          },
          "response": [
            {
              "status": "OK",
              "code": 200,
              "name": "Response_200",
              "id": "57462f04-b6ca-40da-8f18-40e5072a083a"
            }
          ]
        },
        {
          "id": "977b4cdd-44b0-4655-8ef0-21e498eb33ff",
          "name": "v2.crm_activities.id.json.get",
          "request": {
            "url": {
              "protocol": "http",
              "host": "api.salesloft.com",
              "path": [
                "v2/crm_activities/:id.json"
              ],
              "variable": [
                {
                  "id": "id",
                  "value": "{}",
                  "type": "string"
                }
              ]
            },
            "method": "GET",
            "header": [
              {
                "key": "Accept",
                "value": "*/*",
                "disabled": false
              }
            ],
            "body": {
              "mode": "raw"
            },
            "description": "Fetches a crm activity, by ID only."
          },
          "response": [
            {
              "status": "OK",
              "code": 200,
              "name": "Response_200",
              "id": "331501b6-d9d4-46f0-b6d1-85007eeaf556"
            }
          ]
        },
        {
          "id": "6a15f9d4-c074-4efe-8773-8c171948f8d1",
          "name": "v2.custom_fields.json.get",
          "request": {
            "url": "http://api.salesloft.com/v2/custom_fields.json?field_type=%7B%7D&ids=%7B%7D&include_paging_counts=%7B%7D&page=%7B%7D&per_page=%7B%7D&sort_by=%7B%7D&sort_direction=%7B%7D",
            "method": "GET",
            "header": [
              {
                "key": "Accept",
                "value": "*/*",
                "disabled": false
              }
            ],
            "body": {
              "mode": "raw"
            },
            "description": "Fetches multiple custom field records. The records can be filtered, paged, and sorted according to\nthe respective parameters."
          },
          "response": [
            {
              "status": "OK",
              "code": 200,
              "name": "Response_200",
              "id": "e8910302-44a3-415c-b5da-97ab3d9d7c7d"
            }
          ]
        },
        {
          "id": "51531493-715b-4c4c-99f2-f7d22b5e9d57",
          "name": "v2.custom_fields.json.post",
          "request": {
            "url": "http://api.salesloft.com/v2/custom_fields.json",
            "method": "POST",
            "header": [
              {
                "key": "Accept",
                "value": "*/*",
                "disabled": false
              }
            ],
            "body": {
              "mode": "urlencoded",
              "urlencoded": [
                {
                  "key": "field_type",
                  "value": "{}",
                  "disabled": false,
                  "description": "The field type of the custom field"
                },
                {
                  "key": "name",
                  "value": "{}",
                  "disabled": false,
                  "description": "The name of the custom field"
                }
              ]
            },
            "description": "Creates a custom field."
          },
          "response": [
            {
              "status": "OK",
              "code": 200,
              "name": "Response_200",
              "id": "e2e1552d-18ca-4732-9a9f-bdb7ac2dfbf0"
            }
          ]
        },
        {
          "id": "7674bf45-b790-4a72-a68e-454241a886da",
          "name": "v2.custom_fields.id.json.get",
          "request": {
            "url": {
              "protocol": "http",
              "host": "api.salesloft.com",
              "path": [
                "v2/custom_fields/:id.json"
              ],
              "variable": [
                {
                  "id": "id",
                  "value": "{}",
                  "type": "string"
                }
              ]
            },
            "method": "GET",
            "header": [
              {
                "key": "Accept",
                "value": "*/*",
                "disabled": false
              }
            ],
            "body": {
              "mode": "raw"
            },
            "description": "Fetches a custom field, by ID only."
          },
          "response": [
            {
              "status": "OK",
              "code": 200,
              "name": "Response_200",
              "id": "43261f44-eb33-49bb-a11b-fe52739d85c7"
            }
          ]
        },
        {
          "id": "caab0624-1e14-4ce9-ad23-0f857fb432ed",
          "name": "v2.custom_fields.id.json.put",
          "request": {
            "url": {
              "protocol": "http",
              "host": "api.salesloft.com",
              "path": [
                "v2/custom_fields/:id.json"
              ],
              "variable": [
                {
                  "id": "id",
                  "value": "{}",
                  "type": "string"
                }
              ]
            },
            "method": "PUT",
            "header": [
              {
                "key": "Accept",
                "value": "*/*",
                "disabled": false
              }
            ],
            "body": {
              "mode": "urlencoded",
              "urlencoded": [
                {
                  "key": "field_type",
                  "value": "{}",
                  "disabled": false,
                  "description": "The field type of the custom field"
                },
                {
                  "key": "name",
                  "value": "{}",
                  "disabled": false,
                  "description": "The name of the custom field"
                }
              ]
            },
            "description": "Update a custom field."
          },
          "response": [
            {
              "status": "OK",
              "code": 200,
              "name": "Response_200",
              "id": "18886444-e81c-41b4-86f9-fb1efbf0d374"
            }
          ]
        },
        {
          "id": "ba92984d-84d6-4b1d-bfa1-caefc29fddc2",
          "name": "v2.custom_fields.id.json.delete",
          "request": {
            "url": {
              "protocol": "http",
              "host": "api.salesloft.com",
              "path": [
                "v2/custom_fields/:id.json"
              ],
              "variable": [
                {
                  "id": "id",
                  "value": "{}",
                  "type": "string"
                }
              ]
            },
            "method": "DELETE",
            "header": [
              {
                "key": "Accept",
                "value": "*/*",
                "disabled": false
              }
            ],
            "body": {
              "mode": "raw"
            },
            "description": "Deletes a custom field."
          },
          "response": [
            {
              "status": "OK",
              "code": 200,
              "name": "Response_200",
              "id": "bd6c943f-2572-42e1-8dc8-97035650f370"
            }
          ]
        },
        {
          "id": "64a6b4e8-c3e3-4441-b008-39f3cac80f23",
          "name": "v2.email_templates.json.get",
          "request": {
            "url": "http://api.salesloft.com/v2/email_templates.json?ids=%7B%7D&include_paging_counts=%7B%7D&linked_to_team_template=%7B%7D&page=%7B%7D&per_page=%7B%7D&sort_by=%7B%7D&sort_direction=%7B%7D&updated_at=%7B%7D",
            "method": "GET",
            "header": [
              {
                "key": "Accept",
                "value": "*/*",
                "disabled": false
              }
            ],
            "body": {
              "mode": "raw"
            },
            "description": "Fetches multiple email template records. The records can be filtered, paged, and sorted according to\nthe respective parameters."
          },
          "response": [
            {
              "status": "OK",
              "code": 200,
              "name": "Response_200",
              "id": "3b9cbd48-1473-4cfe-90f2-b2e1215b7899"
            }
          ]
        },
        {
          "id": "99e321ab-5995-4725-83db-59dae7a7fbb0",
          "name": "v2.email_templates.id.json.get",
          "request": {
            "url": {
              "protocol": "http",
              "host": "api.salesloft.com",
              "path": [
                "v2/email_templates/:id.json"
              ],
              "variable": [
                {
                  "id": "id",
                  "value": "{}",
                  "type": "string"
                }
              ]
            },
            "method": "GET",
            "header": [
              {
                "key": "Accept",
                "value": "*/*",
                "disabled": false
              }
            ],
            "body": {
              "mode": "raw"
            },
            "description": "Fetches an email template, by ID only."
          },
          "response": [
            {
              "status": "OK",
              "code": 200,
              "name": "Response_200",
              "id": "216cc3a3-8dc3-43c3-b31c-735fe7157032"
            }
          ]
        },
        {
          "id": "665ad294-21d8-4d2e-926e-b2de5d0df366",
          "name": "v2.imports.json.get",
          "request": {
            "url": "http://api.salesloft.com/v2/imports.json?ids=%7B%7D&include_paging_counts=%7B%7D&page=%7B%7D&per_page=%7B%7D&sort_by=%7B%7D&sort_direction=%7B%7D&user_ids=%7B%7D",
            "method": "GET",
            "header": [
              {
                "key": "Accept",
                "value": "*/*",
                "disabled": false
              }
            ],
            "body": {
              "mode": "raw"
            },
            "description": "Fetches multiple imports."
          },
          "response": [
            {
              "status": "OK",
              "code": 200,
              "name": "Response_200",
              "id": "b2fdf0a1-4af2-470a-b0f0-3c0a3abb7277"
            }
          ]
        },
        {
          "id": "5a0afe98-6c76-4db6-b50a-7d684a6d5c67",
          "name": "v2.imports.json.post",
          "request": {
            "url": "http://api.salesloft.com/v2/imports.json",
            "method": "POST",
            "header": [
              {
                "key": "Accept",
                "value": "*/*",
                "disabled": false
              }
            ],
            "body": {
              "mode": "urlencoded",
              "urlencoded": [
                {
                  "key": "name",
                  "value": "{}",
                  "disabled": false,
                  "description": "Name, recommended to be easily identifiable to a user"
                },
                {
                  "key": "user_id",
                  "value": "{}",
                  "disabled": false,
                  "description": "ID of the User that owns this Import"
                }
              ]
            },
            "description": "Creates an import."
          },
          "response": [
            {
              "status": "OK",
              "code": 200,
              "name": "Response_200",
              "id": "f657ccbd-3f22-4403-aa24-0e338c4813e9"
            }
          ]
        },
        {
          "id": "11cc7e19-c178-4731-87d2-1ec244505dc7",
          "name": "v2.imports.id.json.get",
          "request": {
            "url": {
              "protocol": "http",
              "host": "api.salesloft.com",
              "path": [
                "v2/imports/:id.json"
              ],
              "variable": [
                {
                  "id": "id",
                  "value": "{}",
                  "type": "string"
                }
              ]
            },
            "method": "GET",
            "header": [
              {
                "key": "Accept",
                "value": "*/*",
                "disabled": false
              }
            ],
            "body": {
              "mode": "raw"
            },
            "description": "Fetches an import, by ID only.\n\nAdmin users can access imports for the entire team, but non-admin users can only access their own imports."
          },
          "response": [
            {
              "status": "OK",
              "code": 200,
              "name": "Response_200",
              "id": "c02def2d-4725-4639-a572-b688ca7af505"
            }
          ]
        },
        {
          "id": "1483fc12-c710-480f-9d50-5614463fad9c",
          "name": "v2.imports.id.json.put",
          "request": {
            "url": {
              "protocol": "http",
              "host": "api.salesloft.com",
              "path": [
                "v2/imports/:id.json"
              ],
              "variable": [
                {
                  "id": "id",
                  "value": "{}",
                  "type": "string"
                }
              ]
            },
            "method": "PUT",
            "header": [
              {
                "key": "Accept",
                "value": "*/*",
                "disabled": false
              }
            ],
            "body": {
              "mode": "urlencoded",
              "urlencoded": [
                {
                  "key": "name",
                  "value": "{}",
                  "disabled": false,
                  "description": "Name, recommended to be easily identifiable to a user"
                },
                {
                  "key": "user_id",
                  "value": "{}",
                  "disabled": false,
                  "description": "ID of the User that owns this Import"
                }
              ]
            },
            "description": "Updates an import, by ID only.\n\nAdmin users can access imports for the entire team, but non-admin users can only access their own imports."
          },
          "response": [
            {
              "status": "OK",
              "code": 200,
              "name": "Response_200",
              "id": "da13cf6b-6c3b-4266-b774-174b5873db74"
            }
          ]
        },
        {
          "id": "89ab62c5-5089-49d6-aab2-f46b816b80e5",
          "name": "v2.imports.id.json.delete",
          "request": {
            "url": {
              "protocol": "http",
              "host": "api.salesloft.com",
              "path": [
                "v2/imports/:id.json"
              ],
              "query": [
                {
                  "key": "undo",
                  "value": "%7B%7D",
                  "disabled": false
                }
              ],
              "variable": [
                {
                  "id": "id",
                  "value": "{}",
                  "type": "string"
                }
              ]
            },
            "method": "DELETE",
            "header": [
              {
                "key": "Accept",
                "value": "*/*",
                "disabled": false
              }
            ],
            "body": {
              "mode": "raw"
            },
            "description": "Deletes an import, by ID only. The associated people can be deleted as part of the deletion process.\n\nAdmin users can access imports for the entire team, but non-admin users can only access their own imports."
          },
          "response": [
            {
              "status": "OK",
              "code": 200,
              "name": "Response_200",
              "id": "87fbaf4b-38f9-4628-9c92-0b7b7503c06f"
            }
          ]
        },
        {
          "id": "b59bd40c-d005-477f-920b-133dbba755a4",
          "name": "v2.me.json.get",
          "request": {
            "url": "http://api.salesloft.com/v2/me.json",
            "method": "GET",
            "header": [
              {
                "key": "Accept",
                "value": "*/*",
                "disabled": false
              }
            ],
            "body": {
              "mode": "raw"
            },
            "description": "Authenticated user information. This endpoint does not accept any parameters as it is\nrepresents your authenticated user. The \"Users\" resource provides user information\nfor other users on the team."
          },
          "response": [
            {
              "status": "OK",
              "code": 200,
              "name": "Response_200",
              "id": "f097e746-f27f-4c55-9041-3bd01b50d2ce"
            }
          ]
        },
        {
          "id": "eae25020-47e4-4f82-9417-6fe9d0765e8a",
          "name": "v2.notes.json.get",
          "request": {
            "url": "http://api.salesloft.com/v2/notes.json?associated_with_id=%7B%7D&associated_with_type=%7B%7D&ids=%7B%7D&include_paging_counts=%7B%7D&page=%7B%7D&per_page=%7B%7D&sort_by=%7B%7D&sort_direction=%7B%7D&updated_at=%7B%7D",
            "method": "GET",
            "header": [
              {
                "key": "Accept",
                "value": "*/*",
                "disabled": false
              }
            ],
            "body": {
              "mode": "raw"
            },
            "description": "Fetches multiple note records. The records can be filtered, paged, and sorted according to\nthe respective parameters."
          },
          "response": [
            {
              "status": "OK",
              "code": 200,
              "name": "Response_200",
              "id": "fda6961f-9428-4bb5-b0eb-073b150dc065"
            }
          ]
        },
        {
          "id": "780c4e45-2c12-4fe9-81de-5d467f584a37",
          "name": "v2.notes.json.post",
          "request": {
            "url": "http://api.salesloft.com/v2/notes.json",
            "method": "POST",
            "header": [
              {
                "key": "Accept",
                "value": "*/*",
                "disabled": false
              }
            ],
            "body": {
              "mode": "urlencoded",
              "urlencoded": [
                {
                  "key": "associated_with_id",
                  "value": "{}",
                  "disabled": false,
                  "description": "ID of the item with which the note is associated"
                },
                {
                  "key": "associated_with_type",
                  "value": "{}",
                  "disabled": false,
                  "description": "Case insensitive type of item with which the note is associated"
                },
                {
                  "key": "call_id",
                  "value": "{}",
                  "disabled": false,
                  "description": "ID of the call with which the note is associated"
                },
                {
                  "key": "content",
                  "value": "{}",
                  "disabled": false,
                  "description": "The content of the note"
                },
                {
                  "key": "skip_crm_sync",
                  "value": "{}",
                  "disabled": false,
                  "description": "Boolean indicating if the CRM sync should be skipped"
                }
              ]
            },
            "description": "Creates a note."
          },
          "response": [
            {
              "status": "OK",
              "code": 200,
              "name": "Response_200",
              "id": "74ca2605-1fcf-4132-bead-2ad413df4f41"
            }
          ]
        },
        {
          "id": "8a826342-e5dd-4693-b370-731bda360abb",
          "name": "v2.notes.id.json.get",
          "request": {
            "url": {
              "protocol": "http",
              "host": "api.salesloft.com",
              "path": [
                "v2/notes/:id.json"
              ],
              "variable": [
                {
                  "id": "id",
                  "value": "{}",
                  "type": "string"
                }
              ]
            },
            "method": "GET",
            "header": [
              {
                "key": "Accept",
                "value": "*/*",
                "disabled": false
              }
            ],
            "body": {
              "mode": "raw"
            },
            "description": "Fetches a note, by ID only."
          },
          "response": [
            {
              "status": "OK",
              "code": 200,
              "name": "Response_200",
              "id": "626e8b1c-c612-4277-9d49-76be9822e5a6"
            }
          ]
        },
        {
          "id": "2140a547-1784-4cea-8b76-c4caa7b6400f",
          "name": "v2.notes.id.json.put",
          "request": {
            "url": {
              "protocol": "http",
              "host": "api.salesloft.com",
              "path": [
                "v2/notes/:id.json"
              ],
              "variable": [
                {
                  "id": "id",
                  "value": "{}",
                  "type": "string"
                }
              ]
            },
            "method": "PUT",
            "header": [
              {
                "key": "Accept",
                "value": "*/*",
                "disabled": false
              }
            ],
            "body": {
              "mode": "urlencoded",
              "urlencoded": [
                {
                  "key": "call_id",
                  "value": "{}",
                  "disabled": false,
                  "description": "ID of the call with which the note is associated"
                },
                {
                  "key": "content",
                  "value": "{}",
                  "disabled": false,
                  "description": "The content of the note"
                }
              ]
            },
            "description": "Updates a note. Any changes to the note or associated records will not reflect in Salesforce.com."
          },
          "response": [
            {
              "status": "OK",
              "code": 200,
              "name": "Response_200",
              "id": "d37670c3-3347-4e2f-8cb0-5970b8fb807f"
            }
          ]
        },
        {
          "id": "a6904561-04ad-4779-bb4e-36f131c16e87",
          "name": "v2.people.json.get",
          "request": {
            "url": "http://api.salesloft.com/v2/people.json?email_addresses=%7B%7D&ids=%7B%7D&include_paging_counts=%7B%7D&page=%7B%7D&per_page=%7B%7D&sort_by=%7B%7D&sort_direction=%7B%7D&updated_at=%7B%7D",
            "method": "GET",
            "header": [
              {
                "key": "Accept",
                "value": "*/*",
                "disabled": false
              }
            ],
            "body": {
              "mode": "raw"
            },
            "description": "Fetches multiple person records. The records can be filtered, paged, and sorted according to\nthe respective parameters."
          },
          "response": [
            {
              "status": "OK",
              "code": 200,
              "name": "Response_200",
              "id": "93eea35c-0d80-47a2-a246-4a865e6df651"
            }
          ]
        },
        {
          "id": "4fb2d678-d558-42a8-aa8e-071c8a5064b6",
          "name": "v2.people.json.post",
          "request": {
            "url": "http://api.salesloft.com/v2/people.json",
            "method": "POST",
            "header": [
              {
                "key": "Accept",
                "value": "*/*",
                "disabled": false
              }
            ],
            "body": {
              "mode": "urlencoded",
              "urlencoded": [
                {
                  "key": "account_id",
                  "value": "{}",
                  "disabled": false,
                  "description": "ID of the Account to link this person to"
                },
                {
                  "key": "autotag_date",
                  "value": "{}",
                  "disabled": false,
                  "description": "Whether the date should be added to this person as a tag"
                },
                {
                  "key": "city",
                  "value": "{}",
                  "disabled": false,
                  "description": "City"
                },
                {
                  "key": "country",
                  "value": "{}",
                  "disabled": false,
                  "description": "Country"
                },
                {
                  "key": "custom_fields",
                  "value": "{}",
                  "disabled": false,
                  "description": "Custom fields are defined by the users team"
                },
                {
                  "key": "do_not_contact",
                  "value": "{}",
                  "disabled": false,
                  "description": "Whether this person can not be contacted"
                },
                {
                  "key": "email_address",
                  "value": "{}",
                  "disabled": false,
                  "description": "Email address"
                },
                {
                  "key": "first_name",
                  "value": "{}",
                  "disabled": false,
                  "description": "First name"
                },
                {
                  "key": "home_phone",
                  "value": "{}",
                  "disabled": false,
                  "description": "Home phone without formatting"
                },
                {
                  "key": "import_id",
                  "value": "{}",
                  "disabled": false,
                  "description": "ID of the Import this person is a part of"
                },
                {
                  "key": "last_name",
                  "value": "{}",
                  "disabled": false,
                  "description": "Last name"
                },
                {
                  "key": "linkedin_url",
                  "value": "{}",
                  "disabled": false,
                  "description": "Linkedin URL"
                },
                {
                  "key": "locale",
                  "value": "{}",
                  "disabled": false,
                  "description": "Time locale of the person"
                },
                {
                  "key": "mobile_phone",
                  "value": "{}",
                  "disabled": false,
                  "description": "Mobile phone without formatting"
                },
                {
                  "key": "owner_id",
                  "value": "{}",
                  "disabled": false,
                  "description": "ID of the User that owns this person"
                },
                {
                  "key": "personal_email_address",
                  "value": "{}",
                  "disabled": false,
                  "description": "Personal email address"
                },
                {
                  "key": "personal_website",
                  "value": "{}",
                  "disabled": false,
                  "description": "The website of this person"
                },
                {
                  "key": "person_company_industry",
                  "value": "{}",
                  "disabled": false,
                  "description": "Company industry"
                },
                {
                  "key": "person_company_name",
                  "value": "{}",
                  "disabled": false,
                  "description": "Company name"
                },
                {
                  "key": "person_company_website",
                  "value": "{}",
                  "disabled": false,
                  "description": "Company website"
                },
                {
                  "key": "person_stage_id",
                  "value": "{}",
                  "disabled": false,
                  "description": "ID of the PersonStage of this person"
                },
                {
                  "key": "phone",
                  "value": "{}",
                  "disabled": false,
                  "description": "Phone without formatting"
                },
                {
                  "key": "phone_extension",
                  "value": "{}",
                  "disabled": false,
                  "description": "Phone extension without formatting"
                },
                {
                  "key": "secondary_email_address",
                  "value": "{}",
                  "disabled": false,
                  "description": "Alternate email address"
                },
                {
                  "key": "state",
                  "value": "{}",
                  "disabled": false,
                  "description": "State"
                },
                {
                  "key": "tags",
                  "value": "{}",
                  "disabled": false,
                  "description": "All tags applied to this person"
                },
                {
                  "key": "title",
                  "value": "{}",
                  "disabled": false,
                  "description": "Job title"
                },
                {
                  "key": "twitter_handle",
                  "value": "{}",
                  "disabled": false,
                  "description": "The twitter handle of this person"
                },
        