{
  "info": {
    "name": "Speaker Text Retrieve Transcription",
    "_postman_id": "ccf9e721-a251-447b-a1a2-99db4ff9f8f6",
    "description": "This method is used to retrieve the results of SpeakerText transcriptions.",
    "schema": "https://schema.getpostman.com/json/collection/v2.0.0/"
  },
  "item": [
    {
      "name": "Transcripts",
      "item": [
        {
          "id": "5fd372ae-6afd-4c34-9b0d-1f3a29a59665",
          "name": "postTranscripts",
          "request": {
            "url": "http://api.speakertext.com/v1/transcripts?pingback_url=%7B%7D&sources=%7B%7D",
            "method": "POST",
            "body": {
              "mode": "raw"
            },
            "description": "This method is used to initiate one or more SpeakerText transcriptions."
          },
          "response": [
            {
              "status": "OK",
              "code": 200,
              "name": "Response_200",
              "id": "81e9f2fd-ac9a-4a93-987a-4ca320a766c1"
            }
          ]
        },
        {
          "id": "97848ffd-1926-4531-8f1b-ec04a5e9f07c",
          "name": "getTranscripts",
          "request": {
            "url": {
              "protocol": "http",
              "host": "api.speakertext.com",
              "path": [
                "v1",
                "transcripts/:id"
              ],
              "query": [
                {
                  "key": "format",
                  "value": "%7B%7D",
                  "disabled": false
                }
              ],
              "variable": [
                {
                  "id": "id",
                  "value": "{}",
                  "type": "string"
                }
              ]
            },
            "method": "GET",
            "body": {
              "mode": "raw"
            },
            "description": "This method is used to retrieve the results of SpeakerText transcriptions."
          },
          "response": [
            {
              "status": "OK",
              "code": 200,
              "name": "Response_200",
              "id": "0f003dbf-2529-4abd-a9df-6437593d7557"
            }
          ]
        }
      ]
    }
  ]
}