{
  "info": {
    "name": "Box Car Subscribe to Provider",
    "_postman_id": "19bfab3a-8b6e-4f3b-a9dc-8fe6fa11def2",
    "description": "This sends the user with the matching e-mail address a push notification which requests that they add your service. This will ease integration with your website, as you will have already registered them on your system and can identify whom they are based on their Boxcar e-mail address. Please note, this API call is an exception and will return an HTTP status code of 404 if we are unable to find the registered user by e-mail in our system. If the email address is not found in our system, we'll send an email to it letting the user know where they can download Boxcar. If the user has already added your service, we'll return an HTTP status code of 401.",
    "schema": "https://schema.getpostman.com/json/collection/v2.0.0/"
  },
  "item": [
    {
      "name": "Notifications",
      "item": [
        {
          "id": "a4ccd5d4-487c-4ca5-9bdd-d5afeb797b58",
          "name": "Create_subscribeToProvider_",
          "request": {
            "url": "http://boxcar.io/devices/providers/%7Bprovider_key%7D/notifications/subscribe?email=%7B%7D&provider_key=%7B%7D",
            "method": "POST",
            "body": {
              "mode": "raw"
            },
            "description": "This sends the user with the matching e-mail address a push notification which requests that they add your service. This will ease integration with your website, as you will have already registered them on your system and can identify whom they are based on their Boxcar e-mail address. Please note, this API call is an exception and will return an HTTP status code of 404 if we are unable to find the registered user by e-mail in our system. If the email address is not found in our system, we'll send an email to it letting the user know where they can download Boxcar. If the user has already added your service, we'll return an HTTP status code of 401."
          },
          "response": [
            {
              "status": "OK",
              "code": 200,
              "name": "Response_200",
              "id": "b9ec9a6b-78cf-49ae-b9d7-6fe906ae5f63"
            }
          ]
        }
      ]
    }
  ]
}