{
  "info": {
    "name": "Org Hunter Get summary data!",
    "_postman_id": "e25773a0-728f-4439-8e6c-17d8c648d650",
    "description": "This operation provides summary data.",
    "schema": "https://schema.getpostman.com/json/collection/v2.0.0/"
  },
  "item": [
    {
      "name": "Charity",
      "item": [
        {
          "id": "e11359ee-e270-4a7d-a050-01c3f5f7eeae",
          "name": "postV1Categories",
          "request": {
            "url": "http://data.orghunter.com/v1/categories",
            "method": "POST",
            "body": {
              "mode": "raw"
            },
            "description": "This operation provides a list of categories."
          },
          "response": [
            {
              "status": "OK",
              "code": 200,
              "name": "Response_200",
              "id": "ff14be05-6f4e-48ab-b550-37c34266f005"
            }
          ]
        },
        {
          "id": "3662de8d-d8f6-477a-9160-3048029e39d0",
          "name": "postV1Charitybasic",
          "request": {
            "url": "http://data.orghunter.com/v1/charitybasic?ein=%7B%7D",
            "method": "POST",
            "body": {
              "mode": "raw"
            },
            "description": "This operation detail data."
          },
          "response": [
            {
              "status": "OK",
              "code": 200,
              "name": "Response_200",
              "id": "ea086664-d831-407f-8783-ef166ce6d17c"
            }
          ]
        },
        {
          "id": "be1af3b8-31e6-4cba-b2ed-e046171e4d17",
          "name": "postV1Charityfinancial",
          "request": {
            "url": "http://data.orghunter.com/v1/charityfinancial?ein=%7B%7D",
            "method": "POST",
            "body": {
              "mode": "raw"
            },
            "description": "This operation detail data."
          },
          "response": [
            {
              "status": "OK",
              "code": 200,
              "name": "Response_200",
              "id": "fd571262-6293-475a-85b4-cbbe3ceb27cc"
            }
          ]
        },
        {
          "id": "447ca871-f45f-4254-a792-2b6e70d6a719",
          "name": "postV1Charitygeolocation",
          "request": {
            "url": "http://data.orghunter.com/v1/charitygeolocation?ein=%7B%7D",
            "method": "POST",
            "body": {
              "mode": "raw"
            },
            "description": "This operation detail data."
          },
          "response": [
            {
              "status": "OK",
              "code": 200,
              "name": "Response_200",
              "id": "5d5eba7d-a551-449b-8daf-19c842ad2e81"
            }
          ]
        },
        {
          "id": "20f21a54-3bd2-489d-a626-f002e40e03ae",
          "name": "postV1Charitypremium",
          "request": {
            "url": "http://data.orghunter.com/v1/charitypremium?ein=%7B%7D",
            "method": "POST",
            "body": {
              "mode": "raw"
            },
            "description": "This operation detail data."
          },
          "response": [
            {
              "status": "OK",
              "code": 200,
              "name": "Response_200",
              "id": "e408d602-2666-4c50-9329-5c8c40c9844d"
            }
          ]
        },
        {
          "id": "db37ce46-4d9f-4b61-b993-8be1449b7789",
          "name": "postV1Charitysearch",
          "request": {
            "url": "http://data.orghunter.com/v1/charitysearch?category=%7B%7D&city=%7B%7D&ein=%7B%7D&eligible=%7B%7D&rows=%7B%7D&searchTerm=%7B%7D&start=%7B%7D&state=%7B%7D&zipCode=%7B%7D",
            "method": "POST",
            "body": {
              "mode": "raw"
            },
            "description": "This operation provides summary data."
          },
          "response": [
            {
              "status": "OK",
              "code": 200,
              "name": "Response_200",
              "id": "887a160c-8ce4-4973-931a-31550be64e8e"
            }
          ]
        }
      ]
    }
  ]
}