{
  "info": {
    "name": "Barchart API Get Close Price",
    "_postman_id": "45199ffc-18ba-4ec7-a49d-d5662da7f553",
    "description": "Get the close price for given instruments for the given date.",
    "schema": "https://schema.getpostman.com/json/collection/v2.0.0/"
  },
  "item": [
    {
      "name": "Quotes",
      "item": [
        {
          "id": "6abe3f9a-87dd-459e-9314-9c02174f97aa",
          "name": "getQuote",
          "request": {
            "url": "http://marketdata.websol.barchart.com/getQuote.json?symbols=symbols",
            "method": "GET",
            "body": {
              "mode": "raw"
            },
            "description": "The getQuote API is used to request price data, either real-time, delayed or end-of-day, by symbol. In addition to Last Price or Settlement, other fields such as Open, High, Low, Close, Bid, Ask, 52-week high and low, and more are available."
          },
          "response": [
            {
              "status": "OK",
              "code": 200,
              "name": "Response_200",
              "id": "092a96c2-c952-4138-ab56-ab42e2f65b4f"
            }
          ]
        }
      ]
    },
    {
      "name": "Equities",
      "item": [
        {
          "id": "9c4c100d-628d-47db-9fdf-b9147b94c6f4",
          "name": "getEquitiesByExchange",
          "request": {
            "url": "http://marketdata.websol.barchart.com/getEquitiesByExchange.json?symbols=symbols",
            "method": "GET",
            "body": {
              "mode": "raw"
            },
            "description": "Receive all real-time or delayed stock and/or index price data by exchange through a single onDemand query."
          },
          "response": [
            {
              "status": "OK",
              "code": 200,
              "name": "Response_200",
              "id": "cb9cd05f-bf6e-4709-bb04-1624260c4309"
            }
          ]
        }
      ]
    },
    {
      "name": "Futures",
      "item": [
        {
          "id": "7225d983-4c0b-460a-8b94-102043686cfc",
          "name": "getFuturesByExchange",
          "request": {
            "url": "http://marketdata.websol.barchart.com/getFuturesByExchange.json",
            "method": "GET",
            "body": {
              "mode": "raw"
            },
            "description": "Receive all real-time or delayed, or end-of-day Futures data by exchange through a single onDemand query."
          },
          "response": [
            {
              "status": "OK",
              "code": 200,
              "name": "Response_200",
              "id": "2bd71593-f2b1-4fc5-ac03-054c9c849793"
            }
          ]
        }
      ]
    },
    {
      "name": "Stocks",
      "item": [
        {
          "id": "e93aecae-56fa-40fc-a06c-4ae360d2a320",
          "name": "getClosePrice",
          "request": {
            "url": "http://marketdata.websol.barchart.com/getClosePrice.json?symbols=symbols",
            "method": "GET",
            "body": {
              "mode": "raw"
            },
            "description": "Get the close price for given instruments for the given date."
          },
          "response": [
            {
              "status": "OK",
              "code": 200,
              "name": "Response_200",
              "id": "1ea02c2c-b9b1-4f94-94ef-b4a01d289147"
            }
          ]
        }
      ]
    }
  ]
}