{
  "info": {
    "name": "Product Hunt Get Categories",
    "_postman_id": "13c86241-b6bb-4749-8503-4711b4120120",
    "description": "Get categories.",
    "schema": "https://schema.getpostman.com/json/collection/v2.0.0/"
  },
  "item": [
    {
      "name": "Categories",
      "item": [
        {
          "id": "b48f2c40-d301-44ad-b5a2-483c372e38e6",
          "name": "getCategoriesCategoryAdds",
          "request": {
            "url": {
              "protocol": "http",
              "host": "api.producthunt.com",
              "path": [
                "v1",
                "categories/:category/posts"
              ],
              "query": [
                {
                  "key": "days_ago",
                  "value": "%7B%7D",
                  "disabled": false
                }
              ],
              "variable": [
                {
                  "id": "category",
                  "value": "{}",
                  "type": "string"
                }
              ]
            },
            "method": "GET",
            "body": {
              "mode": "raw"
            },
            "description": "Get categories."
          },
          "response": [
            {
              "status": "OK",
              "code": 200,
              "name": "Response_200",
              "id": "87be8a5a-a7c2-4398-925d-f16c31f12e81"
            }
          ]
        }
      ]
    }
  ]
}