{
  "info": {
    "name": "Nexmo SMS API Send Message",
    "_postman_id": "c877efcf-cf14-43bb-a1ca-e3fcfe4a7b7e",
    "description": "Nexmo makes it simple to send and receive a high volume of SMS anywhere in the world within minutes.",
    "schema": "https://schema.getpostman.com/json/collection/v2.0.0/"
  },
  "item": [
    {
      "name": "Messaging",
      "item": [
        {
          "id": "ed004b81-653f-4793-a774-d734eb4463ec",
          "name": "sendMessage",
          "request": {
            "url": {
              "protocol": "http",
              "host": "rest.nexmo.com",
              "path": [
                "sms/:format"
              ],
              "query": [
                {
                  "key": "api_key",
                  "value": "%7B%7D",
                  "disabled": false
                },
                {
                  "key": "api_secret",
                  "value": "%7B%7D",
                  "disabled": false
                },
                {
                  "key": "client-ref",
                  "value": "%7B%7D",
                  "disabled": false
                },
                {
                  "key": "from",
                  "value": "%7B%7D",
                  "disabled": false
                },
                {
                  "key": "message-class",
                  "value": "%7B%7D",
                  "disabled": false
                },
                {
                  "key": "network-code",
                  "value": "%7B%7D",
                  "disabled": false
                },
                {
                  "key": "status-report-req",
                  "value": "%7B%7D",
                  "disabled": false
                },
                {
                  "key": "text",
                  "value": "%7B%7D",
                  "disabled": false
                },
                {
                  "key": "to",
                  "value": "%7B%7D",
                  "disabled": false
                },
                {
                  "key": "ttl",
                  "value": "%7B%7D",
                  "disabled": false
                },
                {
                  "key": "type_of_media",
                  "value": "%7B%7D",
                  "disabled": false
                },
                {
                  "key": "vcard",
                  "value": "%7B%7D",
                  "disabled": false
                }
              ],
              "variable": [
                {
                  "id": "format",
                  "value": "{}",
                  "type": "string"
                }
              ]
            },
            "method": "GET",
            "body": {
              "mode": "raw"
            },
            "description": "Nexmo makes it simple to send and receive a high volume of SMS anywhere in the world within minutes."
          },
          "response": [
            {
              "status": "OK",
              "code": 200,
              "name": "Response_200",
              "id": "d7999b29-1384-44e5-bb92-7ebda9f39ba1"
            }
          ]
        }
      ]
    }
  ]
}